food_id,date,meal_type,food_item,quantity_prepared,quantity_sold,quantity_wasted,cost_per_unit,total_cost,food_waste_percentage,sold_percentage,waste_cost
FOOD000001,2026-01-01,Breakfast,Dal,69,51,11,57.31,3954.42,15.942028985507244,73.91304347826086,630.4100000000001
FOOD000002,2026-01-01,Breakfast,Chicken Curry,240,221,14,61.02,14645.0,5.833333333333333,92.08333333333333,854.2800000000001
FOOD000003,2026-01-01,Breakfast,Idli,67,56,11,71.8,4810.39,16.417910447761194,83.5820895522388,789.8
FOOD000004,2026-01-01,Breakfast,Rice,126,98,21,48.58,6121.45,16.666666666666664,77.77777777777779,1020.18
FOOD000005,2026-01-01,Lunch,Rice,162,130,31,74.28,12033.46,19.1358024691358,80.24691358024691,2302.68
FOOD000006,2026-01-01,Lunch,Fried Rice,240,222,11,37.5,8999.3,4.583333333333333,92.5,412.5
FOOD000007,2026-01-01,Lunch,Dosa,198,184,12,25.34,5016.88,6.0606060606060606,92.92929292929293,304.08
FOOD000008,2026-01-01,Lunch,Noodles,158,130,23,51.59,8151.04,14.556962025316455,82.27848101265823,1186.5700000000002
FOOD000009,2026-01-01,Snacks,Rice,56,43,10,77.15,4320.39,17.857142857142858,76.78571428571429,771.5
FOOD000010,2026-01-01,Snacks,Noodles,235,186,46,40.64,9551.42,19.574468085106382,79.14893617021276,1869.44
FOOD000011,2026-01-01,Snacks,Idli,186,157,27,28.1,5225.93,14.516129032258066,84.40860215053763,758.7
FOOD000012,2026-01-01,Snacks,Fried Rice,223,193,30,76.7,17104.78,13.452914798206278,86.54708520179372,2301.0
FOOD000013,2026-01-01,Dinner,Dal,228,204,18,32.66,7445.46,7.894736842105263,89.47368421052632,587.8799999999999
FOOD000014,2026-01-01,Dinner,Rice,179,149,30,79.74,14273.1,16.75977653631285,83.24022346368714,2392.2
FOOD000015,2026-01-01,Dinner,Curd Rice,88,74,8,55.28,4864.95,9.090909090909092,84.0909090909091,442.24
FOOD000016,2026-01-01,Dinner,Noodles,110,96,13,70.94,7803.52,11.818181818181818,87.27272727272727,922.22
FOOD000017,2026-01-02,Breakfast,Dosa,94,85,5,61.05,5739.09,5.319148936170213,90.42553191489363,305.25
FOOD000018,2026-01-02,Breakfast,Rice,51,41,3,52.99,2702.62,5.88235294117647,80.3921568627451,158.97
FOOD000019,2026-01-02,Breakfast,Biryani,71,64,7,52.78,3747.21,9.859154929577464,90.14084507042254,369.46000000000004
FOOD000020,2026-01-02,Breakfast,Dal,60,54,2,68.99,4139.39,3.3333333333333335,90.0,137.98
FOOD000021,2026-01-02,Lunch,Dal,143,115,25,31.3,4476.14,17.482517482517483,80.41958041958041,782.5
FOOD000022,2026-01-02,Lunch,Rice,53,48,4,78.82,4177.52,7.547169811320755,90.56603773584906,315.28
FOOD000023,2026-01-02,Lunch,Sambar,139,113,25,33.61,4672.06,17.985611510791365,81.29496402877699,840.25
FOOD000024,2026-01-02,Lunch,Noodles,244,194,44,75.01,18302.31,18.0327868852459,79.50819672131148,3300.44
FOOD000025,2026-01-02,Snacks,Noodles,65,55,4,22.61,1469.44,6.153846153846154,84.61538461538461,90.44
FOOD000026,2026-01-02,Snacks,Rice,59,52,5,16.56,977.13,8.47457627118644,88.13559322033898,82.8
FOOD000027,2026-01-02,Snacks,Idli,200,175,18,55.27,11053.37,9.0,87.5,994.86
FOOD000028,2026-01-02,Snacks,Vegetable Curry,186,168,17,44.67,8307.87,9.13978494623656,90.32258064516128,759.39
FOOD000029,2026-01-02,Dinner,Chicken Curry,149,143,6,43.05,6414.48,4.026845637583892,95.9731543624161,258.29999999999995
FOOD000030,2026-01-02,Dinner,Sambar,122,105,10,71.93,8775.1,8.19672131147541,86.0655737704918,719.3000000000001
FOOD000031,2026-01-02,Dinner,Chapati,232,216,14,64.21,14896.08,6.0344827586206895,93.10344827586206,898.9399999999999
FOOD000032,2026-01-02,Dinner,Idli,139,126,11,35.64,4954.41,7.913669064748201,90.64748201438849,392.04
FOOD000033,2026-01-03,Breakfast,Curd Rice,116,107,7,28.84,3345.34,6.0344827586206895,92.24137931034483,201.88
FOOD000034,2026-01-03,Breakfast,Dal,205,166,35,39.88,8174.55,17.073170731707318,80.97560975609757,1395.8000000000002
FOOD000035,2026-01-03,Breakfast,Chicken Curry,159,140,14,59.65,9484.44,8.80503144654088,88.0503144654088,835.1
FOOD000036,2026-01-03,Breakfast,Vegetable Curry,170,139,31,25.28,4297.79,18.235294117647058,81.76470588235294,783.6800000000001
FOOD000037,2026-01-03,Lunch,Vegetable Curry,136,118,14,71.32,9699.52,10.294117647058822,86.76470588235294,998.4799999999999
FOOD000038,2026-01-03,Lunch,Sambar,117,94,16,42.18,4935.15,13.675213675213676,80.34188034188034,674.88
FOOD000039,2026-01-03,Lunch,Rice,221,179,35,78.17,17274.63,15.837104072398189,80.99547511312217,2735.9500000000003
FOOD000040,2026-01-03,Lunch,Dosa,71,62,8,69.9,4962.96,11.267605633802818,87.32394366197182,559.2
FOOD000041,2026-01-03,Snacks,Chicken Curry,136,119,16,32.63,4437.8,11.76470588235294,87.5,522.08
FOOD000042,2026-01-03,Snacks,Dal,137,125,10,25.72,3524.16,7.2992700729927,91.24087591240875,257.2
FOOD000043,2026-01-03,Snacks,Noodles,155,126,29,71.95,11152.98,18.70967741935484,81.29032258064515,2086.55
FOOD000044,2026-01-03,Snacks,Dosa,96,88,6,51.32,4926.81,6.25,91.66666666666666,307.92
FOOD000045,2026-01-03,Dinner,Chapati,82,70,9,76.06,6236.74,10.975609756097562,85.36585365853658,684.54
FOOD000046,2026-01-03,Dinner,Biryani,75,66,8,33.65,2524.1,10.666666666666668,88.0,269.2
FOOD000047,2026-01-03,Dinner,Fried Rice,184,143,36,42.64,7845.12,19.565217391304348,77.71739130434783,1535.04
FOOD000048,2026-01-03,Dinner,Dosa,74,59,13,33.99,2515.2,17.56756756756757,79.72972972972973,441.87
FOOD000049,2026-01-04,Breakfast,Vegetable Curry,78,65,7,67.76,5285.59,8.974358974358974,83.33333333333334,474.32000000000005
FOOD000050,2026-01-04,Breakfast,Rice,56,40,9,49.92,2795.26,16.071428571428573,71.42857142857143,449.28000000000003
FOOD000051,2026-01-04,Breakfast,Dal,186,155,24,68.23,12690.53,12.903225806451612,83.33333333333334,1637.52
FOOD000052,2026-01-04,Breakfast,Biryani,222,201,17,59.02,13101.94,7.657657657657657,90.54054054054053,1003.34
FOOD000053,2026-01-04,Lunch,Vegetable Curry,112,88,20,61.78,6919.84,17.857142857142858,78.57142857142857,1235.6
FOOD000054,2026-01-04,Lunch,Idli,207,161,41,22.13,4580.42,19.806763285024154,77.77777777777779,907.3299999999999
FOOD000055,2026-01-04,Lunch,Noodles,202,173,26,28.55,5767.24,12.871287128712872,85.64356435643565,742.3000000000001
FOOD000056,2026-01-04,Lunch,Sambar,113,92,21,59.73,6749.12,18.58407079646018,81.41592920353983,1254.33
FOOD000057,2026-01-04,Snacks,Chicken Curry,78,72,6,66.82,5211.86,7.6923076923076925,92.3076923076923,400.91999999999996
FOOD000058,2026-01-04,Snacks,Fried Rice,137,122,11,45.61,6248.96,8.02919708029197,89.05109489051095,501.71
FOOD000059,2026-01-04,Snacks,Dal,155,141,11,15.28,2368.73,7.096774193548387,90.96774193548387,168.07999999999998
FOOD000060,2026-01-04,Snacks,Dosa,118,99,19,37.4,4412.81,16.101694915254235,83.89830508474576,710.6
FOOD000061,2026-01-04,Dinner,Rice,106,86,17,44.99,4768.98,16.037735849056602,81.13207547169812,764.83
FOOD000062,2026-01-04,Dinner,Noodles,187,155,31,46.23,8645.77,16.577540106951872,82.88770053475936,1433.1299999999999
FOOD000063,2026-01-04,Dinner,Fried Rice,149,132,14,49.03,7305.29,9.395973154362416,88.59060402684564,686.4200000000001
FOOD000064,2026-01-04,Dinner,Sambar,137,111,23,57.72,7907.04,16.78832116788321,81.02189781021897,1327.56
FOOD000065,2026-01-05,Breakfast,Chicken Curry,142,132,10,48.67,6911.65,7.042253521126761,92.95774647887323,486.70000000000005
FOOD000066,2026-01-05,Breakfast,Vegetable Curry,101,82,12,34.0,3433.93,11.881188118811881,81.1881188118812,408.0
FOOD000067,2026-01-05,Breakfast,Fried Rice,108,96,11,41.87,4521.49,10.185185185185185,88.88888888888889,460.57
FOOD000068,2026-01-05,Breakfast,Biryani,144,124,19,68.06,9800.64,13.194444444444445,86.11111111111111,1293.14
FOOD000069,2026-01-05,Lunch,Dosa,157,146,10,36.39,5713.37,6.369426751592357,92.99363057324841,363.9
FOOD000070,2026-01-05,Lunch,Biryani,81,66,13,16.4,1328.44,16.049382716049383,81.48148148148148,213.2
FOOD000071,2026-01-05,Lunch,Dal,127,103,24,38.03,4829.53,18.89763779527559,81.10236220472441,912.72
FOOD000072,2026-01-05,Lunch,Noodles,67,58,4,24.0,1607.93,5.970149253731343,86.56716417910447,96.0
FOOD000073,2026-01-05,Snacks,Fried Rice,194,174,14,57.66,11185.93,7.216494845360824,89.69072164948454,807.24
FOOD000074,2026-01-05,Snacks,Curd Rice,231,192,35,18.87,4357.91,15.151515151515152,83.11688311688312,660.45
FOOD000075,2026-01-05,Snacks,Idli,238,215,19,67.95,16173.2,7.9831932773109235,90.33613445378151,1291.05
FOOD000076,2026-01-05,Snacks,Dal,66,57,5,79.26,5231.24,7.575757575757576,86.36363636363636,396.3
FOOD000077,2026-01-05,Dinner,Idli,186,149,33,59.1,10992.37,17.741935483870968,80.10752688172043,1950.3
FOOD000078,2026-01-05,Dinner,Sambar,152,130,15,31.54,4793.85,9.868421052631579,85.52631578947368,473.09999999999997
FOOD000079,2026-01-05,Dinner,Curd Rice,214,167,41,50.0,10700.15,19.158878504672895,78.03738317757009,2050.0
FOOD000080,2026-01-05,Dinner,Dosa,167,152,11,43.44,7254.35,6.58682634730539,91.01796407185628,477.84
FOOD000081,2026-01-06,Breakfast,Chicken Curry,196,184,12,53.07,10401.18,6.122448979591836,93.87755102040816,636.84
FOOD000082,2026-01-06,Breakfast,Fried Rice,108,86,21,25.49,2752.64,19.444444444444446,79.62962962962963,535.29
FOOD000083,2026-01-06,Breakfast,Chapati,73,62,9,26.55,1937.98,12.32876712328767,84.93150684931507,238.95000000000002
FOOD000084,2026-01-06,Breakfast,Dosa,68,53,9,26.3,1788.12,13.23529411764706,77.94117647058823,236.70000000000002
FOOD000085,2026-01-06,Lunch,Curd Rice,185,165,18,26.28,4862.65,9.72972972972973,89.1891891891892,473.04
FOOD000086,2026-01-06,Lunch,Rice,249,216,26,51.3,12773.8,10.441767068273093,86.74698795180723,1333.8
FOOD000087,2026-01-06,Lunch,Vegetable Curry,93,80,13,49.28,4583.03,13.978494623655912,86.02150537634408,640.64
FOOD000088,2026-01-06,Lunch,Dal,161,127,28,65.75,10585.83,17.391304347826086,78.88198757763976,1841.0
FOOD000089,2026-01-06,Snacks,Dal,242,221,21,42.36,10251.66,8.677685950413224,91.32231404958677,889.56
FOOD000090,2026-01-06,Snacks,Vegetable Curry,214,174,33,19.59,4192.72,15.42056074766355,81.30841121495327,646.47
FOOD000091,2026-01-06,Snacks,Rice,50,43,7,42.28,2114.04,14.000000000000002,86.0,295.96000000000004
FOOD000092,2026-01-06,Snacks,Noodles,248,219,27,18.34,4549.04,10.887096774193548,88.30645161290323,495.18
FOOD000093,2026-01-06,Dinner,Curd Rice,146,131,14,54.17,7909.0,9.58904109589041,89.72602739726028,758.38
FOOD000094,2026-01-06,Dinner,Noodles,135,104,25,34.22,4619.92,18.51851851851852,77.03703703703704,855.5
FOOD000095,2026-01-06,Dinner,Vegetable Curry,138,117,16,27.05,3732.27,11.594202898550725,84.78260869565217,432.8
FOOD000096,2026-01-06,Dinner,Chicken Curry,158,126,30,49.23,7778.65,18.9873417721519,79.74683544303798,1476.8999999999999
FOOD000097,2026-01-07,Breakfast,Idli,82,68,8,38.58,3163.86,9.75609756097561,82.92682926829268,308.64
FOOD000098,2026-01-07,Breakfast,Noodles,189,179,7,16.42,3103.67,3.7037037037037033,94.70899470899471,114.94000000000001
FOOD000099,2026-01-07,Breakfast,Biryani,107,95,6,64.28,6878.29,5.607476635514018,88.78504672897196,385.68
FOOD000100,2026-01-07,Breakfast,Sambar,214,173,38,53.77,11507.64,17.75700934579439,80.8411214953271,2043.2600000000002
FOOD000101,2026-01-07,Lunch,Sambar,110,102,7,34.28,3771.32,6.363636363636363,92.72727272727272,239.96
FOOD000102,2026-01-07,Lunch,Biryani,73,62,9,48.3,3525.99,12.32876712328767,84.93150684931507,434.7
FOOD000103,2026-01-07,Lunch,Vegetable Curry,165,145,20,19.99,3298.8,12.121212121212121,87.87878787878788,399.79999999999995
FOOD000104,2026-01-07,Lunch,Dal,242,214,21,29.75,7199.1,8.677685950413224,88.42975206611571,624.75
FOOD000105,2026-01-07,Snacks,Curd Rice,206,182,24,32.01,6594.04,11.650485436893204,88.3495145631068,768.24
FOOD000106,2026-01-07,Snacks,Rice,104,98,5,58.87,6121.99,4.807692307692308,94.23076923076923,294.34999999999997
FOOD000107,2026-01-07,Snacks,Dal,143,114,27,71.97,10291.12,18.88111888111888,79.72027972027972,1943.19
FOOD000108,2026-01-07,Snacks,Sambar,229,194,30,67.8,15525.56,13.100436681222707,84.71615720524017,2034.0
FOOD000109,2026-01-07,Dinner,Rice,87,76,8,24.65,2144.24,9.195402298850574,87.35632183908046,197.2
FOOD000110,2026-01-07,Dinner,Idli,104,82,15,41.53,4318.92,14.423076923076922,78.84615384615384,622.95
FOOD000111,2026-01-07,Dinner,Chapati,248,214,27,36.12,8958.34,10.887096774193548,86.29032258064517,975.2399999999999
FOOD000112,2026-01-07,Dinner,Fried Rice,181,144,31,19.97,3614.84,17.12707182320442,79.55801104972376,619.0699999999999
FOOD000113,2026-01-08,Breakfast,Dal,131,107,21,28.57,3742.86,16.030534351145036,81.67938931297711,599.97
FOOD000114,2026-01-08,Breakfast,Idli,195,178,11,43.81,8542.25,5.641025641025641,91.28205128205128,481.91
FOOD000115,2026-01-08,Breakfast,Curd Rice,102,94,6,54.57,5565.84,5.88235294117647,92.15686274509804,327.42
FOOD000116,2026-01-08,Breakfast,Sambar,63,46,12,28.16,1773.9,19.047619047619047,73.01587301587301,337.92
FOOD000117,2026-01-08,Lunch,Dosa,68,61,4,39.23,2667.9,5.88235294117647,89.70588235294117,156.92
FOOD000118,2026-01-08,Lunch,Chapati,213,199,14,52.88,11264.27,6.572769953051644,93.42723004694837,740.32
FOOD000119,2026-01-08,Lunch,Curd Rice,102,87,11,65.73,6704.58,10.784313725490197,85.29411764705883,723.0300000000001
FOOD000120,2026-01-08,Lunch,Fried Rice,104,93,6,74.62,7760.98,5.769230769230769,89.42307692307693,447.72
FOOD000121,2026-01-08,Snacks,Vegetable Curry,227,190,34,56.14,12744.82,14.977973568281937,83.70044052863436,1908.76
FOOD000122,2026-01-08,Snacks,Biryani,139,124,14,38.31,5325.61,10.071942446043165,89.20863309352518,536.34
FOOD000123,2026-01-08,Snacks,Rice,143,124,15,74.24,10616.73,10.48951048951049,86.7132867132867,1113.6
FOOD000124,2026-01-08,Snacks,Chapati,176,159,17,61.94,10901.86,9.659090909090908,90.3409090909091,1052.98
FOOD000125,2026-01-08,Dinner,Chicken Curry,53,40,8,65.87,3491.37,15.09433962264151,75.47169811320755,526.96
FOOD000126,2026-01-08,Dinner,Curd Rice,71,56,9,57.86,4108.22,12.676056338028168,78.87323943661971,520.74
FOOD000127,2026-01-08,Dinner,Chapati,230,185,39,51.88,11931.92,16.956521739130434,80.43478260869566,2023.3200000000002
FOOD000128,2026-01-08,Dinner,Sambar,88,72,15,43.4,3819.61,17.045454545454543,81.81818181818183,651.0
FOOD000129,2026-01-09,Breakfast,Chicken Curry,246,219,24,58.51,14393.66,9.75609756097561,89.02439024390245,1404.24
FOOD000130,2026-01-09,Breakfast,Noodles,120,99,18,47.27,5672.28,15.0,82.5,850.86
FOOD000131,2026-01-09,Breakfast,Curd Rice,125,96,22,68.11,8513.52,17.599999999999998,76.8,1498.42
FOOD000132,2026-01-09,Breakfast,Fried Rice,241,210,28,61.58,14840.55,11.618257261410788,87.13692946058092,1724.24
FOOD000133,2026-01-09,Lunch,Curd Rice,51,38,6,24.9,1270.07,11.76470588235294,74.50980392156863,149.39999999999998
FOOD000134,2026-01-09,Lunch,Chicken Curry,225,207,12,50.87,11445.39,5.333333333333334,92.0,610.4399999999999
FOOD000135,2026-01-09,Lunch,Fried Rice,74,55,14,54.21,4011.49,18.91891891891892,74.32432432432432,758.94
FOOD000136,2026-01-09,Lunch,Sambar,207,167,34,57.12,11822.95,16.425120772946862,80.67632850241546,1942.08
FOOD000137,2026-01-09,Snacks,Curd Rice,195,160,34,31.45,6132.7,17.435897435897434,82.05128205128204,1069.3
FOOD000138,2026-01-09,Snacks,Chicken Curry,143,113,27,78.64,11245.19,18.88111888111888,79.02097902097903,2123.28
FOOD000139,2026-01-09,Snacks,Sambar,230,211,16,60.55,13925.83,6.956521739130435,91.73913043478261,968.8
FOOD000140,2026-01-09,Snacks,Idli,109,87,21,28.57,3113.61,19.26605504587156,79.81651376146789,599.97
FOOD000141,2026-01-09,Dinner,Sambar,156,137,18,42.44,6619.92,11.538461538461538,87.82051282051282,763.92
FOOD000142,2026-01-09,Dinner,Chicken Curry,245,228,12,33.35,8171.36,4.8979591836734695,93.06122448979592,400.20000000000005
FOOD000143,2026-01-09,Dinner,Rice,246,196,44,78.02,19192.22,17.88617886178862,79.67479674796748,3432.8799999999997
FOOD000144,2026-01-09,Dinner,Curd Rice,139,123,14,15.17,2109.09,10.071942446043165,88.48920863309353,212.38
FOOD000145,2026-01-10,Breakfast,Chicken Curry,158,127,26,72.34,11428.94,16.455696202531644,80.37974683544303,1880.8400000000001
FOOD000146,2026-01-10,Breakfast,Idli,181,154,24,60.72,10989.66,13.259668508287293,85.0828729281768,1457.28
FOOD000147,2026-01-10,Breakfast,Sambar,247,196,49,25.42,6278.73,19.838056680161944,79.35222672064778,1245.5800000000002
FOOD000148,2026-01-10,Breakfast,Rice,137,122,13,44.75,6130.74,9.48905109489051,89.05109489051095,581.75
FOOD000149,2026-01-10,Lunch,Biryani,154,128,19,39.14,6028.08,12.337662337662337,83.11688311688312,743.66
FOOD000150,2026-01-10,Lunch,Dosa,206,185,17,32.33,6660.54,8.25242718446602,89.80582524271846,549.61
FOOD000151,2026-01-10,Lunch,Dal,225,188,33,22.18,4990.49,14.666666666666666,83.55555555555556,731.9399999999999
FOOD000152,2026-01-10,Lunch,Chicken Curry,147,117,23,50.92,7485.75,15.646258503401361,79.59183673469387,1171.16
FOOD000153,2026-01-10,Snacks,Chicken Curry,133,120,7,40.71,5414.74,5.263157894736842,90.22556390977444,284.97
FOOD000154,2026-01-10,Snacks,Idli,141,125,10,32.85,4632.34,7.092198581560284,88.65248226950354,328.5
FOOD000155,2026-01-10,Snacks,Curd Rice,236,208,22,57.74,13627.46,9.322033898305085,88.13559322033898,1270.28
FOOD000156,2026-01-10,Snacks,Dosa,228,209,12,30.42,6935.0,5.263157894736842,91.66666666666666,365.04
FOOD000157,2026-01-10,Dinner,Curd Rice,190,152,31,31.31,5949.62,16.315789473684212,80.0,970.61
FOOD000158,2026-01-10,Dinner,Dal,135,116,15,74.6,10071.29,11.11111111111111,85.92592592592592,1119.0
FOOD000159,2026-01-10,Dinner,Sambar,144,115,27,41.06,5913.13,18.75,79.86111111111111,1108.6200000000001
FOOD000160,2026-01-10,Dinner,Noodles,239,195,43,55.49,13262.46,17.99163179916318,81.58995815899581,2386.07
FOOD000161,2026-01-11,Breakfast,Rice,95,79,9,27.86,2646.54,9.473684210526317,83.15789473684211,250.74
FOOD000162,2026-01-11,Breakfast,Fried Rice,195,169,20,66.93,13050.77,10.256410256410255,86.66666666666667,1338.6000000000001
FOOD000163,2026-01-11,Breakfast,Noodles,207,182,22,15.19,3143.42,10.628019323671497,87.92270531400966,334.18
FOOD000164,2026-01-11,Breakfast,Dal,170,148,22,47.79,8124.76,12.941176470588237,87.05882352941177,1051.3799999999999
FOOD000165,2026-01-11,Lunch,Vegetable Curry,163,145,15,32.16,5242.87,9.202453987730062,88.95705521472392,482.4
FOOD000166,2026-01-11,Lunch,Noodles,220,183,36,55.64,12239.87,16.363636363636363,83.18181818181817,2003.04
FOOD000167,2026-01-11,Lunch,Chicken Curry,157,139,13,77.84,12220.3,8.280254777070063,88.53503184713377,1011.9200000000001
FOOD000168,2026-01-11,Lunch,Dosa,67,54,12,64.25,4304.58,17.91044776119403,80.59701492537313,771.0
FOOD000169,2026-01-11,Snacks,Vegetable Curry,53,43,7,33.78,1790.25,13.20754716981132,81.13207547169812,236.46
FOOD000170,2026-01-11,Snacks,Chapati,230,191,32,31.64,7277.17,13.91304347826087,83.04347826086956,1012.48
FOOD000171,2026-01-11,Snacks,Chicken Curry,220,172,43,44.94,9886.53,19.545454545454547,78.18181818181819,1932.4199999999998
FOOD000172,2026-01-11,Snacks,Fried Rice,195,179,13,39.2,7643.19,6.666666666666667,91.7948717948718,509.6
FOOD000173,2026-01-11,Dinner,Dal,245,231,14,26.3,6443.42,5.714285714285714,94.28571428571428,368.2
FOOD000174,2026-01-11,Dinner,Idli,72,62,4,72.5,5219.88,5.555555555555555,86.11111111111111,290.0
FOOD000175,2026-01-11,Dinner,Fried Rice,186,147,32,25.5,4743.03,17.20430107526882,79.03225806451613,816.0
FOOD000176,2026-01-11,Dinner,Sambar,69,57,9,39.92,2754.17,13.043478260869565,82.6086956521739,359.28000000000003
FOOD000177,2026-01-12,Breakfast,Biryani,66,56,6,49.15,3243.74,9.090909090909092,84.84848484848484,294.9
FOOD000178,2026-01-12,Breakfast,Noodles,160,138,15,34.45,5512.63,9.375,86.25,516.75
FOOD000179,2026-01-12,Breakfast,Rice,136,114,15,34.13,4642.01,11.029411764705882,83.82352941176471,511.95000000000005
FOOD000180,2026-01-12,Breakfast,Chicken Curry,205,165,36,30.4,6233.02,17.560975609756095,80.48780487804879,1094.3999999999999
FOOD000181,2026-01-12,Lunch,Chicken Curry,73,62,4,51.9,3788.57,5.47945205479452,84.93150684931507,207.6
FOOD000182,2026-01-12,Lunch,Dal,86,67,12,66.01,5676.57,13.953488372093023,77.90697674418605,792.1200000000001
FOOD000183,2026-01-12,Lunch,Idli,186,170,12,72.28,13444.02,6.451612903225806,91.39784946236558,867.36
FOOD000184,2026-01-12,Lunch,Fried Rice,242,214,23,60.61,14668.1,9.50413223140496,88.42975206611571,1394.03
FOOD000185,2026-01-12,Snacks,Idli,131,105,22,77.38,10136.16,16.793893129770993,80.1526717557252,1702.36
FOOD000186,2026-01-12,Snacks,Biryani,249,201,48,28.41,7073.77,19.27710843373494,80.72289156626506,1363.68
FOOD000187,2026-01-12,Snacks,Dal,142,131,9,22.06,3132.09,6.338028169014084,92.25352112676056,198.54
FOOD000188,2026-01-12,Snacks,Noodles,183,170,13,38.71,7083.13,7.103825136612022,92.89617486338798,503.23
FOOD000189,2026-01-12,Dinner,Sambar,92,82,5,65.66,6040.52,5.434782608695652,89.13043478260869,328.29999999999995
FOOD000190,2026-01-12,Dinner,Vegetable Curry,164,145,19,69.13,11337.4,11.585365853658537,88.41463414634147,1313.4699999999998
FOOD000191,2026-01-12,Dinner,Curd Rice,86,75,4,51.05,4390.27,4.651162790697675,87.20930232558139,204.2
FOOD000192,2026-01-12,Dinner,Idli,121,103,16,74.46,9009.58,13.223140495867769,85.12396694214877,1191.36
FOOD000193,2026-01-13,Breakfast,Rice,203,184,19,48.58,9861.14,9.35960591133005,90.64039408866995,923.02
FOOD000194,2026-01-13,Breakfast,Chapati,71,60,5,49.37,3505.43,7.042253521126761,84.50704225352112,246.85
FOOD000195,2026-01-13,Breakfast,Vegetable Curry,93,74,16,53.89,5011.73,17.20430107526882,79.56989247311827,862.24
FOOD000196,2026-01-13,Breakfast,Chicken Curry,118,97,19,37.0,4365.51,16.101694915254235,82.20338983050848,703.0
FOOD000197,2026-01-13,Lunch,Chapati,240,221,16,24.46,5870.78,6.666666666666667,92.08333333333333,391.36
FOOD000198,2026-01-13,Lunch,Biryani,121,114,7,58.65,7096.16,5.785123966942149,94.21487603305785,410.55
FOOD000199,2026-01-13,Lunch,Fried Rice,127,102,20,56.3,7150.07,15.748031496062993,80.31496062992126,1126.0
FOOD000200,2026-01-13,Lunch,Sambar,79,71,6,21.91,1730.63,7.59493670886076,89.87341772151899,131.46
FOOD000201,2026-01-13,Snacks,Curd Rice,220,193,20,37.48,8245.61,9.090909090909092,87.72727272727273,749.5999999999999
FOOD000202,2026-01-13,Snacks,Dosa,204,163,34,47.77,9744.22,16.666666666666664,79.90196078431373,1624.18
FOOD000203,2026-01-13,Snacks,Dal,56,52,4,24.32,1362.1,7.142857142857142,92.85714285714286,97.28
FOOD000204,2026-01-13,Snacks,Rice,240,200,38,15.94,3825.33,15.833333333333332,83.33333333333334,605.72
FOOD000205,2026-01-13,Dinner,Vegetable Curry,176,163,12,50.56,8897.99,6.8181818181818175,92.61363636363636,606.72
FOOD000206,2026-01-13,Dinner,Chicken Curry,192,156,36,39.91,7662.98,18.75,81.25,1436.7599999999998
FOOD000207,2026-01-13,Dinner,Dosa,159,124,30,48.05,7639.81,18.867924528301888,77.9874213836478,1441.5
FOOD000208,2026-01-13,Dinner,Biryani,228,181,44,18.12,4131.01,19.298245614035086,79.3859649122807,797.2800000000001
FOOD000209,2026-01-14,Breakfast,Dal,221,194,26,19.05,4210.0,11.76470588235294,87.78280542986425,495.3
FOOD000210,2026-01-14,Breakfast,Dosa,109,89,20,57.48,6265.2,18.34862385321101,81.65137614678899,1149.6
FOOD000211,2026-01-14,Breakfast,Chapati,203,171,25,32.75,6648.66,12.31527093596059,84.23645320197043,818.75
FOOD000212,2026-01-14,Breakfast,Rice,141,116,19,23.81,3357.06,13.47517730496454,82.26950354609929,452.39
FOOD000213,2026-01-14,Lunch,Chapati,68,52,9,36.6,2488.84,13.23529411764706,76.47058823529412,329.40000000000003
FOOD000214,2026-01-14,Lunch,Noodles,218,203,9,39.19,8543.71,4.128440366972478,93.11926605504587,352.71
FOOD000215,2026-01-14,Lunch,Vegetable Curry,153,128,21,61.96,9479.79,13.725490196078432,83.66013071895425,1301.16
FOOD000216,2026-01-14,Lunch,Rice,209,183,24,70.09,14648.87,11.483253588516746,87.5598086124402,1682.16
FOOD000217,2026-01-14,Snacks,Sambar,115,92,17,38.71,4452.19,14.782608695652174,80.0,658.07
FOOD000218,2026-01-14,Snacks,Vegetable Curry,118,104,7,28.2,3327.18,5.932203389830509,88.13559322033898,197.4
FOOD000219,2026-01-14,Snacks,Fried Rice,206,191,10,53.57,11035.82,4.854368932038835,92.71844660194175,535.7
FOOD000220,2026-01-14,Snacks,Curd Rice,54,51,3,63.33,3420.02,5.555555555555555,94.44444444444444,189.99
FOOD000221,2026-01-14,Dinner,Dosa,187,160,22,60.42,11298.1,11.76470588235294,85.56149732620321,1329.24
FOOD000222,2026-01-14,Dinner,Noodles,64,56,4,29.18,1867.47,6.25,87.5,116.72
FOOD000223,2026-01-14,Dinner,Idli,247,209,37,38.83,9590.0,14.979757085020243,84.61538461538461,1436.71
FOOD000224,2026-01-14,Dinner,Fried Rice,247,219,26,50.23,12406.28,10.526315789473683,88.66396761133603,1305.98
FOOD000225,2026-01-15,Breakfast,Vegetable Curry,79,70,9,60.34,4766.6,11.39240506329114,88.60759493670885,543.0600000000001
FOOD000226,2026-01-15,Breakfast,Chicken Curry,123,95,23,54.56,6710.95,18.69918699186992,77.23577235772358,1254.88
FOOD000227,2026-01-15,Breakfast,Sambar,241,212,29,41.16,9920.07,12.033195020746888,87.96680497925311,1193.6399999999999
FOOD000228,2026-01-15,Breakfast,Dal,231,219,10,62.88,14525.16,4.329004329004329,94.8051948051948,628.8000000000001
FOOD000229,2026-01-15,Lunch,Dal,194,177,12,53.95,10465.42,6.185567010309279,91.23711340206185,647.4000000000001
FOOD000230,2026-01-15,Lunch,Curd Rice,243,227,11,78.46,19065.54,4.526748971193416,93.4156378600823,863.06
FOOD000231,2026-01-15,Lunch,Chapati,236,193,40,69.56,16415.21,16.94915254237288,81.77966101694916,2782.4
FOOD000232,2026-01-15,Lunch,Dosa,104,96,4,52.21,5430.3,3.8461538461538463,92.3076923076923,208.84
FOOD000233,2026-01-15,Snacks,Chapati,94,88,5,61.48,5778.81,5.319148936170213,93.61702127659575,307.4
FOOD000234,2026-01-15,Snacks,Sambar,56,46,9,21.91,1226.94,16.071428571428573,82.14285714285714,197.19
FOOD000235,2026-01-15,Snacks,Rice,206,191,11,50.28,10357.34,5.339805825242718,92.71844660194175,553.08
FOOD000236,2026-01-15,Snacks,Chicken Curry,75,64,4,62.36,4677.09,5.333333333333334,85.33333333333334,249.44
FOOD000237,2026-01-15,Dinner,Rice,186,173,12,25.01,4650.99,6.451612903225806,93.01075268817203,300.12
FOOD000238,2026-01-15,Dinner,Fried Rice,214,170,41,15.29,3273.1,19.158878504672895,79.43925233644859,626.89
FOOD000239,2026-01-15,Dinner,Idli,61,45,10,21.09,1286.34,16.39344262295082,73.77049180327869,210.9
FOOD000240,2026-01-15,Dinner,Biryani,66,52,7,67.6,4461.41,10.606060606060606,78.78787878787878,473.19999999999993
FOOD000241,2026-01-16,Breakfast,Idli,113,102,5,31.94,3609.27,4.424778761061947,90.2654867256637,159.70000000000002
FOOD000242,2026-01-16,Breakfast,Dal,211,176,30,72.97,15396.93,14.218009478672986,83.41232227488152,2189.1
FOOD000243,2026-01-16,Breakfast,Vegetable Curry,112,104,5,19.54,2188.25,4.464285714285714,92.85714285714286,97.69999999999999
FOOD000244,2026-01-16,Breakfast,Curd Rice,124,98,20,18.97,2352.34,16.129032258064516,79.03225806451613,379.4
FOOD000245,2026-01-16,Lunch,Idli,108,92,14,67.0,7236.43,12.962962962962962,85.18518518518519,938.0
FOOD000246,2026-01-16,Lunch,Chapati,249,232,16,78.12,19452.88,6.425702811244979,93.17269076305222,1249.92
FOOD000247,2026-01-16,Lunch,Dal,117,97,20,35.15,4112.17,17.094017094017094,82.90598290598291,703.0
FOOD000248,2026-01-16,Lunch,Noodles,171,157,11,45.21,7730.31,6.432748538011696,91.81286549707602,497.31
FOOD000249,2026-01-16,Snacks,Dal,167,148,12,53.11,8868.6,7.18562874251497,88.62275449101796,637.3199999999999
FOOD000250,2026-01-16,Snacks,Chicken Curry,177,152,21,25.97,4597.48,11.864406779661017,85.87570621468926,545.37
FOOD000251,2026-01-16,Snacks,Rice,204,179,20,53.28,10868.55,9.803921568627452,87.74509803921569,1065.6
FOOD000252,2026-01-16,Snacks,Biryani,71,58,6,59.19,4202.14,8.450704225352112,81.69014084507043,355.14
FOOD000253,2026-01-16,Dinner,Dosa,194,168,26,24.8,4811.54,13.402061855670103,86.5979381443299,644.8000000000001
FOOD000254,2026-01-16,Dinner,Dal,62,44,12,44.73,2773.11,19.35483870967742,70.96774193548387,536.76
FOOD000255,2026-01-16,Dinner,Vegetable Curry,168,152,15,76.83,12907.6,8.928571428571429,90.47619047619048,1152.45
FOOD000256,2026-01-16,Dinner,Fried Rice,130,114,11,47.09,6121.67,8.461538461538462,87.6923076923077,517.99
FOOD000257,2026-01-17,Breakfast,Vegetable Curry,131,117,8,23.39,3063.94,6.106870229007633,89.31297709923665,187.12
FOOD000258,2026-01-17,Breakfast,Sambar,232,220,12,24.46,5674.35,5.172413793103448,94.82758620689656,293.52
FOOD000259,2026-01-17,Breakfast,Noodles,135,109,20,24.69,3333.17,14.814814814814813,80.74074074074075,493.8
FOOD000260,2026-01-17,Breakfast,Dosa,95,77,14,25.68,2439.33,14.736842105263156,81.05263157894737,359.52
FOOD000261,2026-01-17,Lunch,Idli,50,39,7,30.68,1533.81,14.000000000000002,78.0,214.76
FOOD000262,2026-01-17,Lunch,Biryani,69,55,13,20.81,1435.58,18.84057971014493,79.71014492753623,270.53
FOOD000263,2026-01-17,Lunch,Sambar,73,55,11,38.29,2795.37,15.068493150684931,75.34246575342466,421.19
FOOD000264,2026-01-17,Lunch,Chapati,119,106,9,64.84,7716.31,7.563025210084033,89.07563025210085,583.5600000000001
FOOD000265,2026-01-17,Snacks,Idli,236,196,40,27.92,6589.02,16.94915254237288,83.05084745762711,1116.8000000000002
FOOD000266,2026-01-17,Snacks,Noodles,234,182,45,55.75,13046.2,19.230769230769234,77.77777777777779,2508.75
FOOD000267,2026-01-17,Snacks,Biryani,233,181,45,33.99,7920.73,19.313304721030043,77.6824034334764,1529.5500000000002
FOOD000268,2026-01-17,Snacks,Dosa,178,154,20,36.16,6435.87,11.235955056179774,86.51685393258427,723.1999999999999
FOOD000269,2026-01-17,Dinner,Dosa,148,137,9,74.85,11078.35,6.081081081081082,92.56756756756756,673.65
FOOD000270,2026-01-17,Dinner,Biryani,51,41,6,55.18,2814.37,11.76470588235294,80.3921568627451,331.08
FOOD000271,2026-01-17,Dinner,Sambar,226,210,11,66.91,15120.66,4.867256637168142,92.92035398230088,736.01
FOOD000272,2026-01-17,Dinner,Chicken Curry,70,53,11,28.88,2021.76,15.714285714285714,75.71428571428571,317.68
FOOD000273,2026-01-18,Breakfast,Rice,62,50,10,46.97,2912.39,16.129032258064516,80.64516129032258,469.7
FOOD000274,2026-01-18,Breakfast,Chapati,195,173,21,50.53,9852.6,10.76923076923077,88.71794871794872,1061.13
FOOD000275,2026-01-18,Breakfast,Biryani,196,161,28,70.68,13854.05,14.285714285714285,82.14285714285714,1979.0400000000002
FOOD000276,2026-01-18,Breakfast,Idli,216,174,38,19.98,4315.28,17.59259259259259,80.55555555555556,759.24
FOOD000277,2026-01-18,Lunch,Dosa,181,163,17,58.91,10663.31,9.392265193370166,90.05524861878453,1001.4699999999999
FOOD000278,2026-01-18,Lunch,Idli,180,152,23,38.05,6849.48,12.777777777777777,84.44444444444444,875.15
FOOD000279,2026-01-18,Lunch,Vegetable Curry,221,192,24,63.77,14092.28,10.85972850678733,86.87782805429865,1530.48
FOOD000280,2026-01-18,Lunch,Curd Rice,158,145,12,25.02,3952.58,7.59493670886076,91.77215189873418,300.24
FOOD000281,2026-01-18,Snacks,Chapati,215,193,16,51.78,11133.35,7.441860465116279,89.76744186046511,828.48
FOOD000282,2026-01-18,Snacks,Chicken Curry,169,157,10,78.54,13273.66,5.9171597633136095,92.89940828402366,785.4000000000001
FOOD000283,2026-01-18,Snacks,Noodles,135,113,19,40.34,5446.37,14.074074074074074,83.7037037037037,766.46
FOOD000284,2026-01-18,Snacks,Rice,191,174,13,37.8,7220.09,6.806282722513089,91.09947643979058,491.4
FOOD000285,2026-01-18,Dinner,Chapati,152,124,26,71.44,10858.3,17.105263157894736,81.57894736842105,1857.44
FOOD000286,2026-01-18,Dinner,Dosa,157,131,26,23.46,3683.36,16.560509554140125,83.43949044585987,609.96
FOOD000287,2026-01-18,Dinner,Rice,97,87,4,18.7,1813.75,4.123711340206185,89.69072164948454,74.8
FOOD000288,2026-01-18,Dinner,Curd Rice,172,152,17,39.58,6808.5,9.883720930232558,88.37209302325581,672.86
FOOD000289,2026-01-19,Breakfast,Idli,92,75,16,41.28,3797.85,17.391304347826086,81.52173913043478,660.48
FOOD000290,2026-01-19,Breakfast,Sambar,67,58,9,34.98,2343.56,13.432835820895523,86.56716417910447,314.82
FOOD000291,2026-01-19,Breakfast,Chicken Curry,140,122,11,16.2,2268.34,7.857142857142857,87.14285714285714,178.2
FOOD000292,2026-01-19,Breakfast,Rice,105,96,5,18.06,1896.7,4.761904761904762,91.42857142857143,90.3
FOOD000293,2026-01-19,Lunch,Sambar,136,105,26,53.01,7209.91,19.11764705882353,77.20588235294117,1378.26
FOOD000294,2026-01-19,Lunch,Rice,183,157,19,52.8,9662.2,10.382513661202186,85.79234972677595,1003.1999999999999
FOOD000295,2026-01-19,Lunch,Curd Rice,57,50,4,31.0,1767.04,7.017543859649122,87.71929824561403,124.0
FOOD000296,2026-01-19,Lunch,Dosa,67,52,13,49.0,3282.8,19.402985074626866,77.61194029850746,637.0
FOOD000297,2026-01-19,Snacks,Biryani,98,83,8,23.78,2330.47,8.16326530612245,84.6938775510204,190.24
FOOD000298,2026-01-19,Snacks,Rice,224,186,32,62.79,14064.42,14.285714285714285,83.03571428571429,2009.28
FOOD000299,2026-01-19,Snacks,Noodles,73,67,6,22.05,1609.72,8.21917808219178,91.78082191780823,132.3
FOOD000300,2026-01-19,Snacks,Curd Rice,135,127,6,62.84,8483.27,4.444444444444445,94.07407407407408,377.04
FOOD000301,2026-01-19,Dinner,Chicken Curry,119,100,18,67.22,7998.75,15.126050420168067,84.03361344537815,1209.96
FOOD000302,2026-01-19,Dinner,Idli,88,76,10,55.51,4884.5,11.363636363636363,86.36363636363636,555.1
FOOD000303,2026-01-19,Dinner,Vegetable Curry,153,137,12,68.48,10477.21,7.8431372549019605,89.54248366013073,821.76
FOOD000304,2026-01-19,Dinner,Noodles,240,201,38,44.5,10680.15,15.833333333333332,83.75,1691.0
FOOD000305,2026-01-20,Breakfast,Fried Rice,158,143,14,26.83,4239.46,8.860759493670885,90.50632911392405,375.62
FOOD000306,2026-01-20,Breakfast,Chicken Curry,232,208,22,41.74,9683.11,9.482758620689655,89.65517241379311,918.2800000000001
FOOD000307,2026-01-20,Breakfast,Curd Rice,136,128,8,48.45,6589.22,5.88235294117647,94.11764705882352,387.6
FOOD000308,2026-01-20,Breakfast,Dal,68,57,9,29.07,1977.08,13.23529411764706,83.82352941176471,261.63
FOOD000309,2026-01-20,Lunch,Chapati,86,80,5,79.08,6800.7,5.813953488372093,93.02325581395348,395.4
FOOD000310,2026-01-20,Lunch,Dal,88,79,5,56.84,5001.64,5.681818181818182,89.77272727272727,284.20000000000005
FOOD000311,2026-01-20,Lunch,Chicken Curry,240,206,34,17.57,4217.55,14.166666666666666,85.83333333333333,597.38
FOOD000312,2026-01-20,Lunch,Fried Rice,55,50,3,35.63,1959.83,5.454545454545454,90.9090909090909,106.89000000000001
FOOD000313,2026-01-20,Snacks,Chapati,102,93,5,60.28,6148.45,4.901960784313726,91.17647058823529,301.4
FOOD000314,2026-01-20,Snacks,Rice,182,170,8,53.21,9684.96,4.395604395604396,93.4065934065934,425.68
FOOD000315,2026-01-20,Snacks,Biryani,231,190,38,28.48,6578.03,16.450216450216452,82.25108225108225,1082.24
FOOD000316,2026-01-20,Snacks,Chicken Curry,56,52,4,33.82,1893.66,7.142857142857142,92.85714285714286,135.28
FOOD000317,2026-01-20,Dinner,Rice,146,136,6,34.42,5025.35,4.10958904109589,93.15068493150685,206.52
FOOD000318,2026-01-20,Dinner,Vegetable Curry,222,191,26,51.06,11334.86,11.711711711711711,86.03603603603604,1327.56
FOOD000319,2026-01-20,Dinner,Sambar,220,203,15,72.31,15907.63,6.8181818181818175,92.27272727272727,1084.65
FOOD000320,2026-01-20,Dinner,Chapati,79,65,14,75.66,5977.09,17.72151898734177,82.27848101265823,1059.24
FOOD000321,2026-01-21,Breakfast,Noodles,152,120,28,62.84,9551.19,18.421052631578945,78.94736842105263,1759.52
FOOD000322,2026-01-21,Breakfast,Idli,58,47,7,19.1,1107.83,12.068965517241379,81.03448275862068,133.70000000000002
FOOD000323,2026-01-21,Breakfast,Chapati,215,193,21,61.42,13206.07,9.767441860465116,89.76744186046511,1289.82
FOOD000324,2026-01-21,Breakfast,Curd Rice,134,122,10,76.43,10241.95,7.462686567164178,91.04477611940298,764.3000000000001
FOOD000325,2026-01-21,Lunch,Noodles,137,120,16,69.14,9472.5,11.678832116788321,87.59124087591242,1106.24
FOOD000326,2026-01-21,Lunch,Vegetable Curry,131,102,22,27.6,3615.3,16.793893129770993,77.86259541984732,607.2
FOOD000327,2026-01-21,Lunch,Biryani,237,222,11,77.07,18265.09,4.641350210970464,93.67088607594937,847.77
FOOD000328,2026-01-21,Lunch,Sambar,212,186,23,45.53,9652.74,10.849056603773585,87.73584905660378,1047.19
FOOD000329,2026-01-21,Snacks,Chapati,247,224,21,23.43,5785.99,8.502024291497975,90.68825910931174,492.03
FOOD000330,2026-01-21,Snacks,Rice,61,55,5,43.41,2648.11,8.19672131147541,90.1639344262295,217.04999999999998
FOOD000331,2026-01-21,Snacks,Fried Rice,103,91,7,40.19,4139.7,6.796116504854369,88.3495145631068,281.33
FOOD000332,2026-01-21,Snacks,Idli,171,155,9,38.0,6498.15,5.263157894736842,90.64327485380117,342.0
FOOD000333,2026-01-21,Dinner,Idli,183,144,35,43.32,7926.86,19.12568306010929,78.68852459016394,1516.2
FOOD000334,2026-01-21,Dinner,Dal,164,141,18,35.24,5779.08,10.975609756097562,85.97560975609755,634.32
FOOD000335,2026-01-21,Dinner,Chicken Curry,181,142,33,51.44,9310.28,18.23204419889503,78.45303867403315,1697.52
FOOD000336,2026-01-21,Dinner,Dosa,220,181,37,75.93,16703.93,16.818181818181817,82.27272727272728,2809.4100000000003
FOOD000337,2026-01-22,Breakfast,Dal,51,40,4,63.47,3237.03,7.8431372549019605,78.43137254901961,253.88
FOOD000338,2026-01-22,Breakfast,Fried Rice,52,45,5,78.77,4096.23,9.615384615384617,86.53846153846155,393.84999999999997
FOOD000339,2026-01-22,Breakfast,Rice,232,214,15,36.63,8498.5,6.4655172413793105,92.24137931034483,549.45
FOOD000340,2026-01-22,Breakfast,Chapati,169,155,10,78.69,13297.88,5.9171597633136095,91.71597633136095,786.9
FOOD000341,2026-01-22,Lunch,Chapati,210,173,36,22.23,4668.51,17.142857142857142,82.38095238095238,800.28
FOOD000342,2026-01-22,Lunch,Fried Rice,140,127,11,44.42,6219.11,7.857142857142857,90.71428571428571,488.62
FOOD000343,2026-01-22,Lunch,Sambar,235,218,17,74.31,17463.76,7.234042553191489,92.76595744680851,1263.27
FOOD000344,2026-01-22,Lunch,Dal,128,104,21,47.54,6084.89,16.40625,81.25,998.34
FOOD000345,2026-01-22,Snacks,Idli,56,47,2,22.96,1285.78,3.571428571428571,83.92857142857143,45.92
FOOD000346,2026-01-22,Snacks,Dosa,100,83,15,35.44,3543.96,15.0,83.0,531.5999999999999
FOOD000347,2026-01-22,Snacks,Vegetable Curry,111,97,14,60.91,6760.89,12.612612612612612,87.38738738738738,852.74
FOOD000348,2026-01-22,Snacks,Curd Rice,216,196,16,37.56,8113.14,7.4074074074074066,90.74074074074075,600.96
FOOD000349,2026-01-22,Dinner,Chicken Curry,209,174,31,49.56,10358.38,14.832535885167463,83.25358851674642,1536.3600000000001
FOOD000350,2026-01-22,Dinner,Dosa,139,122,12,72.95,10139.54,8.633093525179856,87.76978417266187,875.4000000000001
FOOD000351,2026-01-22,Dinner,Noodles,71,55,9,53.71,3813.58,12.676056338028168,77.46478873239437,483.39
FOOD000352,2026-01-22,Dinner,Biryani,214,185,23,76.27,16322.27,10.74766355140187,86.44859813084112,1754.2099999999998
FOOD000353,2026-01-23,Breakfast,Dal,98,93,5,44.98,4408.09,5.1020408163265305,94.89795918367348,224.89999999999998
FOOD000354,2026-01-23,Breakfast,Fried Rice,172,146,22,44.37,7631.99,12.790697674418606,84.88372093023256,976.14
FOOD000355,2026-01-23,Breakfast,Sambar,73,65,5,54.86,4005.11,6.8493150684931505,89.04109589041096,274.3
FOOD000356,2026-01-23,Breakfast,Idli,86,63,16,62.92,5410.98,18.6046511627907,73.25581395348837,1006.72
FOOD000357,2026-01-23,Lunch,Chapati,169,145,18,58.71,9922.6,10.650887573964498,85.79881656804734,1056.78
FOOD000358,2026-01-23,Lunch,Curd Rice,52,44,7,46.99,2443.22,13.461538461538462,84.61538461538461,328.93
FOOD000359,2026-01-23,Lunch,Vegetable Curry,147,128,14,58.91,8659.44,9.523809523809524,87.07482993197279,824.74
FOOD000360,2026-01-23,Lunch,Noodles,74,65,5,48.46,3586.07,6.756756756756757,87.83783783783784,242.3
FOOD000361,2026-01-23,Snacks,Dosa,146,124,15,75.86,11075.19,10.273972602739725,84.93150684931507,1137.9
FOOD000362,2026-01-23,Snacks,Chapati,134,108,21,51.29,6873.33,15.671641791044777,80.59701492537313,1077.09
FOOD000363,2026-01-23,Snacks,Rice,124,114,10,17.5,2169.89,8.064516129032258,91.93548387096774,175.0
FOOD000364,2026-01-23,Snacks,Dal,112,93,17,37.36,4183.79,15.178571428571427,83.03571428571429,635.12
FOOD000365,2026-01-23,Dinner,Biryani,185,155,23,75.45,13957.53,12.432432432432433,83.78378378378379,1735.3500000000001
FOOD000366,2026-01-23,Dinner,Fried Rice,242,214,27,21.33,5162.76,11.15702479338843,88.42975206611571,575.91
FOOD000367,2026-01-23,Dinner,Sambar,181,165,15,42.39,7673.36,8.287292817679557,91.16022099447514,635.85
FOOD000368,2026-01-23,Dinner,Noodles,115,103,8,77.3,8889.4,6.956521739130435,89.56521739130436,618.4
FOOD000369,2026-01-24,Breakfast,Dal,96,73,17,17.81,1710.2,17.708333333333336,76.04166666666666,302.77
FOOD000370,2026-01-24,Breakfast,Curd Rice,149,133,13,46.4,6913.98,8.724832214765101,89.26174496644296,603.1999999999999
FOOD000371,2026-01-24,Breakfast,Rice,128,105,22,59.17,7573.61,17.1875,82.03125,1301.74
FOOD000372,2026-01-24,Breakfast,Sambar,141,123,18,18.2,2565.6,12.76595744680851,87.2340425531915,327.59999999999997
FOOD000373,2026-01-24,Lunch,Biryani,232,214,11,27.49,6378.6,4.741379310344827,92.24137931034483,302.39
FOOD000374,2026-01-24,Lunch,Rice,244,214,23,31.78,7754.85,9.426229508196721,87.70491803278688,730.94
FOOD000375,2026-01-24,Lunch,Noodles,95,83,6,77.12,7326.42,6.315789473684211,87.36842105263159,462.72
FOOD000376,2026-01-24,Lunch,Idli,184,169,15,45.25,8325.45,8.152173913043478,91.84782608695652,678.75
FOOD000377,2026-01-24,Snacks,Idli,234,205,23,51.28,12000.54,9.82905982905983,87.6068376068376,1179.44
FOOD000378,2026-01-24,Snacks,Sambar,244,225,13,27.5,6708.87,5.327868852459016,92.21311475409836,357.5
FOOD000379,2026-01-24,Snacks,Biryani,79,61,15,66.25,5233.7,18.9873417721519,77.21518987341773,993.75
FOOD000380,2026-01-24,Snacks,Fried Rice,151,120,26,43.15,6516.4,17.218543046357617,79.47019867549669,1121.8999999999999
FOOD000381,2026-01-24,Dinner,Fried Rice,137,123,13,53.64,7349.18,9.48905109489051,89.78102189781022,697.32
FOOD000382,2026-01-24,Dinner,Curd Rice,157,140,11,72.02,11307.21,7.006369426751593,89.171974522293,792.2199999999999
FOOD000383,2026-01-24,Dinner,Noodles,78,65,9,66.01,5148.67,11.538461538461538,83.33333333333334,594.09
FOOD000384,2026-01-24,Dinner,Chapati,207,198,8,38.9,8051.93,3.864734299516908,95.65217391304348,311.2
FOOD000385,2026-01-25,Breakfast,Sambar,51,38,7,62.8,3202.8,13.725490196078432,74.50980392156863,439.59999999999997
FOOD000386,2026-01-25,Breakfast,Chapati,54,42,5,50.56,2730.36,9.25925925925926,77.77777777777779,252.8
FOOD000387,2026-01-25,Breakfast,Dal,126,118,7,67.59,8515.76,5.555555555555555,93.65079365079364,473.13
FOOD000388,2026-01-25,Breakfast,Dosa,229,203,19,58.6,13419.47,8.296943231441048,88.64628820960698,1113.4
FOOD000389,2026-01-25,Lunch,Rice,150,130,15,52.14,7820.28,10.0,86.66666666666667,782.1
FOOD000390,2026-01-25,Lunch,Sambar,84,80,3,41.19,3459.57,3.571428571428571,95.23809523809523,123.57
FOOD000391,2026-01-25,Lunch,Biryani,117,107,5,79.85,9342.67,4.273504273504273,91.45299145299145,399.25
FOOD000392,2026-01-25,Lunch,Noodles,209,190,13,35.43,7404.53,6.220095693779904,90.9090909090909,460.59
FOOD000393,2026-01-25,Snacks,Curd Rice,203,176,25,45.65,9267.44,12.31527093596059,86.69950738916256,1141.25
FOOD000394,2026-01-25,Snacks,Rice,63,53,8,29.51,1859.19,12.698412698412698,84.12698412698413,236.08
FOOD000395,2026-01-25,Snacks,Chicken Curry,249,206,43,58.73,14622.76,17.269076305220885,82.73092369477911,2525.39
FOOD000396,2026-01-25,Snacks,Idli,224,191,27,69.17,15494.65,12.053571428571429,85.26785714285714,1867.5900000000001
FOOD000397,2026-01-25,Dinner,Rice,221,197,18,77.6,17148.86,8.144796380090497,89.14027149321268,1396.8
FOOD000398,2026-01-25,Dinner,Idli,219,182,31,40.08,8777.59,14.15525114155251,83.10502283105022,1242.48
FOOD000399,2026-01-25,Dinner,Chicken Curry,141,120,19,56.0,7895.76,13.47517730496454,85.1063829787234,1064.0
FOOD000400,2026-01-25,Dinner,Fried Rice,86,72,11,68.69,5906.91,12.790697674418606,83.72093023255815,755.5899999999999
FOOD000401,2026-01-26,Breakfast,Idli,243,224,12,49.29,11978.27,4.938271604938271,92.18106995884774,591.48
FOOD000402,2026-01-26,Breakfast,Biryani,151,140,9,31.31,4727.18,5.960264900662252,92.71523178807946,281.78999999999996
FOOD000403,2026-01-26,Breakfast,Dal,131,103,21,56.25,7368.95,16.030534351145036,78.62595419847328,1181.25
FOOD000404,2026-01-26,Breakfast,Chicken Curry,82,64,14,31.15,2554.09,17.073170731707318,78.04878048780488,436.09999999999997
FOOD000405,2026-01-26,Lunch,Dal,174,146,25,67.31,11711.56,14.367816091954023,83.9080459770115,1682.75
FOOD000406,2026-01-26,Lunch,Dosa,225,199,23,67.53,15193.59,10.222222222222223,88.44444444444444,1553.19
FOOD000407,2026-01-26,Lunch,Rice,231,213,11,49.85,11514.72,4.761904761904762,92.20779220779221,548.35
FOOD000408,2026-01-26,Lunch,Curd Rice,199,178,18,71.38,14204.25,9.045226130653267,89.44723618090453,1284.84
FOOD000409,2026-01-26,Snacks,Idli,105,80,18,58.38,6129.99,17.142857142857142,76.19047619047619,1050.8400000000001
FOOD000410,2026-01-26,Snacks,Fried Rice,207,189,16,73.88,15292.31,7.729468599033816,91.30434782608695,1182.08
FOOD000411,2026-01-26,Snacks,Vegetable Curry,191,168,16,72.91,13926.21,8.37696335078534,87.95811518324608,1166.56
FOOD000412,2026-01-26,Snacks,Rice,172,155,10,18.08,3110.42,5.813953488372093,90.11627906976744,180.79999999999998
FOOD000413,2026-01-26,Dinner,Rice,209,187,16,33.13,6923.38,7.655502392344498,89.47368421052632,530.08
FOOD000414,2026-01-26,Dinner,Noodles,248,229,16,51.46,12761.81,6.451612903225806,92.33870967741935,823.36
FOOD000415,2026-01-26,Dinner,Chicken Curry,113,96,12,61.38,6936.5,10.619469026548673,84.95575221238938,736.5600000000001
FOOD000416,2026-01-26,Dinner,Idli,84,72,10,50.63,4252.66,11.904761904761903,85.71428571428571,506.3
FOOD000417,2026-01-27,Breakfast,Chicken Curry,141,132,9,61.54,8676.48,6.382978723404255,93.61702127659575,553.86
FOOD000418,2026-01-27,Breakfast,Rice,238,210,22,58.65,13958.66,9.243697478991598,88.23529411764706,1290.3
FOOD000419,2026-01-27,Breakfast,Dal,87,66,15,21.45,1866.45,17.24137931034483,75.86206896551724,321.75
FOOD000420,2026-01-27,Breakfast,Dosa,213,192,17,72.33,15405.25,7.981220657276995,90.14084507042254,1229.61
FOOD000421,2026-01-27,Lunch,Idli,192,149,37,30.9,5933.56,19.270833333333336,77.60416666666666,1143.3
FOOD000422,2026-01-27,Lunch,Chicken Curry,56,47,4,55.67,3117.32,7.142857142857142,83.92857142857143,222.68
FOOD000423,2026-01-27,Lunch,Chapati,229,193,30,38.72,8867.64,13.100436681222707,84.27947598253274,1161.6
FOOD000424,2026-01-27,Lunch,Dosa,230,199,26,45.93,10564.69,11.304347826086957,86.52173913043478,1194.18
FOOD000425,2026-01-27,Snacks,Biryani,241,207,34,73.37,17682.1,14.107883817427386,85.89211618257261,2494.58
FOOD000426,2026-01-27,Snacks,Curd Rice,157,150,7,45.09,7079.02,4.45859872611465,95.54140127388536,315.63
FOOD000427,2026-01-27,Snacks,Vegetable Curry,130,107,20,79.94,10392.65,15.384615384615385,82.3076923076923,1598.8
FOOD000428,2026-01-27,Snacks,Rice,52,40,8,48.63,2528.92,15.384615384615385,76.92307692307693,389.04
FOOD000429,2026-01-27,Dinner,Sambar,92,70,17,36.11,3321.73,18.478260869565215,76.08695652173914,613.87
FOOD000430,2026-01-27,Dinner,Vegetable Curry,140,129,6,59.54,8335.62,4.285714285714286,92.14285714285714,357.24
FOOD000431,2026-01-27,Dinner,Idli,116,107,8,73.66,8544.52,6.896551724137931,92.24137931034483,589.28
FOOD000432,2026-01-27,Dinner,Curd Rice,116,87,22,52.62,6103.64,18.96551724137931,75.0,1157.6399999999999
FOOD000433,2026-01-28,Breakfast,Dosa,170,146,19,37.4,6357.85,11.176470588235295,85.88235294117646,710.6
FOOD000434,2026-01-28,Breakfast,Chapati,156,130,23,56.78,8857.64,14.743589743589745,83.33333333333334,1305.94
FOOD000435,2026-01-28,Breakfast,Noodles,53,39,8,60.5,3206.4,15.09433962264151,73.58490566037736,484.0
FOOD000436,2026-01-28,Breakfast,Biryani,144,126,16,23.27,3350.56,11.11111111111111,87.5,372.32
FOOD000437,2026-01-28,Lunch,Dosa,92,81,11,68.94,6342.87,11.956521739130435,88.04347826086956,758.3399999999999
FOOD000438,2026-01-28,Lunch,Noodles,230,187,43,34.03,7826.69,18.695652173913043,81.30434782608695,1463.29
FOOD000439,2026-01-28,Lunch,Sambar,84,68,14,53.67,4508.48,16.666666666666664,80.95238095238095,751.38
FOOD000440,2026-01-28,Lunch,Vegetable Curry,235,210,18,32.66,7674.22,7.659574468085106,89.36170212765957,587.8799999999999
FOOD000441,2026-01-28,Snacks,Fried Rice,144,112,28,54.31,7820.48,19.444444444444446,77.77777777777779,1520.68
FOOD000442,2026-01-28,Snacks,Chapati,209,191,17,26.23,5482.95,8.133971291866029,91.38755980861244,445.91
FOOD000443,2026-01-28,Snacks,Curd Rice,73,63,4,73.56,5370.07,5.47945205479452,86.3013698630137,294.24
FOOD000444,2026-01-28,Snacks,Sambar,184,171,12,49.79,9160.94,6.521739130434782,92.93478260869566,597.48
FOOD000445,2026-01-28,Dinner,Sambar,211,178,27,46.24,9757.65,12.796208530805686,84.36018957345972,1248.48
FOOD000446,2026-01-28,Dinner,Chapati,68,58,6,70.57,4798.99,8.823529411764707,85.29411764705883,423.41999999999996
FOOD000447,2026-01-28,Dinner,Dosa,148,136,10,48.07,7114.93,6.756756756756757,91.8918918918919,480.7
FOOD000448,2026-01-28,Dinner,Dal,143,124,19,55.82,7981.6,13.286713286713287,86.7132867132867,1060.58
FOOD000449,2026-01-29,Breakfast,Fried Rice,186,173,11,34.04,6331.39,5.913978494623656,93.01075268817203,374.44
FOOD000450,2026-01-29,Breakfast,Dal,89,70,17,76.39,6798.39,19.101123595505616,78.65168539325843,1298.63
FOOD000451,2026-01-29,Breakfast,Rice,125,102,19,32.43,4054.17,15.2,81.6,616.17
FOOD000452,2026-01-29,Breakfast,Sambar,128,112,13,34.05,4359.0,10.15625,87.5,442.65
FOOD000453,2026-01-29,Lunch,Biryani,66,55,7,57.62,3802.9,10.606060606060606,83.33333333333334,403.34
FOOD000454,2026-01-29,Lunch,Fried Rice,57,53,3,58.59,3339.43,5.263157894736842,92.98245614035088,175.77
FOOD000455,2026-01-29,Lunch,Rice,86,78,7,46.73,4018.63,8.13953488372093,90.69767441860465,327.10999999999996
FOOD000456,2026-01-29,Lunch,Chapati,88,68,15,59.69,5252.94,17.045454545454543,77.27272727272727,895.3499999999999
FOOD000457,2026-01-29,Snacks,Noodles,74,62,10,21.09,1560.61,13.513513513513514,83.78378378378379,210.9
FOOD000458,2026-01-29,Snacks,Curd Rice,53,41,7,49.21,2608.15,13.20754716981132,77.35849056603774,344.47
FOOD000459,2026-01-29,Snacks,Idli,53,46,6,72.52,3843.39,11.320754716981133,86.79245283018868,435.12
FOOD000460,2026-01-29,Snacks,Rice,154,131,19,17.49,2693.26,12.337662337662337,85.06493506493507,332.30999999999995
FOOD000461,2026-01-29,Dinner,Chapati,148,125,17,75.55,11181.73,11.486486486486488,84.45945945945947,1284.35
FOOD000462,2026-01-29,Dinner,Idli,53,43,10,40.4,2141.38,18.867924528301888,81.13207547169812,404.0
FOOD000463,2026-01-29,Dinner,Sambar,183,171,12,38.0,6953.63,6.557377049180328,93.44262295081968,456.0
FOOD000464,2026-01-29,Dinner,Noodles,212,171,40,59.42,12596.4,18.867924528301888,80.66037735849056,2376.8
FOOD000465,2026-01-30,Breakfast,Dosa,184,163,21,35.95,6613.95,11.41304347826087,88.58695652173914,754.95
FOOD000466,2026-01-30,Breakfast,Curd Rice,81,67,8,63.31,5127.94,9.876543209876543,82.71604938271605,506.48
FOOD000467,2026-01-30,Breakfast,Fried Rice,89,82,6,15.37,1367.49,6.741573033707865,92.13483146067416,92.22
FOOD000468,2026-01-30,Breakfast,Rice,179,147,27,26.51,4745.04,15.083798882681565,82.12290502793296,715.7700000000001
FOOD000469,2026-01-30,Lunch,Curd Rice,67,52,10,33.19,2223.76,14.925373134328357,77.61194029850746,331.9
FOOD000470,2026-01-30,Lunch,Vegetable Curry,168,132,29,18.47,3103.79,17.261904761904763,78.57142857142857,535.63
FOOD000471,2026-01-30,Lunch,Idli,157,128,27,31.02,4869.82,17.197452229299362,81.52866242038218,837.54
FOOD000472,2026-01-30,Lunch,Chicken Curry,235,192,43,25.5,5993.18,18.29787234042553,81.70212765957446,1096.5
FOOD000473,2026-01-30,Snacks,Idli,79,67,11,39.0,3080.97,13.924050632911392,84.81012658227847,429.0
FOOD000474,2026-01-30,Snacks,Sambar,218,194,23,59.37,12943.29,10.550458715596331,88.9908256880734,1365.51
FOOD000475,2026-01-30,Snacks,Rice,182,174,7,20.46,3723.6,3.8461538461538463,95.6043956043956,143.22
FOOD000476,2026-01-30,Snacks,Dosa,211,167,42,54.07,11408.75,19.90521327014218,79.14691943127961,2270.94
FOOD000477,2026-01-30,Dinner,Chapati,175,152,19,41.44,7252.42,10.857142857142858,86.85714285714286,787.3599999999999
FOOD000478,2026-01-30,Dinner,Vegetable Curry,245,197,48,65.05,15936.28,19.591836734693878,80.40816326530611,3122.3999999999996
FOOD000479,2026-01-30,Dinner,Dosa,133,109,24,71.25,9476.67,18.045112781954884,81.95488721804512,1710.0
FOOD000480,2026-01-30,Dinner,Sambar,95,82,11,15.69,1490.68,11.578947368421053,86.31578947368422,172.59
FOOD000481,2026-01-31,Breakfast,Idli,190,162,22,45.85,8711.56,11.578947368421053,85.26315789473684,1008.7
FOOD000482,2026-01-31,Breakfast,Dal,112,96,9,66.52,7449.93,8.035714285714286,85.71428571428571,598.68
FOOD000483,2026-01-31,Breakfast,Sambar,231,214,10,60.71,14024.26,4.329004329004329,92.64069264069265,607.1
FOOD000484,2026-01-31,Breakfast,Vegetable Curry,88,71,14,18.68,1644.24,15.909090909090908,80.68181818181817,261.52
FOOD000485,2026-01-31,Lunch,Dosa,94,82,11,16.09,1512.92,11.702127659574469,87.2340425531915,176.99
FOOD000486,2026-01-31,Lunch,Sambar,131,111,20,51.66,6767.32,15.267175572519085,84.7328244274809,1033.1999999999998
FOOD000487,2026-01-31,Lunch,Dal,212,173,33,42.53,9015.84,15.566037735849056,81.60377358490565,1403.49
FOOD000488,2026-01-31,Lunch,Vegetable Curry,107,91,14,23.08,2470.04,13.084112149532709,85.04672897196261,323.12
FOOD000489,2026-01-31,Snacks,Dal,97,79,12,74.29,7206.3,12.371134020618557,81.44329896907216,891.48
FOOD000490,2026-01-31,Snacks,Dosa,75,68,6,27.92,2093.66,8.0,90.66666666666666,167.52
FOOD000491,2026-01-31,Snacks,Fried Rice,105,95,5,67.82,7120.63,4.761904761904762,90.47619047619048,339.09999999999997
FOOD000492,2026-01-31,Snacks,Sambar,175,150,18,16.16,2828.23,10.285714285714285,85.71428571428571,290.88
FOOD000493,2026-01-31,Dinner,Biryani,121,97,19,72.59,8782.92,15.702479338842975,80.16528925619835,1379.21
FOOD000494,2026-01-31,Dinner,Rice,235,197,36,24.76,5819.49,15.319148936170212,83.82978723404256,891.36
FOOD000495,2026-01-31,Dinner,Fried Rice,116,98,17,23.38,2711.55,14.655172413793101,84.48275862068965,397.46
FOOD000496,2026-01-31,Dinner,Chapati,165,135,28,15.89,2621.99,16.969696969696972,81.81818181818183,444.92
FOOD000497,2026-02-01,Breakfast,Biryani,211,196,15,21.79,4597.5,7.109004739336493,92.89099526066352,326.84999999999997
FOOD000498,2026-02-01,Breakfast,Noodles,183,167,16,65.83,12047.6,8.743169398907105,91.2568306010929,1053.28
FOOD000499,2026-02-01,Breakfast,Dal,96,77,18,79.24,7606.58,18.75,80.20833333333334,1426.32
FOOD000500,2026-02-01,Breakfast,Vegetable Curry,236,212,21,45.91,10834.26,8.898305084745763,89.83050847457628,964.1099999999999
FOOD000501,2026-02-01,Lunch,Noodles,84,71,6,36.41,3058.47,7.142857142857142,84.52380952380952,218.45999999999998
FOOD000502,2026-02-01,Lunch,Sambar,232,208,24,76.71,17796.38,10.344827586206897,89.65517241379311,1841.04
FOOD000503,2026-02-01,Lunch,Biryani,124,106,13,23.01,2853.57,10.483870967741936,85.48387096774194,299.13
FOOD000504,2026-02-01,Lunch,Curd Rice,56,49,3,37.08,2076.52,5.357142857142857,87.5,111.24
FOOD000505,2026-02-01,Snacks,Idli,149,139,8,46.67,6953.84,5.369127516778524,93.28859060402685,373.36
FOOD000506,2026-02-01,Snacks,Vegetable Curry,106,78,21,28.11,2979.44,19.81132075471698,73.58490566037736,590.31
FOOD000507,2026-02-01,Snacks,Fried Rice,172,136,31,70.09,12056.18,18.023255813953487,79.06976744186046,2172.79
FOOD000508,2026-02-01,Snacks,Dal,71,52,13,75.8,5381.88,18.30985915492958,73.23943661971832,985.4
FOOD000509,2026-02-01,Dinner,Curd Rice,137,116,16,15.6,2136.98,11.678832116788321,84.67153284671532,249.6
FOOD000510,2026-02-01,Dinner,Noodles,163,134,28,46.61,7597.97,17.177914110429448,82.20858895705521,1305.08
FOOD000511,2026-02-01,Dinner,Chapati,158,140,18,44.77,7073.77,11.39240506329114,88.60759493670885,805.86
FOOD000512,2026-02-01,Dinner,Sambar,87,74,8,20.2,1757.28,9.195402298850574,85.0574712643678,161.6
FOOD000513,2026-02-02,Breakfast,Dal,194,160,31,54.07,10488.87,15.979381443298967,82.4742268041237,1676.17
FOOD000514,2026-02-02,Breakfast,Noodles,187,167,14,25.17,4706.28,7.4866310160427805,89.3048128342246,352.38
FOOD000515,2026-02-02,Breakfast,Sambar,88,78,5,76.9,6766.86,5.681818181818182,88.63636363636364,384.5
FOOD000516,2026-02-02,Breakfast,Chapati,197,159,31,24.96,4916.71,15.736040609137056,80.71065989847716,773.76
FOOD000517,2026-02-02,Lunch,Dosa,149,123,26,63.96,9529.7,17.449664429530202,82.5503355704698,1662.96
FOOD000518,2026-02-02,Lunch,Rice,202,187,8,57.88,11690.88,3.9603960396039604,92.57425742574257,463.04
FOOD000519,2026-02-02,Lunch,Noodles,229,200,27,27.48,6293.05,11.790393013100436,87.33624454148472,741.96
FOOD000520,2026-02-02,Lunch,Sambar,245,205,37,19.49,4776.12,15.10204081632653,83.6734693877551,721.13
FOOD000521,2026-02-02,Snacks,Chapati,151,137,11,57.03,8611.3,7.28476821192053,90.72847682119205,627.33
FOOD000522,2026-02-02,Snacks,Chicken Curry,233,191,37,70.26,16370.83,15.879828326180256,81.97424892703863,2599.6200000000003
FOOD000523,2026-02-02,Snacks,Noodles,226,203,21,74.3,16791.45,9.29203539823009,89.82300884955751,1560.3
FOOD000524,2026-02-02,Snacks,Rice,177,151,21,17.14,3034.02,11.864406779661017,85.31073446327684,359.94
FOOD000525,2026-02-02,Dinner,Noodles,161,139,16,59.5,9579.82,9.937888198757763,86.33540372670807,952.0
FOOD000526,2026-02-02,Dinner,Chicken Curry,92,83,9,46.35,4264.06,9.782608695652174,90.21739130434783,417.15000000000003
FOOD000527,2026-02-02,Dinner,Vegetable Curry,76,67,3,31.06,2360.47,3.9473684210526314,88.1578947368421,93.17999999999999
FOOD000528,2026-02-02,Dinner,Curd Rice,242,195,42,25.62,6201.22,17.355371900826448,80.57851239669421,1076.04
FOOD000529,2026-02-03,Breakfast,Chapati,224,195,25,65.07,14575.77,11.160714285714286,87.05357142857143,1626.7499999999998
FOOD000530,2026-02-03,Breakfast,Biryani,100,87,9,50.96,5095.58,9.0,87.0,458.64
FOOD000531,2026-02-03,Breakfast,Vegetable Curry,126,111,11,54.48,6864.96,8.73015873015873,88.09523809523809,599.28
FOOD000532,2026-02-03,Breakfast,Fried Rice,89,70,14,22.95,2042.91,15.730337078651685,78.65168539325843,321.3
FOOD000533,2026-02-03,Lunch,Rice,125,116,9,49.74,6217.18,7.199999999999999,92.80000000000001,447.66
FOOD000534,2026-02-03,Lunch,Chapati,104,91,10,64.33,6690.63,9.615384615384617,87.5,643.3
FOOD000535,2026-02-03,Lunch,Fried Rice,158,142,9,74.16,11717.48,5.69620253164557,89.87341772151899,667.4399999999999
FOOD000536,2026-02-03,Lunch,Sambar,134,105,23,29.23,3916.46,17.16417910447761,78.35820895522389,672.29
FOOD000537,2026-02-03,Snacks,Idli,96,81,12,50.46,4843.78,12.5,84.375,605.52
FOOD000538,2026-02-03,Snacks,Vegetable Curry,240,196,43,70.08,16818.87,17.916666666666668,81.66666666666667,3013.44
FOOD000539,2026-02-03,Snacks,Biryani,247,209,37,26.18,6465.66,14.979757085020243,84.61538461538461,968.66
FOOD000540,2026-02-03,Snacks,Dosa,164,144,13,15.14,2482.6,7.926829268292683,87.8048780487805,196.82
FOOD000541,2026-02-03,Dinner,Biryani,189,160,29,54.98,10391.76,15.343915343915343,84.65608465608466,1594.4199999999998
FOOD000542,2026-02-03,Dinner,Sambar,228,189,32,62.42,14231.82,14.035087719298245,82.89473684210526,1997.44
FOOD000543,2026-02-03,Dinner,Chicken Curry,164,125,32,39.23,6434.18,19.51219512195122,76.21951219512195,1255.36
FOOD000544,2026-02-03,Dinner,Noodles,178,153,24,77.61,13814.18,13.48314606741573,85.95505617977528,1862.6399999999999
FOOD000545,2026-02-04,Breakfast,Biryani,54,47,3,28.24,1525.08,5.555555555555555,87.03703703703704,84.72
FOOD000546,2026-02-04,Breakfast,Dosa,58,49,3,28.04,1626.39,5.172413793103448,84.48275862068965,84.12
FOOD000547,2026-02-04,Breakfast,Curd Rice,149,132,11,16.95,2525.08,7.38255033557047,88.59060402684564,186.45
FOOD000548,2026-02-04,Breakfast,Chapati,200,170,23,35.49,7097.12,11.5,85.0,816.2700000000001
FOOD000549,2026-02-04,Lunch,Curd Rice,230,183,42,68.39,15730.08,18.26086956521739,79.56521739130434,2872.38
FOOD000550,2026-02-04,Lunch,Dosa,56,43,6,70.92,3971.6,10.714285714285714,76.78571428571429,425.52
FOOD000551,2026-02-04,Lunch,Vegetable Curry,188,169,12,64.12,12055.03,6.382978723404255,89.8936170212766,769.44
FOOD000552,2026-02-04,Lunch,Biryani,78,65,6,56.16,4380.76,7.6923076923076925,83.33333333333334,336.96
FOOD000553,2026-02-04,Snacks,Chicken Curry,52,43,7,54.96,2857.87,13.461538461538462,82.6923076923077,384.72
FOOD000554,2026-02-04,Snacks,Chapati,201,165,33,59.27,11913.65,16.417910447761194,82.08955223880598,1955.91
FOOD000555,2026-02-04,Snacks,Rice,209,186,17,15.52,3242.83,8.133971291866029,88.99521531100478,263.84
FOOD000556,2026-02-04,Snacks,Fried Rice,60,53,5,16.65,998.79,8.333333333333332,88.33333333333333,83.25
FOOD000557,2026-02-04,Dinner,Biryani,199,187,9,74.62,14849.15,4.522613065326634,93.96984924623115,671.58
FOOD000558,2026-02-04,Dinner,Dosa,81,75,4,31.16,2523.68,4.938271604938271,92.5925925925926,124.64
FOOD000559,2026-02-04,Dinner,Dal,219,187,31,45.73,10015.06,14.15525114155251,85.38812785388129,1417.6299999999999
FOOD000560,2026-02-04,Dinner,Fried Rice,92,81,4,73.8,6789.73,4.3478260869565215,88.04347826086956,295.2
FOOD000561,2026-02-05,Breakfast,Idli,248,227,21,53.45,13255.87,8.46774193548387,91.53225806451613,1122.45
FOOD000562,2026-02-05,Breakfast,Dosa,53,49,4,40.88,2166.82,7.547169811320755,92.45283018867924,163.52
FOOD000563,2026-02-05,Breakfast,Biryani,248,207,41,59.83,14838.39,16.532258064516128,83.46774193548387,2453.0299999999997
FOOD000564,2026-02-05,Breakfast,Sambar,210,176,29,30.5,6404.69,13.80952380952381,83.80952380952381,884.5
FOOD000565,2026-02-05,Lunch,Vegetable Curry,92,73,12,33.8,3109.36,13.043478260869565,79.34782608695652,405.59999999999997
FOOD000566,2026-02-05,Lunch,Dal,147,131,9,41.77,6140.59,6.122448979591836,89.1156462585034,375.93
FOOD000567,2026-02-05,Lunch,Chapati,242,220,22,79.34,19201.26,9.090909090909092,90.9090909090909,1745.48
FOOD000568,2026-02-05,Lunch,Fried Rice,217,173,39,77.1,16731.12,17.972350230414747,79.72350230414746,3006.8999999999996
FOOD000569,2026-02-05,Snacks,Chicken Curry,218,175,42,55.83,12170.28,19.26605504587156,80.27522935779817,2344.86
FOOD000570,2026-02-05,Snacks,Curd Rice,52,47,5,32.22,1675.57,9.615384615384617,90.38461538461539,161.1
FOOD000571,2026-02-05,Snacks,Chapati,227,208,14,48.13,10925.17,6.167400881057269,91.62995594713657,673.82
FOOD000572,2026-02-05,Snacks,Idli,241,228,12,75.34,18156.9,4.979253112033195,94.6058091286307,904.08
FOOD000573,2026-02-05,Dinner,Sambar,91,75,13,30.53,2778.57,14.285714285714285,82.41758241758241,396.89
FOOD000574,2026-02-05,Dinner,Dal,182,146,30,45.82,8338.34,16.483516483516482,80.21978021978022,1374.6
FOOD000575,2026-02-05,Dinner,Dosa,206,196,10,18.43,3795.99,4.854368932038835,95.14563106796116,184.3
FOOD000576,2026-02-05,Dinner,Curd Rice,175,156,13,42.32,7406.06,7.428571428571429,89.14285714285714,550.16
FOOD000577,2026-02-06,Breakfast,Rice,237,208,26,77.43,18350.71,10.970464135021098,87.76371308016878,2013.1800000000003
FOOD000578,2026-02-06,Breakfast,Chicken Curry,245,223,20,54.26,13293.19,8.16326530612245,91.02040816326532,1085.2
FOOD000579,2026-02-06,Breakfast,Dosa,172,159,10,17.89,3076.47,5.813953488372093,92.44186046511628,178.9
FOOD000580,2026-02-06,Breakfast,Sambar,214,196,16,57.68,12344.42,7.476635514018691,91.58878504672897,922.88
FOOD000581,2026-02-06,Lunch,Sambar,114,103,6,32.9,3750.96,5.263157894736842,90.35087719298247,197.39999999999998
FOOD000582,2026-02-06,Lunch,Chapati,144,130,13,58.27,8391.34,9.027777777777777,90.27777777777779,757.51
FOOD000583,2026-02-06,Lunch,Curd Rice,104,91,11,44.89,4668.4,10.576923076923077,87.5,493.79
FOOD000584,2026-02-06,Lunch,Fried Rice,170,159,10,36.59,6220.99,5.88235294117647,93.52941176470588,365.90000000000003
FOOD000585,2026-02-06,Snacks,Biryani,72,59,7,62.83,4523.86,9.722222222222223,81.94444444444444,439.81
FOOD000586,2026-02-06,Snacks,Chicken Curry,237,193,37,18.26,4327.82,15.611814345991561,81.43459915611815,675.62
FOOD000587,2026-02-06,Snacks,Curd Rice,164,153,7,20.45,3354.3,4.2682926829268295,93.29268292682927,143.15
FOOD000588,2026-02-06,Snacks,Vegetable Curry,175,160,13,71.13,12447.33,7.428571428571429,91.42857142857143,924.6899999999999
FOOD000589,2026-02-06,Dinner,Dosa,214,172,40,39.99,8556.85,18.69158878504673,80.37383177570094,1599.6000000000001
FOOD000590,2026-02-06,Dinner,Idli,212,196,15,48.51,10283.55,7.0754716981132075,92.45283018867924,727.65
FOOD000591,2026-02-06,Dinner,Sambar,224,178,40,59.97,13433.41,17.857142857142858,79.46428571428571,2398.8
FOOD000592,2026-02-06,Dinner,Dal,52,43,6,45.81,2381.94,11.538461538461538,82.6923076923077,274.86
FOOD000593,2026-02-07,Breakfast,Dal,95,85,5,30.07,2856.75,5.263157894736842,89.47368421052632,150.35
FOOD000594,2026-02-07,Breakfast,Dosa,139,113,19,37.73,5244.71,13.66906474820144,81.29496402877699,716.8699999999999
FOOD000595,2026-02-07,Breakfast,Curd Rice,245,226,15,46.26,11333.25,6.122448979591836,92.24489795918367,693.9
FOOD000596,2026-02-07,Breakfast,Vegetable Curry,174,159,12,26.49,4609.0,6.896551724137931,91.37931034482759,317.88
FOOD000597,2026-02-07,Lunch,Vegetable Curry,222,190,27,46.76,10381.37,12.162162162162163,85.58558558558559,1262.52
FOOD000598,2026-02-07,Lunch,Rice,114,93,15,59.28,6758.23,13.157894736842104,81.57894736842105,889.2
FOOD000599,2026-02-07,Lunch,Sambar,131,120,11,16.17,2118.27,8.396946564885496,91.6030534351145,177.87
FOOD000600,2026-02-07,Lunch,Curd Rice,231,215,15,16.13,3725.18,6.493506493506493,93.07359307359307,241.95
FOOD000601,2026-02-07,Snacks,Idli,215,178,37,73.97,15903.75,17.209302325581397,82.7906976744186,2736.89
FOOD000602,2026-02-07,Snacks,Curd Rice,113,94,16,59.99,6779.25,14.15929203539823,83.1858407079646,959.84
FOOD000603,2026-02-07,Snacks,Sambar,123,111,9,24.15,2970.56,7.317073170731707,90.2439024390244,217.35
FOOD000604,2026-02-07,Snacks,Dosa,83,68,14,69.11,5736.3,16.867469879518072,81.92771084337349,967.54
FOOD000605,2026-02-07,Dinner,Dal,165,127,32,32.94,5435.9,19.393939393939394,76.96969696969697,1054.08
FOOD000606,2026-02-07,Dinner,Biryani,120,101,17,63.8,7656.48,14.166666666666666,84.16666666666667,1084.6
FOOD000607,2026-02-07,Dinner,Fried Rice,217,194,17,72.85,15808.92,7.834101382488479,89.40092165898618,1238.4499999999998
FOOD000608,2026-02-07,Dinner,Chicken Curry,186,166,19,44.78,8329.64,10.21505376344086,89.24731182795699,850.82
FOOD000609,2026-02-08,Breakfast,Biryani,201,169,28,58.78,11815.65,13.930348258706468,84.07960199004975,1645.8400000000001
FOOD000610,2026-02-08,Breakfast,Curd Rice,78,62,13,51.37,4006.96,16.666666666666664,79.48717948717949,667.81
FOOD000611,2026-02-08,Breakfast,Idli,146,119,25,35.51,5184.2,17.123287671232877,81.5068493150685,887.75
FOOD000612,2026-02-08,Breakfast,Chicken Curry,105,94,6,79.31,8327.94,5.714285714285714,89.52380952380953,475.86
FOOD000613,2026-02-08,Lunch,Biryani,230,188,42,34.84,8013.34,18.26086956521739,81.73913043478261,1463.2800000000002
FOOD000614,2026-02-08,Lunch,Dal,246,203,42,65.6,16138.01,17.073170731707318,82.52032520325203,2755.2
FOOD000615,2026-02-08,Lunch,Noodles,180,146,30,15.68,2821.64,16.666666666666664,81.11111111111111,470.4
FOOD000616,2026-02-08,Lunch,Curd Rice,56,48,6,19.16,1072.85,10.714285714285714,85.71428571428571,114.96000000000001
FOOD000617,2026-02-08,Snacks,Dosa,56,40,10,70.31,3937.3,17.857142857142858,71.42857142857143,703.1
FOOD000618,2026-02-08,Snacks,Chicken Curry,138,118,18,46.88,6469.38,13.043478260869565,85.5072463768116,843.84
FOOD000619,2026-02-08,Snacks,Idli,62,46,9,21.71,1346.09,14.516129032258066,74.19354838709677,195.39000000000001
FOOD000620,2026-02-08,Snacks,Rice,167,154,9,18.47,3084.18,5.389221556886228,92.21556886227546,166.23
FOOD000621,2026-02-08,Dinner,Idli,130,115,12,69.88,9083.95,9.230769230769232,88.46153846153845,838.56
FOOD000622,2026-02-08,Dinner,Biryani,108,88,15,48.05,5189.67,13.88888888888889,81.48148148148148,720.75
FOOD000623,2026-02-08,Dinner,Noodles,213,191,17,39.31,8372.07,7.981220657276995,89.67136150234741,668.27
FOOD000624,2026-02-08,Dinner,Chapati,138,118,13,39.58,5462.6,9.420289855072465,85.5072463768116,514.54
FOOD000625,2026-02-09,Breakfast,Idli,205,184,21,20.97,4298.83,10.24390243902439,89.75609756097562,440.37
FOOD000626,2026-02-09,Breakfast,Noodles,207,178,29,44.07,9121.88,14.009661835748794,85.99033816425121,1278.03
FOOD000627,2026-02-09,Breakfast,Dosa,96,87,4,35.3,3388.98,4.166666666666666,90.625,141.2
FOOD000628,2026-02-09,Breakfast,Curd Rice,213,196,10,32.35,6891.0,4.694835680751173,92.01877934272301,323.5
FOOD000629,2026-02-09,Lunch,Chapati,218,186,26,68.46,14924.0,11.926605504587156,85.3211009174312,1779.9599999999998
FOOD000630,2026-02-09,Lunch,Rice,119,97,15,34.98,4162.6,12.605042016806722,81.5126050420168,524.6999999999999
FOOD000631,2026-02-09,Lunch,Dosa,68,54,8,40.28,2739.22,11.76470588235294,79.41176470588235,322.24
FOOD000632,2026-02-09,Lunch,Fried Rice,108,90,13,16.95,1830.67,12.037037037037036,83.33333333333334,220.35
FOOD000633,2026-02-09,Snacks,Idli,110,88,19,39.92,4390.8,17.272727272727273,80.0,758.48
FOOD000634,2026-02-09,Snacks,Vegetable Curry,84,75,4,79.67,6692.44,4.761904761904762,89.28571428571429,318.68
FOOD000635,2026-02-09,Snacks,Sambar,241,196,38,30.07,7246.66,15.767634854771783,81.32780082987551,1142.66
FOOD000636,2026-02-09,Snacks,Chicken Curry,50,45,5,15.25,762.6,10.0,90.0,76.25
FOOD000637,2026-02-09,Dinner,Fried Rice,137,127,6,64.98,8902.08,4.37956204379562,92.7007299270073,389.88
FOOD000638,2026-02-09,Dinner,Vegetable Curry,191,162,28,29.14,5565.06,14.659685863874344,84.81675392670157,815.9200000000001
FOOD000639,2026-02-09,Dinner,Rice,129,119,7,39.62,5110.95,5.426356589147287,92.24806201550388,277.34
FOOD000640,2026-02-09,Dinner,Biryani,59,49,7,51.42,3033.86,11.864406779661017,83.05084745762711,359.94
FOOD000641,2026-02-10,Breakfast,Biryani,158,128,30,27.41,4330.43,18.9873417721519,81.0126582278481,822.3
FOOD000642,2026-02-10,Breakfast,Sambar,52,45,6,62.13,3230.83,11.538461538461538,86.53846153846155,372.78000000000003
FOOD000643,2026-02-10,Breakfast,Vegetable Curry,209,183,22,73.12,15281.65,10.526315789473683,87.5598086124402,1608.64
FOOD000644,2026-02-10,Breakfast,Noodles,114,96,16,78.66,8967.45,14.035087719298245,84.21052631578947,1258.56
FOOD000645,2026-02-10,Lunch,Dal,90,74,15,71.29,6416.18,16.666666666666664,82.22222222222221,1069.3500000000001
FOOD000646,2026-02-10,Lunch,Dosa,125,102,17,16.74,2092.44,13.600000000000001,81.6,284.58
FOOD000647,2026-02-10,Lunch,Vegetable Curry,53,45,6,57.8,3063.16,11.320754716981133,84.90566037735849,346.79999999999995
FOOD000648,2026-02-10,Lunch,Noodles,133,126,6,38.9,5174.2,4.511278195488721,94.73684210526315,233.39999999999998
FOOD000649,2026-02-10,Snacks,Dosa,101,87,11,20.1,2029.88,10.891089108910892,86.13861386138613,221.10000000000002
FOOD000650,2026-02-10,Snacks,Chapati,131,122,5,70.05,9176.06,3.816793893129771,93.12977099236642,350.25
FOOD000651,2026-02-10,Snacks,Idli,161,149,12,55.08,8868.15,7.453416149068323,92.54658385093167,660.96
FOOD000652,2026-02-10,Snacks,Vegetable Curry,148,124,20,44.65,6607.5,13.513513513513514,83.78378378378379,893.0
FOOD000653,2026-02-10,Dinner,Chapati,190,172,15,72.85,13841.99,7.894736842105263,90.52631578947368,1092.75
FOOD000654,2026-02-10,Dinner,Rice,108,99,5,29.16,3149.63,4.62962962962963,91.66666666666666,145.8
FOOD000655,2026-02-10,Dinner,Dosa,112,104,7,26.31,2946.63,6.25,92.85714285714286,184.17
FOOD000656,2026-02-10,Dinner,Sambar,153,118,28,79.38,12145.51,18.30065359477124,77.12418300653596,2222.64
FOOD000657,2026-02-11,Breakfast,Dal,109,100,8,25.63,2793.27,7.339449541284404,91.74311926605505,205.04
FOOD000658,2026-02-11,Breakfast,Idli,152,135,16,44.59,6777.03,10.526315789473683,88.81578947368422,713.44
FOOD000659,2026-02-11,Breakfast,Curd Rice,119,100,15,74.05,8812.12,12.605042016806722,84.03361344537815,1110.75
FOOD000660,2026-02-11,Breakfast,Vegetable Curry,123,99,24,19.91,2449.2,19.51219512195122,80.48780487804879,477.84000000000003
FOOD000661,2026-02-11,Lunch,Fried Rice,96,88,7,61.22,5877.0,7.291666666666667,91.66666666666666,428.53999999999996
FOOD000662,2026-02-11,Lunch,Chicken Curry,154,128,25,78.84,12141.51,16.233766233766232,83.11688311688312,1971.0
FOOD000663,2026-02-11,Lunch,Curd Rice,245,210,33,70.31,17226.22,13.46938775510204,85.71428571428571,2320.23
FOOD000664,2026-02-11,Lunch,Rice,214,202,12,36.07,7719.93,5.607476635514018,94.39252336448598,432.84000000000003
FOOD000665,2026-02-11,Snacks,Noodles,157,137,20,61.92,9721.14,12.738853503184714,87.26114649681529,1238.4
FOOD000666,2026-02-11,Snacks,Vegetable Curry,114,101,7,53.96,6151.27,6.140350877192982,88.59649122807018,377.72
FOOD000667,2026-02-11,Snacks,Chicken Curry,233,201,27,21.51,5012.35,11.587982832618025,86.26609442060087,580.7700000000001
FOOD000668,2026-02-11,Snacks,Fried Rice,151,129,22,66.39,10025.62,14.56953642384106,85.43046357615894,1460.58
FOOD000669,2026-02-11,Dinner,Rice,137,127,5,47.44,6499.6,3.64963503649635,92.7007299270073,237.2
FOOD000670,2026-02-11,Dinner,Vegetable Curry,215,192,16,31.02,6670.24,7.441860465116279,89.30232558139535,496.32
FOOD000671,2026-02-11,Dinner,Dal,244,227,15,75.28,18369.25,6.147540983606557,93.0327868852459,1129.2
FOOD000672,2026-02-11,Dinner,Idli,245,225,19,77.96,19099.79,7.755102040816326,91.83673469387756,1481.2399999999998
FOOD000673,2026-02-12,Breakfast,Rice,117,106,7,23.51,2750.58,5.982905982905983,90.5982905982906,164.57000000000002
FOOD000674,2026-02-12,Breakfast,Fried Rice,213,179,30,70.62,15042.61,14.084507042253522,84.03755868544602,2118.6000000000004
FOOD000675,2026-02-12,Breakfast,Curd Rice,64,62,2,23.84,1525.87,3.125,96.875,47.68
FOOD000676,2026-02-12,Breakfast,Chapati,170,155,11,52.62,8946.12,6.470588235294119,91.17647058823529,578.8199999999999
FOOD000677,2026-02-12,Lunch,Biryani,215,172,36,22.02,4733.43,16.74418604651163,80.0,792.72
FOOD000678,2026-02-12,Lunch,Idli,245,205,39,73.32,17963.87,15.918367346938775,83.6734693877551,2859.4799999999996
FOOD000679,2026-02-12,Lunch,Chapati,89,69,17,22.92,2039.51,19.101123595505616,77.52808988764045,389.64000000000004
FOOD000680,2026-02-12,Lunch,Dosa,66,57,4,33.79,2230.28,6.0606060606060606,86.36363636363636,135.16
FOOD000681,2026-02-12,Snacks,Vegetable Curry,80,61,15,50.1,4007.64,18.75,76.25,751.5
FOOD000682,2026-02-12,Snacks,Dal,214,196,17,16.41,3510.75,7.943925233644859,91.58878504672897,278.97
FOOD000683,2026-02-12,Snacks,Rice,61,49,10,39.55,2412.6,16.39344262295082,80.32786885245902,395.5
FOOD000684,2026-02-12,Snacks,Sambar,182,155,20,69.07,12569.83,10.989010989010989,85.16483516483517,1381.3999999999999
FOOD000685,2026-02-12,Dinner,Curd Rice,58,53,2,29.97,1738.17,3.4482758620689653,91.37931034482759,59.94
FOOD000686,2026-02-12,Dinner,Chicken Curry,51,40,4,65.05,3317.46,7.8431372549019605,78.43137254901961,260.2
FOOD000687,2026-02-12,Dinner,Rice,166,131,30,75.2,12482.63,18.072289156626507,78.91566265060241,2256.0
FOOD000688,2026-02-12,Dinner,Noodles,232,212,20,72.83,16895.77,8.620689655172415,91.37931034482759,1456.6
FOOD000689,2026-02-13,Breakfast,Dal,199,172,26,15.57,3098.13,13.06532663316583,86.4321608040201,404.82
FOOD000690,2026-02-13,Breakfast,Dosa,61,45,11,39.43,2405.34,18.0327868852459,73.77049180327869,433.73
FOOD000691,2026-02-13,Breakfast,Sambar,220,176,43,27.15,5973.08,19.545454545454547,80.0,1167.45
FOOD000692,2026-02-13,Breakfast,Rice,204,161,37,23.49,4791.26,18.137254901960784,78.92156862745098,869.13
FOOD000693,2026-02-13,Lunch,Chapati,133,111,15,18.16,2414.62,11.278195488721805,83.45864661654136,272.4
FOOD000694,2026-02-13,Lunch,Sambar,170,150,16,69.0,11730.08,9.411764705882353,88.23529411764706,1104.0
FOOD000695,2026-02-13,Lunch,Fried Rice,177,159,13,26.5,4690.47,7.344632768361582,89.83050847457628,344.5
FOOD000696,2026-02-13,Lunch,Vegetable Curry,232,209,23,69.59,16145.52,9.913793103448276,90.08620689655173,1600.5700000000002
FOOD000697,2026-02-13,Snacks,Curd Rice,147,124,18,54.01,7940.16,12.244897959183673,84.35374149659864,972.18
FOOD000698,2026-02-13,Snacks,Dosa,199,181,13,27.26,5423.96,6.532663316582915,90.95477386934674,354.38
FOOD000699,2026-02-13,Snacks,Fried Rice,199,161,37,77.97,15516.87,18.592964824120603,80.90452261306532,2884.89
FOOD000700,2026-02-13,Snacks,Idli,79,60,13,50.33,3976.21,16.455696202531644,75.9493670886076,654.29
FOOD000701,2026-02-13,Dinner,Dosa,244,197,40,38.07,9289.48,16.39344262295082,80.73770491803278,1522.8
FOOD000702,2026-02-13,Dinner,Noodles,156,134,17,60.64,9459.94,10.897435897435898,85.8974358974359,1030.88
FOOD000703,2026-02-13,Dinner,Sambar,150,122,27,68.16,10224.23,18.0,81.33333333333333,1840.32
FOOD000704,2026-02-13,Dinner,Dal,151,141,10,23.45,3540.23,6.622516556291391,93.37748344370861,234.5
FOOD000705,2026-02-14,Breakfast,Chapati,94,79,14,17.62,1656.47,14.893617021276595,84.04255319148936,246.68
FOOD000706,2026-02-14,Breakfast,Idli,154,125,24,66.84,10293.93,15.584415584415584,81.16883116883116,1604.16
FOOD000707,2026-02-14,Breakfast,Sambar,228,200,25,24.59,5606.06,10.964912280701753,87.71929824561403,614.75
FOOD000708,2026-02-14,Breakfast,Noodles,239,190,46,43.31,10351.12,19.246861924686193,79.49790794979079,1992.2600000000002
FOOD000709,2026-02-14,Lunch,Rice,166,155,11,79.41,13181.64,6.626506024096386,93.37349397590361,873.51
FOOD000710,2026-02-14,Lunch,Biryani,53,39,7,59.08,3131.29,13.20754716981132,73.58490566037736,413.56
FOOD000711,2026-02-14,Lunch,Chicken Curry,111,99,11,56.83,6307.67,9.90990990990991,89.1891891891892,625.13
FOOD000712,2026-02-14,Lunch,Dosa,148,121,20,77.19,11424.05,13.513513513513514,81.75675675675676,1543.8
FOOD000713,2026-02-14,Snacks,Dosa,244,214,29,68.6,16737.84,11.885245901639344,87.70491803278688,1989.3999999999999
FOOD000714,2026-02-14,Snacks,Chapati,223,184,32,34.84,7768.5,14.349775784753364,82.51121076233184,1114.88
FOOD000715,2026-02-14,Snacks,Chicken Curry,225,211,13,42.2,9495.81,5.777777777777778,93.77777777777779,548.6
FOOD000716,2026-02-14,Snacks,Noodles,193,167,20,46.77,9026.79,10.362694300518134,86.52849740932642,935.4000000000001
FOOD000717,2026-02-14,Dinner,Noodles,87,78,8,17.28,1503.34,9.195402298850574,89.65517241379311,138.24
FOOD000718,2026-02-14,Dinner,Chapati,98,88,7,49.76,4876.38,7.142857142857142,89.79591836734694,348.32
FOOD000719,2026-02-14,Dinner,Dal,216,178,37,63.47,13709.53,17.12962962962963,82.4074074074074,2348.39
FOOD000720,2026-02-14,Dinner,Idli,134,118,16,33.66,4510.57,11.940298507462686,88.05970149253731,538.56
FOOD000721,2026-02-15,Breakfast,Noodles,239,227,9,40.84,9760.44,3.765690376569038,94.97907949790795,367.56000000000006
FOOD000722,2026-02-15,Breakfast,Chicken Curry,226,196,23,50.11,11325.88,10.176991150442479,86.72566371681415,1152.53
FOOD000723,2026-02-15,Breakfast,Vegetable Curry,149,125,21,38.16,5685.85,14.093959731543624,83.89261744966443,801.3599999999999
FOOD000724,2026-02-15,Breakfast,Idli,76,66,3,48.81,3709.46,3.9473684210526314,86.8421052631579,146.43
FOOD000725,2026-02-15,Lunch,Curd Rice,185,144,34,52.93,9791.53,18.37837837837838,77.83783783783784,1799.62
FOOD000726,2026-02-15,Lunch,Fried Rice,172,151,14,73.76,12685.99,8.13953488372093,87.79069767441861,1032.64
FOOD000727,2026-02-15,Lunch,Dosa,68,59,4,71.4,4855.23,5.88235294117647,86.76470588235294,285.6
FOOD000728,2026-02-15,Lunch,Sambar,50,44,6,42.05,2102.6,12.0,88.0,252.29999999999998
FOOD000729,2026-02-15,Snacks,Fried Rice,121,108,6,77.45,9371.39,4.958677685950414,89.25619834710744,464.70000000000005
FOOD000730,2026-02-15,Snacks,Curd Rice,142,121,18,51.13,7260.84,12.676056338028168,85.2112676056338,920.34
FOOD000731,2026-02-15,Snacks,Vegetable Curry,112,94,12,26.35,2951.2,10.714285714285714,83.92857142857143,316.20000000000005
FOOD000732,2026-02-15,Snacks,Noodles,176,148,24,26.78,4714.08,13.636363636363635,84.0909090909091,642.72
FOOD000733,2026-02-15,Dinner,Vegetable Curry,59,55,2,79.87,4712.15,3.389830508474576,93.22033898305084,159.74
FOOD000734,2026-02-15,Dinner,Fried Rice,104,80,18,35.37,3678.87,17.307692307692307,76.92307692307693,636.66
FOOD000735,2026-02-15,Dinner,Chapati,247,206,35,69.69,17212.77,14.17004048582996,83.40080971659918,2439.15
FOOD000736,2026-02-15,Dinner,Dosa,196,160,33,79.28,15538.88,16.83673469387755,81.63265306122449,2616.2400000000002
FOOD000737,2026-02-16,Breakfast,Sambar,96,85,11,74.6,7161.3,11.458333333333332,88.54166666666666,820.5999999999999
FOOD000738,2026-02-16,Breakfast,Idli,51,36,9,38.86,1981.69,17.647058823529413,70.58823529411765,349.74
FOOD000739,2026-02-16,Breakfast,Chicken Curry,210,176,30,45.13,9478.07,14.285714285714285,83.80952380952381,1353.9
FOOD000740,2026-02-16,Breakfast,Vegetable Curry,89,70,12,19.75,1757.42,13.48314606741573,78.65168539325843,237.0
FOOD000741,2026-02-16,Lunch,Fried Rice,161,134,27,54.75,8814.55,16.77018633540373,83.22981366459628,1478.25
FOOD000742,2026-02-16,Lunch,Dosa,93,79,9,52.09,4844.56,9.67741935483871,84.94623655913979,468.81000000000006
FOOD000743,2026-02-16,Lunch,Dal,222,196,21,49.86,11069.29,9.45945945945946,88.28828828828829,1047.06
FOOD000744,2026-02-16,Lunch,Chapati,64,47,12,74.77,4784.96,18.75,73.4375,897.24
FOOD000745,2026-02-16,Snacks,Noodles,93,73,14,75.6,7031.0,15.053763440860216,78.49462365591397,1058.3999999999999
FOOD000746,2026-02-16,Snacks,Fried Rice,54,44,10,37.18,2007.69,18.51851851851852,81.48148148148148,371.8
FOOD000747,2026-02-16,Snacks,Chicken Curry,186,145,35,21.75,4046.43,18.817204301075268,77.95698924731182,761.25
FOOD000748,2026-02-16,Snacks,Biryani,60,48,6,35.99,2159.12,10.0,80.0,215.94
FOOD000749,2026-02-16,Dinner,Rice,187,171,11,31.21,5836.5,5.88235294117647,91.44385026737967,343.31
FOOD000750,2026-02-16,Dinner,Dosa,140,127,10,66.48,9307.61,7.142857142857142,90.71428571428571,664.8000000000001
FOOD000751,2026-02-16,Dinner,Idli,59,50,6,21.46,1266.0,10.16949152542373,84.7457627118644,128.76
FOOD000752,2026-02-16,Dinner,Biryani,210,196,11,22.74,4774.99,5.238095238095238,93.33333333333333,250.14
FOOD000753,2026-02-17,Breakfast,Curd Rice,155,138,15,27.15,4208.79,9.67741935483871,89.03225806451613,407.25
FOOD000754,2026-02-17,Breakfast,Dal,199,168,24,43.68,8693.04,12.060301507537687,84.42211055276381,1048.32
FOOD000755,2026-02-17,Breakfast,Dosa,107,89,14,75.62,8090.91,13.084112149532709,83.17757009345794,1058.68
FOOD000756,2026-02-17,Breakfast,Vegetable Curry,248,203,42,42.8,10615.34,16.93548387096774,81.85483870967742,1797.6
FOOD000757,2026-02-17,Lunch,Dosa,158,144,9,49.56,7830.27,5.69620253164557,91.13924050632912,446.04
FOOD000758,2026-02-17,Lunch,Idli,202,168,34,27.55,5565.61,16.831683168316832,83.16831683168317,936.7
FOOD000759,2026-02-17,Lunch,Rice,130,117,7,61.05,7936.98,5.384615384615385,90.0,427.34999999999997
FOOD000760,2026-02-17,Lunch,Vegetable Curry,185,150,34,26.98,4992.11,18.37837837837838,81.08108108108108,917.32
FOOD000761,2026-02-17,Snacks,Dal,77,59,12,52.57,4047.64,15.584415584415584,76.62337662337663,630.84
FOOD000762,2026-02-17,Snacks,Dosa,166,140,19,74.19,12314.81,11.44578313253012,84.33734939759037,1409.61
FOOD000763,2026-02-17,Snacks,Noodles,195,163,28,43.93,8565.4,14.358974358974358,83.58974358974359,1230.04
FOOD000764,2026-02-17,Snacks,Sambar,193,170,16,32.38,6249.64,8.290155440414509,88.08290155440415,518.08
FOOD000765,2026-02-17,Dinner,Dosa,149,137,9,18.83,2805.61,6.0402684563758395,91.94630872483222,169.46999999999997
FOOD000766,2026-02-17,Dinner,Biryani,223,209,13,72.51,16169.56,5.829596412556054,93.72197309417041,942.6300000000001
FOOD000767,2026-02-17,Dinner,Dal,154,128,26,56.72,8734.9,16.883116883116884,83.11688311688312,1474.72
FOOD000768,2026-02-17,Dinner,Curd Rice,92,80,11,58.77,5406.89,11.956521739130435,86.95652173913044,646.47
FOOD000769,2026-02-18,Breakfast,Chicken Curry,108,95,6,41.93,4528.5,5.555555555555555,87.96296296296296,251.57999999999998
FOOD000770,2026-02-18,Breakfast,Chapati,203,169,29,61.37,12458.04,14.285714285714285,83.2512315270936,1779.73
FOOD000771,2026-02-18,Breakfast,Dal,126,102,18,79.46,10011.56,14.285714285714285,80.95238095238095,1430.28
FOOD000772,2026-02-18,Breakfast,Fried Rice,200,168,28,50.49,10098.87,14.000000000000002,84.0,1413.72
FOOD000773,2026-02-18,Lunch,Fried Rice,180,149,26,47.35,8523.06,14.444444444444443,82.77777777777777,1231.1000000000001
FOOD000774,2026-02-18,Lunch,Chapati,212,186,20,74.85,15867.31,9.433962264150944,87.73584905660378,1497.0
FOOD000775,2026-02-18,Lunch,Rice,77,64,9,48.25,3715.54,11.688311688311687,83.11688311688312,434.25
FOOD000776,2026-02-18,Lunch,Noodles,176,160,9,24.93,4387.44,5.113636363636364,90.9090909090909,224.37
FOOD000777,2026-02-18,Snacks,Chapati,156,143,11,64.74,10099.8,7.051282051282051,91.66666666666666,712.14
FOOD000778,2026-02-18,Snacks,Chicken Curry,66,57,9,44.57,2941.49,13.636363636363635,86.36363636363636,401.13
FOOD000779,2026-02-18,Snacks,Sambar,157,137,17,79.77,12524.55,10.828025477707007,87.26114649681529,1356.09
FOOD000780,2026-02-18,Snacks,Fried Rice,179,168,10,70.6,12637.14,5.58659217877095,93.85474860335195,706.0
FOOD000781,2026-02-18,Dinner,Fried Rice,128,117,10,51.47,6587.54,7.8125,91.40625,514.7
FOOD000782,2026-02-18,Dinner,Biryani,179,140,32,77.49,13870.08,17.877094972067038,78.2122905027933,2479.68
FOOD000783,2026-02-18,Dinner,Rice,147,131,9,45.19,6642.54,6.122448979591836,89.1156462585034,406.71
FOOD000784,2026-02-18,Dinner,Noodles,109,84,18,44.13,4809.77,16.51376146788991,77.06422018348624,794.34
FOOD000785,2026-02-19,Breakfast,Biryani,243,190,46,69.83,16968.74,18.930041152263374,78.18930041152264,3212.18
FOOD000786,2026-02-19,Breakfast,Idli,133,112,19,43.79,5824.7,14.285714285714285,84.21052631578947,832.01
FOOD000787,2026-02-19,Breakfast,Chicken Curry,59,43,11,15.73,927.91,18.64406779661017,72.88135593220339,173.03
FOOD000788,2026-02-19,Breakfast,Fried Rice,62,49,6,54.89,3403.46,9.67741935483871,79.03225806451613,329.34000000000003
FOOD000789,2026-02-19,Lunch,Biryani,142,122,13,39.8,5651.15,9.15492957746479,85.91549295774648,517.4
FOOD000790,2026-02-19,Lunch,Dosa,64,52,11,34.2,2188.71,17.1875,81.25,376.20000000000005
FOOD000791,2026-02-19,Lunch,Chicken Curry,243,216,24,39.25,9538.21,9.876543209876543,88.88888888888889,942.0
FOOD000792,2026-02-19,Lunch,Idli,212,200,11,46.22,9797.93,5.188679245283019,94.33962264150944,508.41999999999996
FOOD000793,2026-02-19,Snacks,Idli,205,161,38,58.71,12035.47,18.536585365853657,78.53658536585367,2230.98
FOOD000794,2026-02-19,Snacks,Sambar,128,116,10,20.42,2613.68,7.8125,90.625,204.20000000000002
FOOD000795,2026-02-19,Snacks,Biryani,83,71,8,27.08,2247.52,9.63855421686747,85.54216867469879,216.64
FOOD000796,2026-02-19,Snacks,Vegetable Curry,149,119,28,42.9,6392.13,18.79194630872483,79.86577181208054,1201.2
FOOD000797,2026-02-19,Dinner,Rice,207,178,23,16.7,3456.23,11.11111111111111,85.99033816425121,384.09999999999997
FOOD000798,2026-02-19,Dinner,Dal,112,100,9,22.28,2495.83,8.035714285714286,89.28571428571429,200.52
FOOD000799,2026-02-19,Dinner,Chapati,77,65,7,53.59,4126.51,9.090909090909092,84.4155844155844,375.13
FOOD000800,2026-02-19,Dinner,Biryani,162,147,11,26.11,4230.57,6.790123456790123,90.74074074074075,287.21
FOOD000801,2026-02-20,Breakfast,Fried Rice,141,133,8,74.07,10443.73,5.673758865248227,94.32624113475178,592.56
FOOD000802,2026-02-20,Breakfast,Rice,231,185,44,19.77,4567.95,19.047619047619047,80.08658008658008,869.88
FOOD000803,2026-02-20,Breakfast,Dal,145,118,23,65.04,9431.08,15.862068965517242,81.37931034482759,1495.92
FOOD000804,2026-02-20,Breakfast,Biryani,201,157,39,53.44,10742.32,19.402985074626866,78.1094527363184,2084.16
FOOD000805,2026-02-20,Lunch,Biryani,132,113,13,74.24,9799.34,9.848484848484848,85.60606060606061,965.1199999999999
FOOD000806,2026-02-20,Lunch,Chicken Curry,166,143,21,42.05,6979.96,12.650602409638553,86.14457831325302,883.05
FOOD000807,2026-02-20,Lunch,Fried Rice,87,69,11,28.68,2495.35,12.643678160919542,79.3103448275862,315.48
FOOD000808,2026-02-20,Lunch,Curd Rice,135,113,17,66.49,8975.76,12.592592592592592,83.7037037037037,1130.33
FOOD000809,2026-02-20,Snacks,Idli,63,53,8,74.27,4678.75,12.698412698412698,84.12698412698413,594.16
FOOD000810,2026-02-20,Snacks,Sambar,199,175,21,24.81,4937.95,10.552763819095476,87.93969849246231,521.01
FOOD000811,2026-02-20,Snacks,Chapati,60,48,6,20.36,1221.86,10.0,80.0,122.16
FOOD000812,2026-02-20,Snacks,Dal,235,221,14,59.67,14022.14,5.957446808510639,94.04255319148936,835.38
FOOD000813,2026-02-20,Dinner,Dal,223,183,38,57.41,12801.61,17.040358744394617,82.0627802690583,2181.58
FOOD000814,2026-02-20,Dinner,Chapati,182,149,31,15.15,2757.64,17.032967032967033,81.86813186813187,469.65000000000003
FOOD000815,2026-02-20,Dinner,Idli,82,65,14,68.79,5641.15,17.073170731707318,79.26829268292683,963.0600000000001
FOOD000816,2026-02-20,Dinner,Noodles,212,181,28,33.94,7194.82,13.20754716981132,85.37735849056604,950.3199999999999
FOOD000817,2026-02-21,Breakfast,Biryani,67,54,12,15.03,1006.85,17.91044776119403,80.59701492537313,180.35999999999999
FOOD000818,2026-02-21,Breakfast,Curd Rice,137,113,23,39.8,5452.2,16.78832116788321,82.48175182481752,915.4
FOOD000819,2026-02-21,Breakfast,Sambar,82,67,8,29.82,2445.38,9.75609756097561,81.70731707317073,238.56
FOOD000820,2026-02-21,Breakfast,Idli,138,113,24,60.59,8361.57,17.391304347826086,81.88405797101449,1454.16
FOOD000821,2026-02-21,Lunch,Noodles,104,87,15,26.9,2797.8,14.423076923076922,83.65384615384616,403.5
FOOD000822,2026-02-21,Lunch,Fried Rice,216,204,10,54.75,11826.75,4.62962962962963,94.44444444444444,547.5
FOOD000823,2026-02-21,Lunch,Chapati,70,54,12,15.72,1100.39,17.142857142857142,77.14285714285715,188.64000000000001
FOOD000824,2026-02-21,Lunch,Curd Rice,120,100,13,68.9,8268.18,10.833333333333334,83.33333333333334,895.7
FOOD000825,2026-02-21,Snacks,Fried Rice,64,48,11,76.26,4880.36,17.1875,75.0,838.86
FOOD000826,2026-02-21,Snacks,Noodles,51,43,8,47.04,2399.21,15.686274509803921,84.31372549019608,376.32
FOOD000827,2026-02-21,Snacks,Idli,190,173,13,64.03,12166.33,6.842105263157896,91.05263157894737,832.39
FOOD000828,2026-02-21,Snacks,Biryani,128,121,6,66.4,8499.58,4.6875,94.53125,398.40000000000003
FOOD000829,2026-02-21,Dinner,Chapati,246,196,44,56.34,13858.7,17.88617886178862,79.67479674796748,2478.96
FOOD000830,2026-02-21,Dinner,Dal,202,167,32,35.77,7225.71,15.841584158415841,82.67326732673267,1144.64
FOOD000831,2026-02-21,Dinner,Biryani,129,117,9,54.46,7025.94,6.976744186046512,90.69767441860465,490.14
FOOD000832,2026-02-21,Dinner,Chicken Curry,216,180,35,78.98,17059.6,16.203703703703702,83.33333333333334,2764.3
FOOD000833,2026-02-22,Breakfast,Chapati,246,223,22,72.07,17729.68,8.94308943089431,90.65040650406505,1585.54
FOOD000834,2026-02-22,Breakfast,Rice,104,87,11,60.27,6268.29,10.576923076923077,83.65384615384616,662.97
FOOD000835,2026-02-22,Breakfast,Dosa,151,137,8,79.09,11943.09,5.298013245033113,90.72847682119205,632.72
FOOD000836,2026-02-22,Breakfast,Noodles,93,75,16,36.57,3400.93,17.20430107526882,80.64516129032258,585.12
FOOD000837,2026-02-22,Lunch,Vegetable Curry,224,177,43,16.5,3694.96,19.196428571428573,79.01785714285714,709.5
FOOD000838,2026-02-22,Lunch,Sambar,118,96,16,77.21,9110.82,13.559322033898304,81.35593220338984,1235.36
FOOD000839,2026-02-22,Lunch,Rice,181,159,22,55.73,10086.41,12.154696132596685,87.84530386740332,1226.06
FOOD000840,2026-02-22,Lunch,Fried Rice,102,87,11,28.9,2947.91,10.784313725490197,85.29411764705883,317.9
FOOD000841,2026-02-22,Snacks,Noodles,237,196,39,49.26,11674.6,16.455696202531644,82.70042194092827,1921.1399999999999
FOOD000842,2026-02-22,Snacks,Curd Rice,236,211,18,16.37,3862.84,7.627118644067797,89.40677966101694,294.66
FOOD000843,2026-02-22,Snacks,Chicken Curry,105,94,4,64.66,6788.86,3.8095238095238098,89.52380952380953,258.64
FOOD000844,2026-02-22,Snacks,Rice,136,111,23,64.51,8773.87,16.911764705882355,81.61764705882352,1483.73
FOOD000845,2026-02-22,Dinner,Vegetable Curry,97,84,13,22.51,2183.83,13.402061855670103,86.5979381443299,292.63
FOOD000846,2026-02-22,Dinner,Dal,53,37,10,73.92,3917.94,18.867924528301888,69.81132075471697,739.2
FOOD000847,2026-02-22,Dinner,Biryani,163,144,19,72.51,11818.75,11.65644171779141,88.34355828220859,1377.69
FOOD000848,2026-02-22,Dinner,Dosa,70,53,11,34.5,2415.02,15.714285714285714,75.71428571428571,379.5
FOOD000849,2026-02-23,Breakfast,Vegetable Curry,197,173,21,67.93,13383.05,10.65989847715736,87.81725888324873,1426.5300000000002
FOOD000850,2026-02-23,Breakfast,Chicken Curry,240,190,43,15.07,3617.65,17.916666666666668,79.16666666666666,648.01
FOOD000851,2026-02-23,Breakfast,Sambar,80,71,3,66.06,5284.95,3.75,88.75,198.18
FOOD000852,2026-02-23,Breakfast,Biryani,199,181,12,51.69,10285.65,6.030150753768844,90.95477386934674,620.28
FOOD000853,2026-02-23,Lunch,Rice,164,149,8,17.14,2810.89,4.878048780487805,90.85365853658537,137.12
FOOD000854,2026-02-23,Lunch,Curd Rice,51,42,8,45.02,2295.9,15.686274509803921,82.35294117647058,360.16
FOOD000855,2026-02-23,Lunch,Chicken Curry,149,116,29,45.42,6768.1,19.463087248322147,77.85234899328859,1317.18
FOOD000856,2026-02-23,Lunch,Biryani,206,176,30,59.18,12191.29,14.563106796116504,85.43689320388349,1775.4
FOOD000857,2026-02-23,Snacks,Dal,93,70,17,72.84,6773.66,18.27956989247312,75.26881720430107,1238.28
FOOD000858,2026-02-23,Snacks,Dosa,148,131,12,27.89,4127.04,8.108108108108109,88.51351351351352,334.68
FOOD000859,2026-02-23,Snacks,Sambar,212,180,26,75.11,15923.0,12.264150943396226,84.90566037735849,1952.86
FOOD000860,2026-02-23,Snacks,Curd Rice,202,158,37,24.32,4912.51,18.316831683168317,78.21782178217822,899.84
FOOD000861,2026-02-23,Dinner,Rice,148,117,28,27.81,4115.48,18.91891891891892,79.05405405405406,778.68
FOOD000862,2026-02-23,Dinner,Sambar,161,126,29,46.71,7520.29,18.012422360248447,78.26086956521739,1354.59
FOOD000863,2026-02-23,Dinner,Idli,150,121,27,29.72,4458.1,18.0,80.66666666666666,802.4399999999999
FOOD000864,2026-02-23,Dinner,Dosa,152,138,10,62.35,9477.57,6.578947368421052,90.78947368421053,623.5
FOOD000865,2026-02-24,Breakfast,Chicken Curry,73,54,14,47.04,3433.97,19.17808219178082,73.97260273972603,658.56
FOOD000866,2026-02-24,Breakfast,Sambar,147,136,8,47.94,7047.68,5.442176870748299,92.51700680272108,383.52
FOOD000867,2026-02-24,Breakfast,Dosa,182,147,32,51.26,9328.87,17.582417582417584,80.76923076923077,1640.32
FOOD000868,2026-02-24,Breakfast,Idli,187,146,35,63.82,11934.37,18.71657754010695,78.07486631016043,2233.7
FOOD000869,2026-02-24,Lunch,Chicken Curry,51,42,4,76.96,3925.12,7.8431372549019605,82.35294117647058,307.84
FOOD000870,2026-02-24,Lunch,Dosa,182,168,11,54.43,9906.25,6.043956043956044,92.3076923076923,598.73
FOOD000871,2026-02-24,Lunch,Sambar,140,127,13,21.8,3052.51,9.285714285714286,90.71428571428571,283.40000000000003
FOOD000872,2026-02-24,Lunch,Curd Rice,226,186,34,41.45,9368.41,15.04424778761062,82.30088495575221,1409.3000000000002
FOOD000873,2026-02-24,Snacks,Dal,60,47,7,69.44,4166.17,11.666666666666666,78.33333333333333,486.08
FOOD000874,2026-02-24,Snacks,Chapati,172,159,12,51.83,8915.3,6.976744186046512,92.44186046511628,621.96
FOOD000875,2026-02-24,Snacks,Biryani,74,65,4,76.77,5680.63,5.405405405405405,87.83783783783784,307.08
FOOD000876,2026-02-24,Snacks,Dosa,138,122,11,16.81,2319.09,7.971014492753622,88.40579710144928,184.91
FOOD000877,2026-02-24,Dinner,Chapati,225,197,21,74.53,16769.91,9.333333333333334,87.55555555555556,1565.13
FOOD000878,2026-02-24,Dinner,Rice,223,189,31,48.64,10845.67,13.901345291479823,84.75336322869956,1507.84
FOOD000879,2026-02-24,Dinner,Noodles,169,156,7,30.81,5206.63,4.142011834319527,92.3076923076923,215.67
FOOD000880,2026-02-24,Dinner,Biryani,249,232,13,53.93,13427.84,5.220883534136546,93.17269076305222,701.09
FOOD000881,2026-02-25,Breakfast,Vegetable Curry,206,187,17,46.13,9502.03,8.25242718446602,90.77669902912622,784.21
FOOD000882,2026-02-25,Breakfast,Noodles,86,74,9,63.27,5441.5,10.465116279069768,86.04651162790698,569.4300000000001
FOOD000883,2026-02-25,Breakfast,Dal,240,198,40,25.31,6073.89,16.666666666666664,82.5,1012.4
FOOD000884,2026-02-25,Breakfast,Idli,160,134,26,68.25,10919.96,16.25,83.75,1774.5
FOOD000885,2026-02-25,Lunch,Fried Rice,196,176,19,68.05,13337.0,9.693877551020408,89.79591836734694,1292.95
FOOD000886,2026-02-25,Lunch,Sambar,157,149,8,41.86,6572.15,5.095541401273886,94.90445859872611,334.88
FOOD000887,2026-02-25,Lunch,Noodles,145,129,9,42.32,6135.68,6.206896551724138,88.96551724137932,380.88
FOOD000888,2026-02-25,Lunch,Chapati,109,95,9,39.13,4264.92,8.256880733944955,87.1559633027523,352.17
FOOD000889,2026-02-25,Snacks,Biryani,59,48,4,40.27,2375.72,6.779661016949152,81.35593220338984,161.08
FOOD000890,2026-02-25,Snacks,Curd Rice,106,86,18,54.14,5738.7,16.9811320754717,81.13207547169812,974.52
FOOD000891,2026-02-25,Snacks,Rice,175,152,17,21.33,3733.14,9.714285714285714,86.85714285714286,362.60999999999996
FOOD000892,2026-02-25,Snacks,Noodles,209,178,31,78.87,16483.64,14.832535885167463,85.16746411483254,2444.9700000000003
FOOD000893,2026-02-25,Dinner,Chicken Curry,192,154,33,23.58,4526.69,17.1875,80.20833333333334,778.14
FOOD000894,2026-02-25,Dinner,Dosa,224,193,29,18.1,4053.54,12.946428571428573,86.16071428571429,524.9000000000001
FOOD000895,2026-02-25,Dinner,Curd Rice,103,85,18,40.6,4182.31,17.475728155339805,82.52427184466019,730.8000000000001
FOOD000896,2026-02-25,Dinner,Biryani,78,68,6,75.57,5894.15,7.6923076923076925,87.17948717948718,453.41999999999996
FOOD000897,2026-02-26,Breakfast,Noodles,165,143,22,34.99,5773.16,13.333333333333334,86.66666666666667,769.7800000000001
FOOD000898,2026-02-26,Breakfast,Fried Rice,118,91,20,24.96,2944.82,16.94915254237288,77.11864406779661,499.20000000000005
FOOD000899,2026-02-26,Breakfast,Biryani,140,121,12,72.26,10115.98,8.571428571428571,86.42857142857143,867.1200000000001
FOOD000900,2026-02-26,Breakfast,Dal,106,88,16,60.55,6418.17,15.09433962264151,83.01886792452831,968.8
FOOD000901,2026-02-26,Lunch,Rice,77,64,8,72.21,5560.45,10.38961038961039,83.11688311688312,577.68
FOOD000902,2026-02-26,Lunch,Dosa,138,123,13,71.14,9817.15,9.420289855072465,89.13043478260869,924.82
FOOD000903,2026-02-26,Lunch,Chicken Curry,210,184,19,48.23,10129.34,9.047619047619047,87.61904761904762,916.3699999999999
FOOD000904,2026-02-26,Lunch,Dal,211,169,36,19.18,4047.43,17.061611374407583,80.09478672985783,690.48
FOOD000905,2026-02-26,Snacks,Vegetable Curry,57,45,9,49.77,2836.92,15.789473684210526,78.94736842105263,447.93
FOOD000906,2026-02-26,Snacks,Sambar,137,130,6,63.72,8729.92,4.37956204379562,94.8905109489051,382.32
FOOD000907,2026-02-26,Snacks,Dal,184,168,12,53.21,9790.97,6.521739130434782,91.30434782608695,638.52
FOOD000908,2026-02-26,Snacks,Idli,243,198,41,33.37,8109.7,16.872427983539097,81.48148148148148,1368.1699999999998
FOOD000909,2026-02-26,Dinner,Noodles,69,57,6,61.32,4230.85,8.695652173913043,82.6086956521739,367.92
FOOD000910,2026-02-26,Dinner,Rice,141,127,9,76.46,10781.3,6.382978723404255,90.0709219858156,688.14
FOOD000911,2026-02-26,Dinner,Idli,195,176,16,38.29,7467.15,8.205128205128204,90.25641025641026,612.64
FOOD000912,2026-02-26,Dinner,Vegetable Curry,239,215,21,60.47,14451.34,8.786610878661087,89.9581589958159,1269.87
FOOD000913,2026-02-27,Breakfast,Noodles,222,199,20,50.54,11220.49,9.00900900900901,89.63963963963964,1010.8
FOOD000914,2026-02-27,Breakfast,Fried Rice,187,159,26,77.73,14535.92,13.903743315508022,85.02673796791443,2020.98
FOOD000915,2026-02-27,Breakfast,Dosa,127,116,11,28.15,3575.53,8.661417322834646,91.33858267716536,309.65
FOOD000916,2026-02-27,Breakfast,Curd Rice,86,75,8,52.92,4551.38,9.30232558139535,87.20930232558139,423.36
FOOD000917,2026-02-27,Lunch,Vegetable Curry,89,82,7,38.31,3409.91,7.865168539325842,92.13483146067416,268.17
FOOD000918,2026-02-27,Lunch,Chicken Curry,200,169,24,42.69,8538.69,12.0,84.5,1024.56
FOOD000919,2026-02-27,Lunch,Dal,69,55,9,17.01,1173.75,13.043478260869565,79.71014492753623,153.09
FOOD000920,2026-02-27,Lunch,Chapati,169,146,20,64.25,10858.71,11.834319526627219,86.3905325443787,1285.0
FOOD000921,2026-02-27,Snacks,Sambar,207,160,41,65.4,13538.52,19.806763285024154,77.29468599033817,2681.4
FOOD000922,2026-02-27,Snacks,Dosa,115,94,19,45.11,5187.79,16.52173913043478,81.73913043478261,857.09
FOOD000923,2026-02-27,Snacks,Fried Rice,208,193,10,31.3,6510.64,4.807692307692308,92.78846153846155,313.0
FOOD000924,2026-02-27,Snacks,Curd Rice,82,68,8,59.7,4895.47,9.75609756097561,82.92682926829268,477.6
FOOD000925,2026-02-27,Dinner,Curd Rice,126,110,16,41.29,5202.05,12.698412698412698,87.3015873015873,660.64
FOOD000926,2026-02-27,Dinner,Dal,238,213,20,26.09,6209.7,8.403361344537815,89.49579831932773,521.8
FOOD000927,2026-02-27,Dinner,Chicken Curry,59,48,4,68.16,4021.2,6.779661016949152,81.35593220338984,272.64
FOOD000928,2026-02-27,Dinner,Sambar,204,175,28,16.56,3377.41,13.725490196078432,85.7843137254902,463.67999999999995
FOOD000929,2026-02-28,Breakfast,Biryani,98,92,4,42.27,4142.53,4.081632653061225,93.87755102040816,169.08
FOOD000930,2026-02-28,Breakfast,Chicken Curry,213,175,37,33.8,7199.24,17.370892018779344,82.15962441314554,1250.6
FOOD000931,2026-02-28,Breakfast,Noodles,128,102,19,39.47,5052.44,14.84375,79.6875,749.93
FOOD000932,2026-02-28,Breakfast,Dal,218,176,39,23.15,5047.36,17.889908256880734,80.73394495412845,902.8499999999999
FOOD000933,2026-02-28,Lunch,Fried Rice,138,112,26,63.7,8790.76,18.84057971014493,81.15942028985508,1656.2
FOOD000934,2026-02-28,Lunch,Chapati,206,167,34,42.39,8732.28,16.50485436893204,81.06796116504854,1441.26
FOOD000935,2026-02-28,Lunch,Chicken Curry,139,116,20,19.44,2702.52,14.388489208633093,83.45323741007195,388.8
FOOD000936,2026-02-28,Lunch,Rice,203,184,16,30.37,6165.73,7.8817733990147785,90.64039408866995,485.92
FOOD000937,2026-02-28,Snacks,Chicken Curry,83,67,10,77.78,6455.44,12.048192771084338,80.72289156626506,777.8
FOOD000938,2026-02-28,Snacks,Dal,157,141,16,67.1,10534.65,10.191082802547772,89.80891719745223,1073.6
FOOD000939,2026-02-28,Snacks,Biryani,163,149,13,26.88,4381.04,7.975460122699387,91.41104294478528,349.44
FOOD000940,2026-02-28,Snacks,Chapati,249,205,38,23.04,5736.81,15.261044176706829,82.32931726907631,875.52
FOOD000941,2026-02-28,Dinner,Biryani,242,194,43,39.85,9643.26,17.768595041322314,80.16528925619835,1713.55
FOOD000942,2026-02-28,Dinner,Rice,84,72,11,66.65,5598.47,13.095238095238097,85.71428571428571,733.1500000000001
FOOD000943,2026-02-28,Dinner,Fried Rice,67,51,10,76.86,5149.86,14.925373134328357,76.11940298507463,768.6
FOOD000944,2026-02-28,Dinner,Idli,116,95,19,34.42,3992.29,16.379310344827587,81.89655172413794,653.98
FOOD000945,2026-03-01,Breakfast,Dosa,238,206,25,78.22,18616.43,10.504201680672269,86.5546218487395,1955.5
FOOD000946,2026-03-01,Breakfast,Vegetable Curry,71,57,13,59.75,4242.6,18.30985915492958,80.28169014084507,776.75
FOOD000947,2026-03-01,Breakfast,Dal,202,172,26,46.27,9345.6,12.871287128712872,85.14851485148515,1203.02
FOOD000948,2026-03-01,Breakfast,Fried Rice,117,102,14,36.33,4250.32,11.965811965811966,87.17948717948718,508.62
FOOD000949,2026-03-01,Lunch,Sambar,229,183,43,18.08,4139.97,18.777292576419214,79.91266375545851,777.4399999999999
FOOD000950,2026-03-01,Lunch,Rice,229,198,27,15.4,3526.58,11.790393013100436,86.46288209606988,415.8
FOOD000951,2026-03-01,Lunch,Noodles,116,95,19,78.19,9069.64,16.379310344827587,81.89655172413794,1485.61
FOOD000952,2026-03-01,Lunch,Chicken Curry,249,224,20,47.01,11706.62,8.032128514056225,89.95983935742971,940.1999999999999
FOOD000953,2026-03-01,Snacks,Vegetable Curry,157,134,20,28.45,4466.49,12.738853503184714,85.35031847133759,569.0
FOOD000954,2026-03-01,Snacks,Chicken Curry,185,148,36,44.99,8322.95,19.45945945945946,80.0,1619.64
FOOD000955,2026-03-01,Snacks,Idli,145,119,25,75.88,11002.69,17.24137931034483,82.06896551724138,1897.0
FOOD000956,2026-03-01,Snacks,Dal,232,196,36,16.9,3919.91,15.517241379310345,84.48275862068965,608.4
FOOD000957,2026-03-01,Dinner,Chicken Curry,97,84,10,36.51,3541.21,10.309278350515463,86.5979381443299,365.09999999999997
FOOD000958,2026-03-01,Dinner,Vegetable Curry,83,68,8,45.46,3772.84,9.63855421686747,81.92771084337349,363.68
FOOD000959,2026-03-01,Dinner,Rice,157,140,17,77.97,12242.01,10.828025477707007,89.171974522293,1325.49
FOOD000960,2026-03-01,Dinner,Curd Rice,246,218,25,76.1,18719.53,10.16260162601626,88.6178861788618,1902.4999999999998
FOOD000961,2026-03-02,Breakfast,Dal,106,87,16,55.85,5920.4,15.09433962264151,82.0754716981132,893.6
FOOD000962,2026-03-02,Breakfast,Fried Rice,243,218,22,73.1,17764.29,9.053497942386832,89.7119341563786,1608.1999999999998
FOOD000963,2026-03-02,Breakfast,Sambar,77,67,9,76.29,5874.5,11.688311688311687,87.01298701298701,686.61
FOOD000964,2026-03-02,Breakfast,Chicken Curry,102,92,9,68.23,6959.85,8.823529411764707,90.19607843137256,614.07
FOOD000965,2026-03-02,Lunch,Noodles,114,94,15,27.03,3081.63,13.157894736842104,82.45614035087719,405.45000000000005
FOOD000966,2026-03-02,Lunch,Idli,79,69,4,79.31,6265.56,5.063291139240507,87.34177215189874,317.24
FOOD000967,2026-03-02,Lunch,Fried Rice,123,111,5,63.25,7779.98,4.0650406504065035,90.2439024390244,316.25
FOOD000968,2026-03-02,Lunch,Rice,126,115,8,54.11,6817.4,6.349206349206349,91.26984126984127,432.88
FOOD000969,2026-03-02,Snacks,Fried Rice,126,95,24,21.64,2727.15,19.047619047619047,75.39682539682539,519.36
FOOD000970,2026-03-02,Snacks,Chicken Curry,186,151,35,21.94,4080.41,18.817204301075268,81.18279569892472,767.9000000000001
FOOD000971,2026-03-02,Snacks,Vegetable Curry,121,97,17,77.88,9423.32,14.049586776859504,80.16528925619835,1323.96
FOOD000972,2026-03-02,Snacks,Idli,149,122,21,75.96,11318.73,14.093959731543624,81.87919463087249,1595.1599999999999
FOOD000973,2026-03-02,Dinner,Chapati,248,198,43,58.75,14570.95,17.338709677419356,79.83870967741935,2526.25
FOOD000974,2026-03-02,Dinner,Biryani,246,223,17,37.69,9271.78,6.910569105691057,90.65040650406505,640.73
FOOD000975,2026-03-02,Dinner,Idli,104,92,9,72.62,7552.57,8.653846153846153,88.46153846153845,653.58
FOOD000976,2026-03-02,Dinner,Dosa,72,57,9,30.06,2164.18,12.5,79.16666666666666,270.53999999999996
FOOD000977,2026-03-03,Breakfast,Fried Rice,68,59,5,16.76,1139.41,7.352941176470589,86.76470588235294,83.80000000000001
FOOD000978,2026-03-03,Breakfast,Dosa,60,47,11,37.0,2219.8,18.333333333333332,78.33333333333333,407.0
FOOD000979,2026-03-03,Breakfast,Vegetable Curry,242,217,19,41.8,10114.46,7.851239669421488,89.6694214876033,794.1999999999999
FOOD000980,2026-03-03,Breakfast,Chapati,156,136,19,18.75,2925.36,12.179487179487179,87.17948717948718,356.25
FOOD000981,2026-03-03,Lunch,Biryani,130,117,9,66.15,8599.08,6.923076923076923,90.0,595.35
FOOD000982,2026-03-03,Lunch,Vegetable Curry,242,229,10,44.05,10658.93,4.132231404958678,94.62809917355372,440.5
FOOD000983,2026-03-03,Lunch,Curd Rice,51,41,8,79.29,4043.63,15.686274509803921,80.3921568627451,634.32
FOOD000984,2026-03-03,Lunch,Idli,73,62,11,34.76,2537.21,15.068493150684931,84.93150684931507,382.35999999999996
FOOD000985,2026-03-03,Snacks,Chicken Curry,167,147,17,32.51,5428.99,10.179640718562874,88.02395209580838,552.67
FOOD000986,2026-03-03,Snacks,Rice,118,97,18,64.77,7642.74,15.254237288135593,82.20338983050848,1165.86
FOOD000987,2026-03-03,Snacks,Curd Rice,141,113,26,71.06,10019.42,18.439716312056735,80.1418439716312,1847.56
FOOD000988,2026-03-03,Snacks,Idli,93,78,13,31.45,2924.59,13.978494623655912,83.87096774193549,408.84999999999997
FOOD000989,2026-03-03,Dinner,Dosa,197,180,10,34.44,6784.63,5.0761421319796955,91.37055837563452,344.4
FOOD000990,2026-03-03,Dinner,Curd Rice,170,139,24,49.66,8441.54,14.117647058823529,81.76470588235294,1191.84
FOOD000991,2026-03-03,Dinner,Dal,211,172,39,37.75,7964.4,18.48341232227488,81.51658767772511,1472.25
FOOD000992,2026-03-03,Dinner,Biryani,72,59,9,33.06,2380.08,12.5,81.94444444444444,297.54
FOOD000993,2026-03-04,Breakfast,Dal,244,197,40,70.92,17304.76,16.39344262295082,80.73770491803278,2836.8
FOOD000994,2026-03-04,Breakfast,Fried Rice,82,71,4,32.57,2670.71,4.878048780487805,86.58536585365853,130.28
FOOD000995,2026-03-04,Breakfast,Sambar,77,74,3,69.85,5378.13,3.896103896103896,96.1038961038961,209.54999999999998
FOOD000996,2026-03-04,Breakfast,Rice,103,86,15,16.75,1725.22,14.563106796116504,83.49514563106796,251.25
FOOD000997,2026-03-04,Lunch,Rice,74,63,5,51.29,3795.21,6.756756756756757,85.13513513513513,256.45
FOOD000998,2026-03-04,Lunch,Dal,78,62,12,35.06,2734.95,15.384615384615385,79.48717948717949,420.72
FOOD000999,2026-03-04,Lunch,Biryani,51,45,5,78.73,4015.06,9.803921568627452,88.23529411764706,393.65000000000003
FOOD001000,2026-03-04,Lunch,Noodles,142,121,15,17.76,2522.47,10.56338028169014,85.2112676056338,266.40000000000003
FOOD001001,2026-03-04,Snacks,Dal,111,91,20,15.99,1775.11,18.01801801801802,81.98198198198197,319.8
FOOD001002,2026-03-04,Snacks,Rice,188,156,28,48.11,9043.85,14.893617021276595,82.97872340425532,1347.08
FOOD001003,2026-03-04,Snacks,Sambar,234,207,22,38.5,9009.68,9.401709401709402,88.46153846153845,847.0
FOOD001004,2026-03-04,Snacks,Chapati,162,144,13,76.28,12357.97,8.024691358024691,88.88888888888889,991.64
FOOD001005,2026-03-04,Dinner,Chapati,227,187,33,30.23,6862.53,14.537444933920703,82.37885462555066,997.59
FOOD001006,2026-03-04,Dinner,Vegetable Curry,128,115,9,24.29,3109.53,7.03125,89.84375,218.60999999999999
FOOD001007,2026-03-04,Dinner,Idli,166,137,27,22.57,3746.99,16.265060240963855,82.53012048192771,609.39
FOOD001008,2026-03-04,Dinner,Rice,79,66,11,35.43,2799.27,13.924050632911392,83.54430379746836,389.73
FOOD001009,2026-03-05,Breakfast,Curd Rice,88,72,16,55.3,4866.27,18.181818181818183,81.81818181818183,884.8
FOOD001010,2026-03-05,Breakfast,Chapati,106,88,16,52.0,5511.57,15.09433962264151,83.01886792452831,832.0
FOOD001011,2026-03-05,Breakfast,Noodles,113,89,20,47.88,5410.74,17.699115044247787,78.76106194690266,957.6
FOOD001012,2026-03-05,Breakfast,Dosa,98,82,11,54.57,5347.64,11.224489795918368,83.6734693877551,600.27
FOOD001013,2026-03-05,Lunch,Idli,189,159,29,36.64,6924.16,15.343915343915343,84.12698412698413,1062.56
FOOD001014,2026-03-05,Lunch,Dosa,155,146,6,50.83,7877.88,3.870967741935484,94.19354838709677,304.98
FOOD001015,2026-03-05,Lunch,Noodles,95,80,9,40.45,3842.47,9.473684210526317,84.21052631578947,364.05
FOOD001016,2026-03-05,Lunch,Vegetable Curry,144,119,18,52.49,7558.58,12.5,82.63888888888889,944.82
FOOD001017,2026-03-05,Snacks,Rice,75,64,7,56.71,4253.2,9.333333333333334,85.33333333333334,396.97
FOOD001018,2026-03-05,Snacks,Idli,242,194,43,24.5,5929.89,17.768595041322314,80.16528925619835,1053.5
FOOD001019,2026-03-05,Snacks,Biryani,159,127,27,54.07,8596.62,16.9811320754717,79.87421383647799,1459.89
FOOD001020,2026-03-05,Snacks,Curd Rice,166,155,8,30.02,4982.97,4.819277108433735,93.37349397590361,240.16
FOOD001021,2026-03-05,Dinner,Noodles,148,117,29,29.3,4335.95,19.594594594594593,79.05405405405406,849.7
FOOD001022,2026-03-05,Dinner,Rice,185,154,24,24.78,4583.49,12.972972972972974,83.24324324324324,594.72
FOOD001023,2026-03-05,Dinner,Vegetable Curry,218,187,24,63.78,13903.18,11.009174311926607,85.77981651376146,1530.72
FOOD001024,2026-03-05,Dinner,Chicken Curry,108,90,15,28.07,3031.48,13.88888888888889,83.33333333333334,421.05
FOOD001025,2026-03-06,Breakfast,Rice,246,212,27,65.62,16141.66,10.975609756097562,86.1788617886179,1771.7400000000002
FOOD001026,2026-03-06,Breakfast,Biryani,55,51,4,69.16,3804.05,7.2727272727272725,92.72727272727272,276.64
FOOD001027,2026-03-06,Breakfast,Noodles,197,173,18,46.58,9176.26,9.137055837563452,87.81725888324873,838.4399999999999
FOOD001028,2026-03-06,Breakfast,Sambar,97,82,14,55.97,5428.83,14.432989690721648,84.5360824742268,783.5799999999999
FOOD001029,2026-03-06,Lunch,Chicken Curry,111,94,16,76.18,8456.18,14.414414414414415,84.68468468468468,1218.88
FOOD001030,2026-03-06,Lunch,Dosa,75,67,6,54.41,4080.78,8.0,89.33333333333333,326.46
FOOD001031,2026-03-06,Lunch,Noodles,69,56,12,45.41,3133.53,17.391304347826086,81.15942028985508,544.92
FOOD001032,2026-03-06,Lunch,Idli,239,210,23,57.77,13806.43,9.623430962343097,87.86610878661088,1328.71
FOOD001033,2026-03-06,Snacks,Dal,140,131,9,18.64,2610.04,6.428571428571428,93.57142857142857,167.76
FOOD001034,2026-03-06,Snacks,Dosa,54,47,3,30.46,1644.99,5.555555555555555,87.03703703703704,91.38
FOOD001035,2026-03-06,Snacks,Sambar,235,218,14,42.77,10049.95,5.957446808510639,92.76595744680851,598.7800000000001
FOOD001036,2026-03-06,Snacks,Rice,151,130,19,60.13,9079.09,12.582781456953644,86.09271523178808,1142.47
FOOD001037,2026-03-06,Dinner,Dal,140,116,24,73.59,10302.81,17.142857142857142,82.85714285714286,1766.16
FOOD001038,2026-03-06,Dinner,Dosa,140,117,21,76.57,10719.89,15.0,83.57142857142857,1607.9699999999998
FOOD001039,2026-03-06,Dinner,Chicken Curry,147,124,16,29.53,4341.2,10.884353741496598,84.35374149659864,472.48
FOOD001040,2026-03-06,Dinner,Fried Rice,70,59,4,30.72,2150.3,5.714285714285714,84.28571428571429,122.88
FOOD001041,2026-03-07,Breakfast,Chapati,155,136,14,67.47,10457.36,9.032258064516128,87.74193548387098,944.5799999999999
FOOD001042,2026-03-07,Breakfast,Sambar,235,187,43,59.14,13897.22,18.29787234042553,79.57446808510639,2543.02
FOOD001043,2026-03-07,Breakfast,Chicken Curry,132,124,8,55.6,7338.96,6.0606060606060606,93.93939393939394,444.8
FOOD001044,2026-03-07,Breakfast,Curd Rice,172,157,15,33.79,5811.87,8.720930232558139,91.27906976744185,506.84999999999997
FOOD001045,2026-03-07,Lunch,Rice,174,143,30,21.64,3766.19,17.24137931034483,82.18390804597702,649.2
FOOD001046,2026-03-07,Lunch,Dosa,230,198,26,56.97,13102.36,11.304347826086957,86.08695652173914,1481.22
FOOD001047,2026-03-07,Lunch,Sambar,75,68,4,40.22,3016.38,5.333333333333334,90.66666666666666,160.88
FOOD001048,2026-03-07,Lunch,Curd Rice,207,190,10,24.36,5042.98,4.830917874396135,91.78743961352657,243.6
FOOD001049,2026-03-07,Snacks,Curd Rice,120,103,12,67.98,8157.33,10.0,85.83333333333333,815.76
FOOD001050,2026-03-07,Snacks,Noodles,212,176,29,51.92,11006.64,13.679245283018867,83.01886792452831,1505.68
FOOD001051,2026-03-07,Snacks,Dal,86,71,8,57.56,4950.04,9.30232558139535,82.55813953488372,460.48
FOOD001052,2026-03-07,Snacks,Vegetable Curry,234,184,45,52.61,12311.5,19.230769230769234,78.63247863247864,2367.45
FOOD001053,2026-03-07,Dinner,Chapati,128,108,17,53.18,6806.7,13.28125,84.375,904.06
FOOD001054,2026-03-07,Dinner,Biryani,111,100,5,45.08,5004.28,4.504504504504505,90.09009009009009,225.39999999999998
FOOD001055,2026-03-07,Dinner,Noodles,90,73,12,38.69,3482.28,13.333333333333334,81.11111111111111,464.28
FOOD001056,2026-03-07,Dinner,Idli,239,226,12,64.63,15447.66,5.02092050209205,94.56066945606695,775.56
FOOD001057,2026-03-08,Breakfast,Rice,113,99,11,26.52,2997.29,9.734513274336283,87.61061946902655,291.71999999999997
FOOD001058,2026-03-08,Breakfast,Noodles,96,82,11,23.37,2243.11,11.458333333333332,85.41666666666666,257.07
FOOD001059,2026-03-08,Breakfast,Sambar,222,194,25,79.96,17751.6,11.26126126126126,87.38738738738738,1998.9999999999998
FOOD001060,2026-03-08,Breakfast,Chicken Curry,102,89,7,66.99,6833.16,6.862745098039216,87.25490196078431,468.92999999999995
FOOD001061,2026-03-08,Lunch,Chapati,144,131,13,56.69,8163.68,9.027777777777777,90.97222222222221,736.97
FOOD001062,2026-03-08,Lunch,Rice,130,112,11,32.28,4196.04,8.461538461538462,86.15384615384616,355.08000000000004
FOOD001063,2026-03-08,Lunch,Chicken Curry,124,107,16,53.29,6607.85,12.903225806451612,86.29032258064517,852.64
FOOD001064,2026-03-08,Lunch,Biryani,189,173,13,38.07,7194.76,6.878306878306878,91.53439153439153,494.91
FOOD001065,2026-03-08,Snacks,Vegetable Curry,192,179,12,34.28,6581.29,6.25,93.22916666666666,411.36
FOOD001066,2026-03-08,Snacks,Curd Rice,96,86,8,27.36,2626.29,8.333333333333332,89.58333333333334,218.88
FOOD001067,2026-03-08,Snacks,Dal,88,65,16,51.04,4491.59,18.181818181818183,73.86363636363636,816.64
FOOD001068,2026-03-08,Snacks,Rice,203,164,36,55.5,11265.65,17.733990147783253,80.78817733990148,1998.0
FOOD001069,2026-03-08,Dinner,Chapati,75,64,6,61.18,4588.51,8.0,85.33333333333334,367.08
FOOD001070,2026-03-08,Dinner,Idli,50,40,5,20.93,1046.29,10.0,80.0,104.65
FOOD001071,2026-03-08,Dinner,Vegetable Curry,152,134,16,32.68,4967.69,10.526315789473683,88.1578947368421,522.88
FOOD001072,2026-03-08,Dinner,Fried Rice,225,184,39,73.54,16545.65,17.333333333333336,81.77777777777779,2868.0600000000004
FOOD001073,2026-03-09,Breakfast,Fried Rice,68,62,3,18.34,1247.15,4.411764705882353,91.17647058823529,55.019999999999996
FOOD001074,2026-03-09,Breakfast,Biryani,91,80,8,52.12,4743.33,8.791208791208792,87.91208791208791,416.96
FOOD001075,2026-03-09,Breakfast,Dosa,116,90,20,15.81,1833.92,17.24137931034483,77.58620689655173,316.2
FOOD001076,2026-03-09,Breakfast,Dal,55,45,9,59.05,3247.91,16.363636363636363,81.81818181818183,531.4499999999999
FOOD001077,2026-03-09,Lunch,Dal,219,207,11,47.86,10481.61,5.0228310502283104,94.52054794520548,526.46
FOOD001078,2026-03-09,Lunch,Chicken Curry,58,48,3,28.54,1655.46,5.172413793103448,82.75862068965517,85.62
FOOD001079,2026-03-09,Lunch,Curd Rice,116,99,13,28.33,3286.04,11.206896551724139,85.34482758620689,368.28999999999996
FOOD001080,2026-03-09,Lunch,Chapati,199,164,31,58.16,11573.74,15.577889447236181,82.41206030150754,1802.9599999999998
FOOD001081,2026-03-09,Snacks,Idli,53,48,4,56.42,2990.14,7.547169811320755,90.56603773584906,225.68
FOOD001082,2026-03-09,Snacks,Dal,159,126,29,58.46,9295.64,18.238993710691823,79.24528301886792,1695.34
FOOD001083,2026-03-09,Snacks,Chicken Curry,109,96,10,25.76,2807.73,9.174311926605505,88.07339449541286,257.6
FOOD001084,2026-03-09,Snacks,Rice,99,88,4,70.04,6934.12,4.040404040404041,88.88888888888889,280.16
FOOD001085,2026-03-09,Dinner,Curd Rice,100,87,11,20.76,2075.92,11.0,87.0,228.36
FOOD001086,2026-03-09,Dinner,Chapati,51,36,8,63.3,3228.45,15.686274509803921,70.58823529411765,506.4
FOOD001087,2026-03-09,Dinner,Sambar,155,142,8,16.96,2629.28,5.161290322580645,91.61290322580645,135.68
FOOD001088,2026-03-09,Dinner,Dal,102,83,16,27.09,2763.68,15.686274509803921,81.37254901960785,433.44
FOOD001089,2026-03-10,Breakfast,Rice,143,114,27,25.88,3700.49,18.88111888111888,79.72027972027972,698.76
FOOD001090,2026-03-10,Breakfast,Curd Rice,190,150,35,46.09,8756.41,18.421052631578945,78.94736842105263,1613.15
FOOD001091,2026-03-10,Breakfast,Fried Rice,186,170,13,68.19,12682.51,6.989247311827956,91.39784946236558,886.47
FOOD001092,2026-03-10,Breakfast,Sambar,202,194,8,67.98,13731.39,3.9603960396039604,96.03960396039604,543.84
FOOD001093,2026-03-10,Lunch,Sambar,190,162,25,75.83,14407.29,13.157894736842104,85.26315789473684,1895.75
FOOD001094,2026-03-10,Lunch,Dosa,220,194,19,58.71,12915.29,8.636363636363637,88.18181818181819,1115.49
FOOD001095,2026-03-10,Lunch,Idli,68,54,12,27.72,1885.28,17.647058823529413,79.41176470588235,332.64
FOOD001096,2026-03-10,Lunch,Dal,117,89,22,38.79,4537.95,18.803418803418804,76.06837606837607,853.38
FOOD001097,2026-03-10,Snacks,Curd Rice,139,126,11,36.14,5023.26,7.913669064748201,90.64748201438849,397.54
FOOD001098,2026-03-10,Snacks,Vegetable Curry,88,84,4,51.47,4529.63,4.545454545454546,95.45454545454545,205.88
FOOD001099,2026-03-10,Snacks,Biryani,219,184,34,66.7,14606.68,15.52511415525114,84.01826484018264,2267.8
FOOD001100,2026-03-10,Snacks,Rice,65,53,5,48.26,3136.77,7.6923076923076925,81.53846153846153,241.29999999999998
FOOD001101,2026-03-10,Dinner,Chapati,119,104,12,64.88,7720.49,10.084033613445378,87.39495798319328,778.56
FOOD001102,2026-03-10,Dinner,Dal,86,79,3,44.72,3846.3,3.488372093023256,91.86046511627907,134.16
FOOD001103,2026-03-10,Dinner,Curd Rice,212,172,35,62.3,13206.76,16.50943396226415,81.13207547169812,2180.5
FOOD001104,2026-03-10,Dinner,Dosa,190,167,22,62.42,11859.61,11.578947368421053,87.89473684210526,1373.24
FOOD001105,2026-03-11,Breakfast,Rice,110,89,16,17.75,1952.49,14.545454545454545,80.9090909090909,284.0
FOOD001106,2026-03-11,Breakfast,Dosa,100,77,19,67.1,6710.39,19.0,77.0,1274.8999999999999
FOOD001107,2026-03-11,Breakfast,Fried Rice,64,61,3,50.63,3240.0,4.6875,95.3125,151.89000000000001
FOOD001108,2026-03-11,Breakfast,Sambar,176,164,11,32.93,5795.77,6.25,93.18181818181817,362.23
FOOD001109,2026-03-11,Lunch,Vegetable Curry,237,200,30,48.86,11579.12,12.658227848101266,84.38818565400844,1465.8
FOOD001110,2026-03-11,Lunch,Dal,149,137,12,18.42,2744.87,8.053691275167784,91.94630872483222,221.04000000000002
FOOD001111,2026-03-11,Lunch,Dosa,51,41,3,79.06,4032.26,5.88235294117647,80.3921568627451,237.18
FOOD001112,2026-03-11,Lunch,Chapati,240,190,46,50.87,12207.79,19.166666666666668,79.16666666666666,2340.02
FOOD001113,2026-03-11,Snacks,Chapati,221,184,30,36.46,8056.65,13.574660633484163,83.2579185520362,1093.8
FOOD001114,2026-03-11,Snacks,Biryani,194,177,14,57.5,11154.78,7.216494845360824,91.23711340206185,805.0
FOOD001115,2026-03-11,Snacks,Vegetable Curry,218,202,9,46.05,10038.46,4.128440366972478,92.66055045871559,414.45
FOOD001116,2026-03-11,Snacks,Fried Rice,242,200,36,54.61,13215.58,14.87603305785124,82.64462809917356,1965.96
FOOD001117,2026-03-11,Dinner,Dal,74,65,8,76.4,5653.71,10.81081081081081,87.83783783783784,611.2
FOOD001118,2026-03-11,Dinner,Rice,72,64,5,52.7,3794.3,6.944444444444445,88.88888888888889,263.5
FOOD001119,2026-03-11,Dinner,Curd Rice,236,187,42,57.99,13686.46,17.796610169491526,79.23728813559322,2435.58
FOOD001120,2026-03-11,Dinner,Sambar,143,130,12,69.5,9938.86,8.391608391608392,90.9090909090909,834.0
FOOD001121,2026-03-12,Breakfast,Dosa,178,153,19,58.5,10412.65,10.674157303370785,85.95505617977528,1111.5
FOOD001122,2026-03-12,Breakfast,Chicken Curry,192,172,17,41.28,7926.36,8.854166666666668,89.58333333333334,701.76
FOOD001123,2026-03-12,Breakfast,Idli,97,79,11,64.86,6291.86,11.34020618556701,81.44329896907216,713.46
FOOD001124,2026-03-12,Breakfast,Curd Rice,155,137,16,54.1,8385.02,10.32258064516129,88.38709677419355,865.6
FOOD001125,2026-03-12,Lunch,Chicken Curry,112,99,10,64.09,7177.93,8.928571428571429,88.39285714285714,640.9000000000001
FOOD001126,2026-03-12,Lunch,Biryani,124,109,13,35.17,4361.15,10.483870967741936,87.90322580645162,457.21000000000004
FOOD001127,2026-03-12,Lunch,Dosa,215,177,37,69.62,14969.04,17.209302325581397,82.32558139534883,2575.94
FOOD001128,2026-03-12,Lunch,Noodles,201,179,19,48.21,9689.88,9.45273631840796,89.05472636815921,915.99
FOOD001129,2026-03-12,Snacks,Curd Rice,140,123,10,37.5,5250.55,7.142857142857142,87.85714285714286,375.0
FOOD001130,2026-03-12,Snacks,Rice,151,128,19,36.52,5513.91,12.582781456953644,84.76821192052981,693.8800000000001
FOOD001131,2026-03-12,Snacks,Idli,132,108,22,34.01,4489.88,16.666666666666664,81.81818181818183,748.2199999999999
FOOD001132,2026-03-12,Snacks,Vegetable Curry,132,116,13,34.5,4553.64,9.848484848484848,87.87878787878788,448.5
FOOD001133,2026-03-12,Dinner,Vegetable Curry,76,59,12,18.02,1369.88,15.789473684210526,77.63157894736842,216.24
FOOD001134,2026-03-12,Dinner,Chapati,125,114,5,48.06,6007.5,4.0,91.2,240.3
FOOD001135,2026-03-12,Dinner,Idli,88,83,3,47.87,4212.87,3.4090909090909087,94.31818181818183,143.60999999999999
FOOD001136,2026-03-12,Dinner,Chicken Curry,204,163,37,38.46,7846.74,18.137254901960784,79.90196078431373,1423.02
FOOD001137,2026-03-13,Breakfast,Fried Rice,130,105,20,37.56,4883.45,15.384615384615385,80.76923076923077,751.2
FOOD001138,2026-03-13,Breakfast,Noodles,178,156,22,19.61,3490.86,12.359550561797752,87.64044943820225,431.41999999999996
FOOD001139,2026-03-13,Breakfast,Biryani,114,96,14,77.52,8837.25,12.280701754385964,84.21052631578947,1085.28
FOOD001140,2026-03-13,Breakfast,Dal,55,44,10,41.21,2266.48,18.181818181818183,80.0,412.1
FOOD001141,2026-03-13,Lunch,Chicken Curry,98,84,14,74.87,7337.0,14.285714285714285,85.71428571428571,1048.18
FOOD001142,2026-03-13,Lunch,Noodles,61,46,9,19.47,1187.42,14.754098360655737,75.40983606557377,175.23
FOOD001143,2026-03-13,Lunch,Vegetable Curry,109,92,14,49.25,5367.92,12.844036697247708,84.40366972477065,689.5
FOOD001144,2026-03-13,Lunch,Curd Rice,156,129,23,57.48,8966.19,14.743589743589745,82.6923076923077,1322.04
FOOD001145,2026-03-13,Snacks,Biryani,118,103,13,20.16,2378.97,11.016949152542372,87.28813559322035,262.08
FOOD001146,2026-03-13,Snacks,Dosa,124,100,20,49.58,6148.49,16.129032258064516,80.64516129032258,991.5999999999999
FOOD001147,2026-03-13,Snacks,Idli,73,64,5,46.24,3375.21,6.8493150684931505,87.67123287671232,231.20000000000002
FOOD001148,2026-03-13,Snacks,Vegetable Curry,247,221,25,75.76,18712.15,10.121457489878543,89.47368421052632,1894.0000000000002
FOOD001149,2026-03-13,Dinner,Dosa,128,100,21,27.07,3464.6,16.40625,78.125,568.47
FOOD001150,2026-03-13,Dinner,Fried Rice,221,202,14,43.68,9653.93,6.334841628959276,91.4027149321267,611.52
FOOD001151,2026-03-13,Dinner,Rice,235,188,42,56.17,13201.05,17.872340425531917,80.0,2359.14
FOOD001152,2026-03-13,Dinner,Biryani,144,111,26,58.4,8409.94,18.055555555555554,77.08333333333334,1518.3999999999999
FOOD001153,2026-03-14,Breakfast,Dal,158,133,25,20.18,3187.81,15.822784810126583,84.17721518987342,504.5
FOOD001154,2026-03-14,Breakfast,Biryani,138,128,6,53.32,7357.88,4.3478260869565215,92.7536231884058,319.92
FOOD001155,2026-03-14,Breakfast,Curd Rice,127,104,20,53.77,6828.7,15.748031496062993,81.88976377952756,1075.4
FOOD001156,2026-03-14,Breakfast,Chapati,242,201,41,45.65,11048.0,16.94214876033058,83.05785123966942,1871.6499999999999
FOOD001157,2026-03-14,Lunch,Sambar,174,147,26,74.67,12992.68,14.942528735632186,84.48275862068965,1941.42
FOOD001158,2026-03-14,Lunch,Dal,200,174,24,58.82,11763.37,12.0,87.0,1411.68
FOOD001159,2026-03-14,Lunch,Chapati,176,161,10,48.01,8449.97,5.681818181818182,91.47727272727273,480.09999999999997
FOOD001160,2026-03-14,Lunch,Idli,188,168,19,32.0,6016.33,10.106382978723403,89.36170212765957,608.0
FOOD001161,2026-03-14,Snacks,Chapati,61,52,6,55.43,3381.43,9.836065573770492,85.24590163934425,332.58
FOOD001162,2026-03-14,Snacks,Sambar,239,209,26,72.58,17346.16,10.87866108786611,87.44769874476988,1887.08
FOOD001163,2026-03-14,Snacks,Idli,81,71,5,78.47,6356.46,6.172839506172839,87.65432098765432,392.35
FOOD001164,2026-03-14,Snacks,Fried Rice,120,96,23,27.85,3341.44,19.166666666666668,80.0,640.5500000000001
FOOD001165,2026-03-14,Dinner,Dal,207,182,18,62.5,12937.76,8.695652173913043,87.92270531400966,1125.0
FOOD001166,2026-03-14,Dinner,Idli,62,50,11,43.02,2667.02,17.741935483870968,80.64516129032258,473.22
FOOD001167,2026-03-14,Dinner,Curd Rice,86,71,8,73.66,6334.89,9.30232558139535,82.55813953488372,589.28
FOOD001168,2026-03-14,Dinner,Noodles,170,137,27,46.97,7985.04,15.88235294117647,80.58823529411765,1268.19
FOOD001169,2026-03-15,Breakfast,Noodles,96,74,18,55.1,5289.2,18.75,77.08333333333334,991.8000000000001
FOOD001170,2026-03-15,Breakfast,Chicken Curry,118,100,14,58.65,6920.33,11.864406779661017,84.7457627118644,821.1
FOOD001171,2026-03-15,Breakfast,Chapati,140,119,18,77.2,10808.01,12.857142857142856,85.0,1389.6000000000001
FOOD001172,2026-03-15,Breakfast,Dosa,129,109,20,48.15,6211.96,15.503875968992247,84.49612403100775,963.0
FOOD001173,2026-03-15,Lunch,Biryani,87,67,15,24.66,2145.7,17.24137931034483,77.01149425287356,369.9
FOOD001174,2026-03-15,Lunch,Vegetable Curry,200,161,34,15.79,3158.25,17.0,80.5,536.86
FOOD001175,2026-03-15,Lunch,Rice,244,228,13,19.63,4790.5,5.327868852459016,93.44262295081968,255.19
FOOD001176,2026-03-15,Lunch,Noodles,77,65,8,74.7,5752.0,10.38961038961039,84.4155844155844,597.6
FOOD001177,2026-03-15,Snacks,Chicken Curry,97,88,5,22.88,2219.48,5.154639175257731,90.72164948453609,114.39999999999999
FOOD001178,2026-03-15,Snacks,Vegetable Curry,132,120,10,23.26,3070.07,7.575757575757576,90.9090909090909,232.60000000000002
FOOD001179,2026-03-15,Snacks,Biryani,157,126,27,50.88,7987.74,17.197452229299362,80.2547770700637,1373.76
FOOD001180,2026-03-15,Snacks,Sambar,168,142,23,28.56,4798.74,13.690476190476192,84.52380952380952,656.88
FOOD001181,2026-03-15,Dinner,Idli,70,54,10,38.37,2685.76,14.285714285714285,77.14285714285715,383.7
FOOD001182,2026-03-15,Dinner,Noodles,70,66,2,43.77,3064.2,2.857142857142857,94.28571428571428,87.54
FOOD001183,2026-03-15,Dinner,Dal,236,217,19,71.24,16812.94,8.050847457627118,91.94915254237289,1353.56
FOOD001184,2026-03-15,Dinner,Sambar,206,164,40,28.57,5885.69,19.41747572815534,79.6116504854369,1142.8
FOOD001185,2026-03-16,Breakfast,Chicken Curry,71,56,13,29.99,2129.14,18.30985915492958,78.87323943661971,389.87
FOOD001186,2026-03-16,Breakfast,Idli,51,40,4,24.18,1233.08,7.8431372549019605,78.43137254901961,96.72
FOOD001187,2026-03-16,Breakfast,Dosa,100,94,5,70.15,7015.47,5.0,94.0,350.75
FOOD001188,2026-03-16,Breakfast,Biryani,110,92,14,56.72,6238.79,12.727272727272727,83.63636363636363,794.0799999999999
FOOD001189,2026-03-16,Lunch,Rice,81,65,14,40.67,3294.39,17.28395061728395,80.24691358024691,569.38
FOOD001190,2026-03-16,Lunch,Chapati,109,95,9,43.31,4720.75,8.256880733944955,87.1559633027523,389.79
FOOD001191,2026-03-16,Lunch,Biryani,132,124,6,67.32,8885.93,4.545454545454546,93.93939393939394,403.91999999999996
FOOD001192,2026-03-16,Lunch,Vegetable Curry,82,65,13,77.59,6362.42,15.853658536585366,79.26829268292683,1008.6700000000001
FOOD001193,2026-03-16,Snacks,Dal,111,91,19,16.92,1878.14,17.117117117117118,81.98198198198197,321.48
FOOD001194,2026-03-16,Snacks,Chapati,177,145,30,37.64,6661.59,16.94915254237288,81.92090395480226,1129.2
FOOD001195,2026-03-16,Snacks,Rice,76,66,4,58.19,4422.14,5.263157894736842,86.8421052631579,232.76
FOOD001196,2026-03-16,Snacks,Biryani,238,199,34,17.82,4241.48,14.285714285714285,83.61344537815127,605.88
FOOD001197,2026-03-16,Dinner,Dosa,161,147,7,34.18,5502.24,4.3478260869565215,91.30434782608695,239.26
FOOD001198,2026-03-16,Dinner,Fried Rice,117,96,18,38.73,4530.94,15.384615384615385,82.05128205128204,697.14
FOOD001199,2026-03-16,Dinner,Chicken Curry,223,179,41,63.33,14121.83,18.385650224215247,80.26905829596413,2596.5299999999997
FOOD001200,2026-03-16,Dinner,Chapati,130,118,7,61.38,7979.78,5.384615384615385,90.76923076923077,429.66
FOOD001201,2026-03-17,Breakfast,Chicken Curry,77,60,15,29.73,2289.38,19.480519480519483,77.92207792207793,445.95
FOOD001202,2026-03-17,Breakfast,Curd Rice,226,202,19,22.77,5145.82,8.4070796460177,89.38053097345133,432.63
FOOD001203,2026-03-17,Breakfast,Chapati,170,142,25,41.85,7115.22,14.705882352941178,83.52941176470588,1046.25
FOOD001204,2026-03-17,Breakfast,Rice,110,95,15,16.89,1857.84,13.636363636363635,86.36363636363636,253.35000000000002
FOOD001205,2026-03-17,Lunch,Chapati,191,167,19,20.7,3954.08,9.947643979057592,87.43455497382199,393.3
FOOD001206,2026-03-17,Lunch,Idli,62,55,4,55.09,3415.27,6.451612903225806,88.70967741935483,220.36
FOOD001207,2026-03-17,Lunch,Dosa,116,90,20,57.51,6671.7,17.24137931034483,77.58620689655173,1150.2
FOOD001208,2026-03-17,Lunch,Vegetable Curry,224,194,26,30.27,6779.43,11.607142857142858,86.60714285714286,787.02
FOOD001209,2026-03-17,Snacks,Vegetable Curry,140,110,27,78.29,10960.72,19.28571428571429,78.57142857142857,2113.8300000000004
FOOD001210,2026-03-17,Snacks,Chicken Curry,87,69,15,66.6,5794.19,17.24137931034483,79.3103448275862,998.9999999999999
FOOD001211,2026-03-17,Snacks,Fried Rice,225,201,21,18.52,4167.35,9.333333333333334,89.33333333333333,388.92
FOOD001212,2026-03-17,Snacks,Biryani,90,77,10,57.62,5185.73,11.11111111111111,85.55555555555556,576.1999999999999
FOOD001213,2026-03-17,Dinner,Biryani,198,182,16,43.93,8698.59,8.080808080808081,91.91919191919192,702.88
FOOD001214,2026-03-17,Dinner,Chicken Curry,204,159,39,39.43,8043.33,19.11764705882353,77.94117647058823,1537.77
FOOD001215,2026-03-17,Dinner,Dosa,206,166,38,17.67,3640.36,18.446601941747574,80.58252427184466,671.46
FOOD001216,2026-03-17,Dinner,Sambar,114,87,21,76.07,8671.53,18.421052631578945,76.31578947368422,1597.4699999999998
FOOD001217,2026-03-18,Breakfast,Dal,55,52,3,23.25,1278.68,5.454545454545454,94.54545454545455,69.75
FOOD001218,2026-03-18,Breakfast,Dosa,214,171,39,48.05,10283.16,18.22429906542056,79.90654205607477,1873.9499999999998
FOOD001219,2026-03-18,Breakfast,Noodles,222,195,22,36.44,8088.59,9.90990990990991,87.83783783783784,801.68
FOOD001220,2026-03-18,Breakfast,Idli,212,178,28,53.8,11405.3,13.20754716981132,83.9622641509434,1506.3999999999999
FOOD001221,2026-03-18,Lunch,Sambar,240,191,44,24.13,5791.03,18.333333333333332,79.58333333333333,1061.72
FOOD001222,2026-03-18,Lunch,Noodles,188,155,27,75.75,14241.93,14.361702127659576,82.4468085106383,2045.25
FOOD001223,2026-03-18,Lunch,Rice,193,168,21,78.19,15089.94,10.880829015544041,87.04663212435233,1641.99
FOOD001224,2026-03-18,Lunch,Dosa,51,48,3,75.34,3842.54,5.88235294117647,94.11764705882352,226.02
FOOD001225,2026-03-18,Snacks,Fried Rice,175,145,29,78.98,13821.35,16.57142857142857,82.85714285714286,2290.42
FOOD001226,2026-03-18,Snacks,Chapati,72,56,11,62.68,4512.7,15.277777777777779,77.77777777777779,689.48
FOOD001227,2026-03-18,Snacks,Sambar,170,161,6,54.86,9326.5,3.5294117647058822,94.70588235294117,329.15999999999997
FOOD001228,2026-03-18,Snacks,Rice,220,178,37,76.85,16907.97,16.818181818181817,80.9090909090909,2843.45
FOOD001229,2026-03-18,Dinner,Noodles,102,90,9,38.46,3922.47,8.823529411764707,88.23529411764706,346.14
FOOD001230,2026-03-18,Dinner,Sambar,87,72,15,52.02,4525.4,17.24137931034483,82.75862068965517,780.3000000000001
FOOD001231,2026-03-18,Dinner,Rice,244,225,12,22.02,5373.27,4.918032786885246,92.21311475409836,264.24
FOOD001232,2026-03-18,Dinner,Chapati,71,55,9,79.43,5639.48,12.676056338028168,77.46478873239437,714.8700000000001
FOOD001233,2026-03-19,Breakfast,Fried Rice,123,99,22,25.6,3148.73,17.88617886178862,80.48780487804879,563.2
FOOD001234,2026-03-19,Breakfast,Chapati,246,203,39,67.89,16701.07,15.853658536585366,82.52032520325203,2647.71
FOOD001235,2026-03-19,Breakfast,Dal,176,148,25,33.5,5895.39,14.204545454545455,84.0909090909091,837.5
FOOD001236,2026-03-19,Breakfast,Biryani,247,200,46,63.85,15770.14,18.62348178137652,80.97165991902834,2937.1
FOOD001237,2026-03-19,Lunch,Idli,209,168,39,67.01,14004.85,18.660287081339714,80.38277511961722,2613.3900000000003
FOOD001238,2026-03-19,Lunch,Chicken Curry,160,131,23,60.12,9618.72,14.374999999999998,81.875,1382.76
FOOD001239,2026-03-19,Lunch,Chapati,84,65,12,54.13,4547.05,14.285714285714285,77.38095238095238,649.5600000000001
FOOD001240,2026-03-19,Lunch,Fried Rice,245,196,46,15.55,3810.68,18.775510204081634,80.0,715.3000000000001
FOOD001241,2026-03-19,Snacks,Chicken Curry,210,171,33,50.0,10499.35,15.714285714285714,81.42857142857143,1650.0
FOOD001242,2026-03-19,Snacks,Fried Rice,171,142,22,45.42,7767.16,12.865497076023392,83.04093567251462,999.24
FOOD001243,2026-03-19,Snacks,Noodles,124,96,24,62.93,7803.68,19.35483870967742,77.41935483870968,1510.32
FOOD001244,2026-03-19,Snacks,Dal,210,175,31,34.31,7204.23,14.761904761904763,83.33333333333334,1063.6100000000001
FOOD001245,2026-03-19,Dinner,Dal,245,228,12,35.57,8713.93,4.8979591836734695,93.06122448979592,426.84000000000003
FOOD001246,2026-03-19,Dinner,Biryani,156,130,22,79.7,12432.58,14.102564102564102,83.33333333333334,1753.4
FOOD001247,2026-03-19,Dinner,Fried Rice,209,172,37,67.9,14190.59,17.703349282296653,82.29665071770334,2512.3
FOOD001248,2026-03-19,Dinner,Sambar,63,51,9,18.11,1141.17,14.285714285714285,80.95238095238095,162.99
FOOD001249,2026-03-20,Breakfast,Rice,221,195,23,46.29,10229.92,10.407239819004525,88.23529411764706,1064.67
FOOD001250,2026-03-20,Breakfast,Biryani,145,132,6,20.4,2957.93,4.137931034482759,91.0344827586207,122.39999999999999
FOOD001251,2026-03-20,Breakfast,Vegetable Curry,247,211,31,62.98,15556.72,12.550607287449392,85.4251012145749,1952.3799999999999
FOOD001252,2026-03-20,Breakfast,Chicken Curry,216,198,12,56.66,12238.92,5.555555555555555,91.66666666666666,679.92
FOOD001253,2026-03-20,Lunch,Fried Rice,58,46,9,56.25,3262.65,15.517241379310345,79.3103448275862,506.25
FOOD001254,2026-03-20,Lunch,Noodles,209,172,34,37.46,7829.44,16.267942583732058,82.29665071770334,1273.64
FOOD001255,2026-03-20,Lunch,Vegetable Curry,110,101,9,24.17,2659.09,8.181818181818182,91.81818181818183,217.53000000000003
FOOD001256,2026-03-20,Lunch,Curd Rice,221,194,24,76.71,16952.08,10.85972850678733,87.78280542986425,1841.04
FOOD001257,2026-03-20,Snacks,Biryani,192,156,31,57.55,11050.36,16.145833333333336,81.25,1784.05
FOOD001258,2026-03-20,Snacks,Vegetable Curry,121,99,16,35.06,4241.82,13.223140495867769,81.81818181818183,560.96
FOOD001259,2026-03-20,Snacks,Chicken Curry,229,208,20,78.08,17880.33,8.73362445414847,90.82969432314411,1561.6
FOOD001260,2026-03-20,Snacks,Chapati,53,37,9,60.98,3231.84,16.9811320754717,69.81132075471697,548.8199999999999
FOOD001261,2026-03-20,Dinner,Dal,157,123,28,50.88,7987.84,17.8343949044586,78.343949044586,1424.64
FOOD001262,2026-03-20,Dinner,Sambar,119,107,10,79.01,9402.37,8.403361344537815,89.91596638655463,790.1
FOOD001263,2026-03-20,Dinner,Chicken Curry,146,119,25,57.4,8379.78,17.123287671232877,81.5068493150685,1435.0
FOOD001264,2026-03-20,Dinner,Curd Rice,129,106,20,68.89,8886.26,15.503875968992247,82.17054263565892,1377.8
FOOD001265,2026-03-21,Breakfast,Fried Rice,98,74,17,44.07,4318.95,17.346938775510203,75.51020408163265,749.19
FOOD001266,2026-03-21,Breakfast,Idli,216,195,20,64.77,13990.37,9.25925925925926,90.27777777777779,1295.3999999999999
FOOD001267,2026-03-21,Breakfast,Rice,167,154,13,30.71,5129.27,7.784431137724551,92.21556886227546,399.23
FOOD001268,2026-03-21,Breakfast,Biryani,125,112,13,76.12,9514.46,10.4,89.60000000000001,989.5600000000001
FOOD001269,2026-03-21,Lunch,Sambar,232,216,10,29.39,6819.42,4.310344827586207,93.10344827586206,293.9
FOOD001270,2026-03-21,Lunch,Rice,117,96,20,56.33,6590.18,17.094017094017094,82.05128205128204,1126.6
FOOD001271,2026-03-21,Lunch,Chapati,63,50,6,62.28,3923.79,9.523809523809524,79.36507936507937,373.68
FOOD001272,2026-03-21,Lunch,Chicken Curry,247,229,16,42.05,10386.47,6.477732793522267,92.71255060728745,672.8
FOOD001273,2026-03-21,Snacks,Biryani,174,160,14,74.32,12931.45,8.045977011494253,91.95402298850574,1040.48
FOOD001274,2026-03-21,Snacks,Noodles,130,118,9,23.08,3000.03,6.923076923076923,90.76923076923077,207.71999999999997
FOOD001275,2026-03-21,Snacks,Dosa,184,174,7,71.7,13192.67,3.804347826086957,94.56521739130434,501.90000000000003
FOOD001276,2026-03-21,Snacks,Idli,101,91,9,51.74,5225.41,8.91089108910891,90.0990099009901,465.66
FOOD001277,2026-03-21,Dinner,Rice,232,207,25,52.16,12100.95,10.775862068965516,89.22413793103449,1304.0
FOOD001278,2026-03-21,Dinner,Idli,247,215,27,22.5,5558.18,10.931174089068826,87.04453441295547,607.5
FOOD001279,2026-03-21,Dinner,Dosa,66,56,8,40.64,2682.08,12.121212121212121,84.84848484848484,325.12
FOOD001280,2026-03-21,Dinner,Chicken Curry,242,218,20,44.25,10707.78,8.264462809917356,90.08264462809917,885.0
FOOD001281,2026-03-22,Breakfast,Dosa,169,142,21,18.06,3052.56,12.42603550295858,84.02366863905326,379.26
FOOD001282,2026-03-22,Breakfast,Biryani,60,50,10,53.65,3219.08,16.666666666666664,83.33333333333334,536.5
FOOD001283,2026-03-22,Breakfast,Dal,245,214,24,70.32,17228.18,9.795918367346939,87.34693877551021,1687.6799999999998
FOOD001284,2026-03-22,Breakfast,Noodles,59,52,5,68.77,4057.46,8.47457627118644,88.13559322033898,343.84999999999997
FOOD001285,2026-03-22,Lunch,Idli,123,110,9,79.4,9765.74,7.317073170731707,89.43089430894308,714.6
FOOD001286,2026-03-22,Lunch,Chapati,141,120,19,68.22,9619.46,13.47517730496454,85.1063829787234,1296.18
FOOD001287,2026-03-22,Lunch,Fried Rice,64,54,3,54.43,3483.45,4.6875,84.375,163.29
FOOD001288,2026-03-22,Lunch,Curd Rice,134,113,20,35.39,4742.37,14.925373134328357,84.32835820895522,707.8
FOOD001289,2026-03-22,Snacks,Sambar,154,134,20,58.84,9061.67,12.987012987012985,87.01298701298701,1176.8000000000002
FOOD001290,2026-03-22,Snacks,Chicken Curry,190,165,19,79.68,15140.07,10.0,86.8421052631579,1513.92
FOOD001291,2026-03-22,Snacks,Biryani,130,118,6,16.77,2180.74,4.615384615384616,90.76923076923077,100.62
FOOD001292,2026-03-22,Snacks,Idli,210,165,40,61.52,12918.88,19.047619047619047,78.57142857142857,2460.8
FOOD001293,2026-03-22,Dinner,Biryani,130,104,20,20.76,2698.46,15.384615384615385,80.0,415.20000000000005
FOOD001294,2026-03-22,Dinner,Chicken Curry,166,136,29,57.85,9602.67,17.46987951807229,81.92771084337349,1677.65
FOOD001295,2026-03-22,Dinner,Dal,150,137,7,37.84,5676.74,4.666666666666667,91.33333333333333,264.88
FOOD001296,2026-03-22,Dinner,Rice,220,192,23,57.19,12581.79,10.454545454545453,87.27272727272727,1315.37
FOOD001297,2026-03-23,Breakfast,Dal,139,117,16,39.66,5512.7,11.510791366906476,84.17266187050359,634.56
FOOD001298,2026-03-23,Breakfast,Vegetable Curry,134,116,11,72.36,9696.35,8.208955223880597,86.56716417910447,795.96
FOOD001299,2026-03-23,Breakfast,Sambar,110,101,7,42.85,4713.02,6.363636363636363,91.81818181818183,299.95
FOOD001300,2026-03-23,Breakfast,Idli,203,180,17,68.6,13925.85,8.374384236453201,88.66995073891626,1166.1999999999998
FOOD001301,2026-03-23,Lunch,Rice,244,232,11,73.95,18043.2,4.508196721311475,95.08196721311475,813.45
FOOD001302,2026-03-23,Lunch,Dosa,174,161,9,26.24,4565.66,5.172413793103448,92.52873563218391,236.16
FOOD001303,2026-03-23,Lunch,Biryani,162,138,24,67.3,10903.1,14.814814814814813,85.18518518518519,1615.1999999999998
FOOD001304,2026-03-23,Lunch,Vegetable Curry,136,116,13,39.84,5417.88,9.558823529411764,85.29411764705883,517.9200000000001
FOOD001305,2026-03-23,Snacks,Curd Rice,63,50,12,34.54,2175.86,19.047619047619047,79.36507936507937,414.48
FOOD001306,2026-03-23,Snacks,Biryani,96,85,10,70.11,6730.16,10.416666666666668,88.54166666666666,701.1
FOOD001307,2026-03-23,Snacks,Idli,224,203,17,64.49,14444.92,7.5892857142857135,90.625,1096.33
FOOD001308,2026-03-23,Snacks,Dal,185,171,10,58.85,10887.93,5.405405405405405,92.43243243243244,588.5
FOOD001309,2026-03-23,Dinner,Rice,213,192,20,31.43,6694.36,9.389671361502346,90.14084507042254,628.6
FOOD001310,2026-03-23,Dinner,Curd Rice,200,164,33,45.99,9197.64,16.5,82.0,1517.67
FOOD001311,2026-03-23,Dinner,Chapati,187,165,19,56.17,10504.45,10.16042780748663,88.23529411764706,1067.23
FOOD001312,2026-03-23,Dinner,Dal,238,214,18,67.29,16015.56,7.563025210084033,89.91596638655463,1211.22
FOOD001313,2026-03-24,Breakfast,Chicken Curry,210,190,16,64.51,13546.46,7.6190476190476195,90.47619047619048,1032.16
FOOD001314,2026-03-24,Breakfast,Vegetable Curry,206,195,11,18.57,3825.41,5.339805825242718,94.66019417475728,204.27
FOOD001315,2026-03-24,Breakfast,Rice,233,199,29,15.48,3605.97,12.446351931330472,85.40772532188842,448.92
FOOD001316,2026-03-24,Breakfast,Idli,222,194,21,49.93,11084.27,9.45945945945946,87.38738738738738,1048.53
FOOD001317,2026-03-24,Lunch,Curd Rice,207,181,20,18.29,3785.9,9.66183574879227,87.43961352657004,365.79999999999995
FOOD001318,2026-03-24,Lunch,Dal,157,138,18,55.16,8660.89,11.464968152866243,87.89808917197452,992.8799999999999
FOOD001319,2026-03-24,Lunch,Chicken Curry,218,183,32,56.55,12328.94,14.678899082568808,83.94495412844036,1809.6
FOOD001320,2026-03-24,Lunch,Fried Rice,222,204,18,31.63,7020.88,8.108108108108109,91.8918918918919,569.34
FOOD001321,2026-03-24,Snacks,Chicken Curry,152,138,9,79.26,12047.87,5.921052631578947,90.78947368421053,713.34
FOOD001322,2026-03-24,Snacks,Fried Rice,92,74,14,74.54,6857.22,15.217391304347828,80.43478260869566,1043.5600000000002
FOOD001323,2026-03-24,Snacks,Curd Rice,77,63,7,78.5,6044.83,9.090909090909092,81.81818181818183,549.5
FOOD001324,2026-03-24,Snacks,Vegetable Curry,223,186,37,64.92,14476.96,16.591928251121075,83.40807174887892,2402.04
FOOD001325,2026-03-24,Dinner,Sambar,156,128,25,18.49,2884.19,16.025641025641026,82.05128205128204,462.24999999999994
FOOD001326,2026-03-24,Dinner,Noodles,167,131,30,27.08,4523.1,17.964071856287426,78.44311377245509,812.4
FOOD001327,2026-03-24,Dinner,Idli,61,49,5,62.8,3831.07,8.19672131147541,80.32786885245902,314.0
FOOD001328,2026-03-24,Dinner,Chapati,60,43,10,28.01,1680.57,16.666666666666664,71.66666666666667,280.1
FOOD001329,2026-03-25,Breakfast,Dosa,199,184,11,20.13,4004.95,5.527638190954774,92.46231155778895,221.42999999999998
FOOD001330,2026-03-25,Breakfast,Fried Rice,133,108,24,51.1,6796.44,18.045112781954884,81.203007518797,1226.4
FOOD001331,2026-03-25,Breakfast,Chicken Curry,247,199,42,31.21,7707.68,17.00404858299595,80.5668016194332,1310.82
FOOD001332,2026-03-25,Breakfast,Vegetable Curry,188,174,9,66.09,12424.59,4.787234042553192,92.5531914893617,594.8100000000001
FOOD001333,2026-03-25,Lunch,Vegetable Curry,118,104,14,78.7,9286.42,11.864406779661017,88.13559322033898,1101.8
FOOD001334,2026-03-25,Lunch,Curd Rice,140,114,19,53.7,7518.32,13.571428571428571,81.42857142857143,1020.3000000000001
FOOD001335,2026-03-25,Lunch,Biryani,57,44,9,66.22,3774.61,15.789473684210526,77.19298245614034,595.98
FOOD001336,2026-03-25,Lunch,Fried Rice,243,213,25,60.29,14649.5,10.2880658436214,87.65432098765432,1507.25
FOOD001337,2026-03-25,Snacks,Dal,64,56,8,37.17,2379.05,12.5,87.5,297.36
FOOD001338,2026-03-25,Snacks,Dosa,142,113,26,45.98,6529.77,18.30985915492958,79.5774647887324,1195.48
FOOD001339,2026-03-25,Snacks,Rice,74,63,9,78.68,5822.06,12.162162162162163,85.13513513513513,708.1200000000001
FOOD001340,2026-03-25,Snacks,Sambar,69,61,8,29.51,2036.45,11.594202898550725,88.40579710144928,236.08
FOOD001341,2026-03-25,Dinner,Dal,235,209,19,24.98,5869.8,8.085106382978724,88.93617021276596,474.62
FOOD001342,2026-03-25,Dinner,Sambar,92,82,5,58.35,5368.47,5.434782608695652,89.13043478260869,291.75
FOOD001343,2026-03-25,Dinner,Chapati,226,209,16,41.26,9324.55,7.079646017699115,92.47787610619469,660.16
FOOD001344,2026-03-25,Dinner,Dosa,96,91,5,78.34,7520.48,5.208333333333334,94.79166666666666,391.70000000000005
FOOD001345,2026-03-26,Breakfast,Biryani,108,94,7,37.02,3998.62,6.481481481481481,87.03703703703704,259.14000000000004
FOOD001346,2026-03-26,Breakfast,Rice,190,163,26,36.83,6998.57,13.684210526315791,85.78947368421052,957.5799999999999
FOOD001347,2026-03-26,Breakfast,Curd Rice,123,99,22,62.19,7649.11,17.88617886178862,80.48780487804879,1368.1799999999998
FOOD001348,2026-03-26,Breakfast,Dal,121,109,7,54.1,6546.12,5.785123966942149,90.08264462809917,378.7
FOOD001349,2026-03-26,Lunch,Biryani,60,52,6,43.56,2613.64,10.0,86.66666666666667,261.36
FOOD001350,2026-03-26,Lunch,Vegetable Curry,95,76,17,65.87,6257.97,17.894736842105264,80.0,1119.79
FOOD001351,2026-03-26,Lunch,Dal,171,149,20,48.14,8232.24,11.695906432748536,87.13450292397661,962.8
FOOD001352,2026-03-26,Lunch,Sambar,78,68,6,42.52,3316.89,7.6923076923076925,87.17948717948718,255.12
FOOD001353,2026-03-26,Snacks,Dosa,106,85,17,42.24,4477.5,16.037735849056602,80.18867924528303,718.08
FOOD001354,2026-03-26,Snacks,Vegetable Curry,174,150,20,78.73,13699.68,11.494252873563218,86.20689655172413,1574.6000000000001
FOOD001355,2026-03-26,Snacks,Sambar,167,141,20,42.32,7067.71,11.976047904191617,84.4311377245509,846.4
FOOD001356,2026-03-26,Snacks,Dal,56,51,5,75.99,4255.34,8.928571428571429,91.07142857142857,379.95
FOOD001357,2026-03-26,Dinner,Rice,140,125,15,53.05,7426.73,10.714285714285714,89.28571428571429,795.75
FOOD001358,2026-03-26,Dinner,Vegetable Curry,235,201,32,66.61,15653.57,13.617021276595745,85.53191489361703,2131.52
FOOD001359,2026-03-26,Dinner,Sambar,181,149,28,29.55,5347.77,15.469613259668508,82.32044198895028,827.4
FOOD001360,2026-03-26,Dinner,Dosa,186,163,19,28.08,5222.98,10.21505376344086,87.63440860215054,533.52
FOOD001361,2026-03-27,Breakfast,Biryani,240,213,27,33.74,8097.11,11.25,88.75,910.98
FOOD001362,2026-03-27,Breakfast,Vegetable Curry,155,128,21,48.89,7578.66,13.548387096774196,82.58064516129032,1026.69
FOOD001363,2026-03-27,Breakfast,Dal,82,76,5,30.45,2496.96,6.097560975609756,92.6829268292683,152.25
FOOD001364,2026-03-27,Breakfast,Fried Rice,165,147,18,32.12,5299.98,10.909090909090908,89.0909090909091,578.16
FOOD001365,2026-03-27,Lunch,Chicken Curry,59,47,11,37.91,2236.46,18.64406779661017,79.66101694915254,417.01
FOOD001366,2026-03-27,Lunch,Sambar,104,82,17,61.88,6435.99,16.346153846153847,78.84615384615384,1051.96
FOOD001367,2026-03-27,Lunch,Chapati,227,191,32,78.47,17813.38,14.096916299559473,84.14096916299559,2511.04
FOOD001368,2026-03-27,Lunch,Vegetable Curry,221,185,33,22.17,4899.54,14.93212669683258,83.710407239819,731.61
FOOD001369,2026-03-27,Snacks,Curd Rice,161,151,8,59.53,9584.61,4.968944099378882,93.7888198757764,476.24
FOOD001370,2026-03-27,Snacks,Rice,108,96,5,57.7,6231.81,4.62962962962963,88.88888888888889,288.5
FOOD001371,2026-03-27,Snacks,Fried Rice,71,63,3,34.39,2441.6,4.225352112676056,88.73239436619718,103.17
FOOD001372,2026-03-27,Snacks,Chicken Curry,50,40,4,64.14,3207.22,8.0,80.0,256.56
FOOD001373,2026-03-27,Dinner,Vegetable Curry,133,123,9,48.48,6448.13,6.7669172932330826,92.4812030075188,436.32
FOOD001374,2026-03-27,Dinner,Chapati,153,118,29,58.85,9004.36,18.954248366013072,77.12418300653596,1706.65
FOOD001375,2026-03-27,Dinner,Rice,160,148,12,41.24,6597.81,7.5,92.5,494.88
FOOD001376,2026-03-27,Dinner,Fried Rice,209,181,25,47.71,9970.47,11.961722488038278,86.60287081339713,1192.75
FOOD001377,2026-03-28,Breakfast,Vegetable Curry,127,103,20,73.49,9333.28,15.748031496062993,81.10236220472441,1469.8
FOOD001378,2026-03-28,Breakfast,Idli,131,123,8,30.06,3937.92,6.106870229007633,93.89312977099237,240.48
FOOD001379,2026-03-28,Breakfast,Biryani,195,157,33,61.39,11970.09,16.923076923076923,80.51282051282051,2025.8700000000001
FOOD001380,2026-03-28,Breakfast,Noodles,94,82,8,20.0,1880.33,8.51063829787234,87.2340425531915,160.0
FOOD001381,2026-03-28,Lunch,Chicken Curry,194,153,37,72.68,14099.08,19.072164948453608,78.8659793814433,2689.1600000000003
FOOD001382,2026-03-28,Lunch,Dal,100,88,5,62.48,6248.21,5.0,88.0,312.4
FOOD001383,2026-03-28,Lunch,Chapati,110,100,10,78.63,8648.89,9.090909090909092,90.9090909090909,786.3
FOOD001384,2026-03-28,Lunch,Rice,127,108,14,77.26,9812.14,11.023622047244094,85.03937007874016,1081.64
FOOD001385,2026-03-28,Snacks,Noodles,109,88,19,59.63,6499.45,17.431192660550458,80.73394495412845,1132.97
FOOD001386,2026-03-28,Snacks,Sambar,70,62,5,64.08,4485.9,7.142857142857142,88.57142857142857,320.4
FOOD001387,2026-03-28,Snacks,Chapati,139,117,15,44.58,6196.72,10.79136690647482,84.17266187050359,668.6999999999999
FOOD001388,2026-03-28,Snacks,Rice,198,163,28,23.83,4718.5,14.14141414141414,82.32323232323232,667.24
FOOD001389,2026-03-28,Dinner,Sambar,131,106,21,73.52,9630.8,16.030534351145036,80.91603053435115,1543.9199999999998
FOOD001390,2026-03-28,Dinner,Fried Rice,137,119,14,57.47,7873.44,10.218978102189782,86.86131386861314,804.5799999999999
FOOD001391,2026-03-28,Dinner,Biryani,118,110,6,75.64,8925.02,5.084745762711865,93.22033898305084,453.84000000000003
FOOD001392,2026-03-28,Dinner,Chicken Curry,215,188,21,67.33,14475.69,9.767441860465116,87.44186046511628,1413.93
FOOD001393,2026-03-29,Breakfast,Dosa,148,123,24,67.25,9953.45,16.216216216216218,83.1081081081081,1614.0
FOOD001394,2026-03-29,Breakfast,Vegetable Curry,233,220,12,54.43,12681.61,5.150214592274678,94.4206008583691,653.16
FOOD001395,2026-03-29,Breakfast,Sambar,170,156,14,35.42,6021.73,8.235294117647058,91.76470588235294,495.88
FOOD001396,2026-03-29,Breakfast,Fried Rice,54,47,6,53.26,2876.21,11.11111111111111,87.03703703703704,319.56
FOOD001397,2026-03-29,Lunch,Vegetable Curry,105,81,20,66.65,6998.11,19.047619047619047,77.14285714285715,1333.0
FOOD001398,2026-03-29,Lunch,Dosa,105,90,8,30.78,3232.27,7.6190476190476195,85.71428571428571,246.24
FOOD001399,2026-03-29,Lunch,Fried Rice,188,158,24,64.88,12196.99,12.76595744680851,84.04255319148936,1557.12
FOOD001400,2026-03-29,Lunch,Idli,141,126,9,74.66,10527.37,6.382978723404255,89.36170212765957,671.9399999999999
FOOD001401,2026-03-29,Snacks,Curd Rice,97,85,7,26.64,2583.66,7.216494845360824,87.62886597938144,186.48000000000002
FOOD001402,2026-03-29,Snacks,Sambar,247,223,22,54.51,13464.03,8.906882591093117,90.2834008097166,1199.22
FOOD001403,2026-03-29,Snacks,Biryani,127,103,21,76.24,9681.94,16.535433070866144,81.10236220472441,1601.04
FOOD001404,2026-03-29,Snacks,Rice,69,59,6,42.62,2941.04,8.695652173913043,85.5072463768116,255.71999999999997
FOOD001405,2026-03-29,Dinner,Curd Rice,97,83,12,65.35,6338.84,12.371134020618557,85.56701030927834,784.1999999999999
FOOD001406,2026-03-29,Dinner,Noodles,104,84,15,16.35,1700.86,14.423076923076922,80.76923076923077,245.25000000000003
FOOD001407,2026-03-29,Dinner,Rice,195,180,11,50.01,9751.7,5.641025641025641,92.3076923076923,550.11
FOOD001408,2026-03-29,Dinner,Chicken Curry,183,171,8,19.21,3514.68,4.371584699453552,93.44262295081968,153.68
FOOD001409,2026-03-30,Breakfast,Sambar,101,95,6,22.54,2276.23,5.9405940594059405,94.05940594059405,135.24
FOOD001410,2026-03-30,Breakfast,Chapati,222,212,8,52.08,11562.66,3.6036036036036037,95.4954954954955,416.64
FOOD001411,2026-03-30,Breakfast,Rice,115,100,12,72.76,8367.82,10.434782608695652,86.95652173913044,873.1200000000001
FOOD001412,2026-03-30,Breakfast,Chicken Curry,162,128,29,77.97,12631.43,17.901234567901234,79.01234567901234,2261.13
FOOD001413,2026-03-30,Lunch,Chicken Curry,185,156,24,28.63,5295.66,12.972972972972974,84.32432432432432,687.12
FOOD001414,2026-03-30,Lunch,Idli,111,87,20,72.36,8031.67,18.01801801801802,78.37837837837837,1447.2
FOOD001415,2026-03-30,Lunch,Biryani,163,138,18,48.49,7904.25,11.042944785276074,84.66257668711657,872.82
FOOD001416,2026-03-30,Lunch,Fried Rice,186,148,31,25.38,4720.66,16.666666666666664,79.56989247311827,786.78
FOOD001417,2026-03-30,Snacks,Dosa,59,46,8,30.34,1789.83,13.559322033898304,77.96610169491525,242.72
FOOD001418,2026-03-30,Snacks,Biryani,166,153,13,76.86,12758.13,7.83132530120482,92.16867469879519,999.18
FOOD001419,2026-03-30,Snacks,Idli,227,199,22,43.4,9852.57,9.691629955947137,87.66519823788546,954.8
FOOD001420,2026-03-30,Snacks,Curd Rice,59,44,9,30.75,1814.11,15.254237288135593,74.57627118644068,276.75
FOOD001421,2026-03-30,Dinner,Vegetable Curry,99,81,16,50.22,4971.82,16.161616161616163,81.81818181818183,803.52
FOOD001422,2026-03-30,Dinner,Chapati,184,143,35,44.0,8095.22,19.021739130434785,77.71739130434783,1540.0
FOOD001423,2026-03-30,Dinner,Idli,196,179,13,22.19,4348.35,6.63265306122449,91.3265306122449,288.47
FOOD001424,2026-03-30,Dinner,Dosa,69,57,12,68.92,4755.32,17.391304347826086,82.6086956521739,827.04
FOOD001425,2026-03-31,Breakfast,Idli,106,91,12,58.36,6186.03,11.320754716981133,85.84905660377359,700.3199999999999
FOOD001426,2026-03-31,Breakfast,Chapati,245,218,24,73.27,17949.93,9.795918367346939,88.9795918367347,1758.48
FOOD001427,2026-03-31,Breakfast,Rice,88,72,15,62.18,5471.53,17.045454545454543,81.81818181818183,932.7
FOOD001428,2026-03-31,Breakfast,Dosa,199,167,28,44.37,8829.14,14.07035175879397,83.91959798994975,1242.36
FOOD001429,2026-03-31,Lunch,Dal,122,113,8,65.6,8002.8,6.557377049180328,92.62295081967213,524.8
FOOD001430,2026-03-31,Lunch,Chapati,107,89,15,15.64,1673.06,14.018691588785046,83.17757009345794,234.60000000000002
FOOD001431,2026-03-31,Lunch,Biryani,193,183,9,51.2,9882.16,4.66321243523316,94.81865284974094,460.8
FOOD001432,2026-03-31,Lunch,Idli,138,111,23,54.49,7520.12,16.666666666666664,80.43478260869566,1253.27
FOOD001433,2026-03-31,Snacks,Dosa,235,184,45,45.12,10602.17,19.148936170212767,78.29787234042553,2030.3999999999999
FOOD001434,2026-03-31,Snacks,Dal,208,173,28,49.7,10336.73,13.461538461538462,83.17307692307693,1391.6000000000001
FOOD001435,2026-03-31,Snacks,Fried Rice,248,214,31,24.68,6120.63,12.5,86.29032258064517,765.08
FOOD001436,2026-03-31,Snacks,Idli,180,166,12,35.89,6460.88,6.666666666666667,92.22222222222223,430.68
FOOD001437,2026-03-31,Dinner,Sambar,157,128,26,57.96,9099.76,16.560509554140125,81.52866242038218,1506.96
FOOD001438,2026-03-31,Dinner,Chapati,125,111,11,66.3,8287.3,8.799999999999999,88.8,729.3
FOOD001439,2026-03-31,Dinner,Dal,109,92,10,45.82,4994.45,9.174311926605505,84.40366972477065,458.2
FOOD001440,2026-03-31,Dinner,Chicken Curry,70,58,11,75.25,5267.33,15.714285714285714,82.85714285714286,827.75
FOOD001441,2026-04-01,Breakfast,Fried Rice,243,221,17,36.33,8827.64,6.995884773662551,90.94650205761316,617.61
FOOD001442,2026-04-01,Breakfast,Rice,74,62,10,38.49,2848.52,13.513513513513514,83.78378378378379,384.90000000000003
FOOD001443,2026-04-01,Breakfast,Sambar,198,185,7,20.07,3973.87,3.535353535353535,93.43434343434343,140.49
FOOD001444,2026-04-01,Breakfast,Chicken Curry,86,80,3,39.18,3369.85,3.488372093023256,93.02325581395348,117.53999999999999
FOOD001445,2026-04-01,Lunch,Rice,174,142,27,18.95,3297.98,15.517241379310345,81.60919540229885,511.65
FOOD001446,2026-04-01,Lunch,Chapati,68,59,4,22.4,1523.15,5.88235294117647,86.76470588235294,89.6
FOOD001447,2026-04-01,Lunch,Biryani,115,101,13,39.42,4533.44,11.304347826086957,87.82608695652175,512.46
FOOD001448,2026-04-01,Lunch,Sambar,70,55,11,16.26,1138.52,15.714285714285714,78.57142857142857,178.86
FOOD001449,2026-04-01,Snacks,Noodles,80,62,13,71.58,5726.44,16.25,77.5,930.54
FOOD001450,2026-04-01,Snacks,Dal,170,161,7,54.41,9249.44,4.117647058823529,94.70588235294117,380.87
FOOD001451,2026-04-01,Snacks,Fried Rice,158,135,19,18.06,2853.06,12.025316455696203,85.44303797468355,343.14
FOOD001452,2026-04-01,Snacks,Chapati,125,107,11,40.09,5011.8,8.799999999999999,85.6,440.99
FOOD001453,2026-04-01,Dinner,Chapati,234,219,11,48.24,11287.35,4.700854700854701,93.58974358974359,530.64
FOOD001454,2026-04-01,Dinner,Dal,148,114,28,32.87,4864.94,18.91891891891892,77.02702702702703,920.3599999999999
FOOD001455,2026-04-01,Dinner,Noodles,77,64,8,45.58,3509.76,10.38961038961039,83.11688311688312,364.64
FOOD001456,2026-04-01,Dinner,Sambar,132,108,22,77.4,10217.13,16.666666666666664,81.81818181818183,1702.8000000000002
FOOD001457,2026-04-02,Breakfast,Sambar,197,159,37,38.07,7500.2,18.781725888324875,80.71065989847716,1408.59
FOOD001458,2026-04-02,Breakfast,Chapati,227,203,23,44.91,10194.44,10.13215859030837,89.42731277533039,1032.9299999999998
FOOD001459,2026-04-02,Breakfast,Vegetable Curry,99,74,18,15.71,1555.67,18.181818181818183,74.74747474747475,282.78000000000003
FOOD001460,2026-04-02,Breakfast,Fried Rice,145,130,8,58.43,8472.75,5.517241379310345,89.65517241379311,467.44
FOOD001461,2026-04-02,Lunch,Fried Rice,225,200,20,47.05,10586.03,8.88888888888889,88.88888888888889,941.0
FOOD001462,2026-04-02,Lunch,Dosa,70,57,11,23.76,1663.07,15.714285714285714,81.42857142857143,261.36
FOOD001463,2026-04-02,Lunch,Chicken Curry,189,152,34,58.09,10979.42,17.989417989417987,80.42328042328042,1975.0600000000002
FOOD001464,2026-04-02,Lunch,Sambar,139,115,22,34.31,4768.92,15.827338129496402,82.73381294964028,754.82
FOOD001465,2026-04-02,Snacks,Noodles,95,76,15,15.41,1463.62,15.789473684210526,80.0,231.15
FOOD001466,2026-04-02,Snacks,Curd Rice,63,53,10,23.34,1470.73,15.873015873015872,84.12698412698413,233.4
FOOD001467,2026-04-02,Snacks,Chicken Curry,118,102,16,76.78,9059.68,13.559322033898304,86.4406779661017,1228.48
FOOD001468,2026-04-02,Snacks,Fried Rice,128,111,15,71.33,9129.86,11.71875,86.71875,1069.95
FOOD001469,2026-04-02,Dinner,Vegetable Curry,176,140,31,64.12,11284.41,17.613636363636363,79.54545454545455,1987.7200000000003
FOOD001470,2026-04-02,Dinner,Chapati,156,135,16,61.67,9620.3,10.256410256410255,86.53846153846155,986.72
FOOD001471,2026-04-02,Dinner,Dosa,165,142,20,17.45,2878.43,12.121212121212121,86.06060606060606,349.0
FOOD001472,2026-04-02,Dinner,Curd Rice,194,169,24,49.06,9517.35,12.371134020618557,87.11340206185567,1177.44
FOOD001473,2026-04-03,Breakfast,Fried Rice,175,156,17,68.62,12008.72,9.714285714285714,89.14285714285714,1166.54
FOOD001474,2026-04-03,Breakfast,Rice,73,64,7,39.15,2858.07,9.58904109589041,87.67123287671232,274.05
FOOD001475,2026-04-03,Breakfast,Noodles,144,123,19,16.36,2356.18,13.194444444444445,85.41666666666666,310.84
FOOD001476,2026-04-03,Breakfast,Curd Rice,139,116,22,47.95,6664.44,15.827338129496402,83.45323741007195,1054.9
FOOD001477,2026-04-03,Lunch,Noodles,200,158,37,52.25,10449.66,18.5,79.0,1933.25
FOOD001478,2026-04-03,Lunch,Fried Rice,127,106,19,37.95,4819.96,14.960629921259844,83.46456692913385,721.0500000000001
FOOD001479,2026-04-03,Lunch,Biryani,157,141,15,38.33,6017.75,9.554140127388536,89.80891719745223,574.9499999999999
FOOD001480,2026-04-03,Lunch,Dal,94,74,15,38.73,3640.34,15.957446808510639,78.72340425531915,580.9499999999999
FOOD001481,2026-04-03,Snacks,Curd Rice,173,158,11,27.59,4773.54,6.358381502890173,91.32947976878613,303.49
FOOD001482,2026-04-03,Snacks,Sambar,87,72,9,56.77,4938.59,10.344827586206897,82.75862068965517,510.93
FOOD001483,2026-04-03,Snacks,Dosa,55,42,6,35.95,1977.07,10.909090909090908,76.36363636363637,215.70000000000002
FOOD001484,2026-04-03,Snacks,Chicken Curry,225,191,28,24.07,5414.98,12.444444444444445,84.88888888888889,673.96
FOOD001485,2026-04-03,Dinner,Dal,58,47,8,71.02,4119.17,13.793103448275861,81.03448275862068,568.16
FOOD001486,2026-04-03,Dinner,Chapati,237,210,20,26.91,6376.89,8.438818565400844,88.60759493670885,538.2
FOOD001487,2026-04-03,Dinner,Fried Rice,225,208,12,36.98,8321.42,5.333333333333334,92.44444444444444,443.76
FOOD001488,2026-04-03,Dinner,Noodles,92,69,18,54.48,5011.96,19.565217391304348,75.0,980.64
FOOD001489,2026-04-04,Breakfast,Sambar,141,118,23,15.75,2221.22,16.312056737588655,83.68794326241135,362.25
FOOD001490,2026-04-04,Breakfast,Biryani,158,131,24,55.81,8817.23,15.18987341772152,82.91139240506328,1339.44
FOOD001491,2026-04-04,Breakfast,Vegetable Curry,122,109,6,23.23,2834.35,4.918032786885246,89.34426229508196,139.38
FOOD001492,2026-04-04,Breakfast,Chicken Curry,210,185,21,50.68,10643.37,10.0,88.09523809523809,1064.28
FOOD001493,2026-04-04,Lunch,Rice,237,211,22,63.19,14976.27,9.282700421940929,89.0295358649789,1390.1799999999998
FOOD001494,2026-04-04,Lunch,Curd Rice,102,89,6,67.31,6865.21,5.88235294117647,87.25490196078431,403.86
FOOD001495,2026-04-04,Lunch,Chicken Curry,232,211,16,31.7,7353.54,6.896551724137931,90.94827586206897,507.2
FOOD001496,2026-04-04,Lunch,Sambar,135,120,10,52.6,7100.8,7.4074074074074066,88.88888888888889,526.0
FOOD001497,2026-04-04,Snacks,Rice,242,226,16,70.78,17128.91,6.6115702479338845,93.38842975206612,1132.48
FOOD001498,2026-04-04,Snacks,Dosa,181,158,16,69.19,12522.93,8.83977900552486,87.29281767955801,1107.04
FOOD001499,2026-04-04,Snacks,Vegetable Curry,153,127,23,73.96,11315.51,15.032679738562091,83.00653594771242,1701.08
FOOD001500,2026-04-04,Snacks,Dal,180,155,23,64.44,11598.37,12.777777777777777,86.11111111111111,1482.12
FOOD001501,2026-04-04,Dinner,Noodles,225,183,41,58.13,13079.33,18.22222222222222,81.33333333333333,2383.33
FOOD001502,2026-04-04,Dinner,Chicken Curry,108,102,4,44.19,4772.03,3.7037037037037033,94.44444444444444,176.76
FOOD001503,2026-04-04,Dinner,Sambar,212,181,24,69.56,14746.17,11.320754716981133,85.37735849056604,1669.44
FOOD001504,2026-04-04,Dinner,Dal,104,96,4,72.63,7553.66,3.8461538461538463,92.3076923076923,290.52
FOOD001505,2026-04-05,Breakfast,Rice,163,131,29,42.12,6864.89,17.791411042944784,80.3680981595092,1221.48
FOOD001506,2026-04-05,Breakfast,Biryani,229,189,35,22.77,5213.55,15.283842794759824,82.53275109170306,796.9499999999999
FOOD001507,2026-04-05,Breakfast,Chapati,225,187,37,70.57,15877.74,16.444444444444446,83.11111111111111,2611.0899999999997
FOOD001508,2026-04-05,Breakfast,Sambar,100,86,13,28.7,2870.22,13.0,86.0,373.09999999999997
FOOD001509,2026-04-05,Lunch,Dosa,192,167,18,46.61,8949.98,9.375,86.97916666666666,838.98
FOOD001510,2026-04-05,Lunch,Biryani,147,129,16,61.12,8984.69,10.884353741496598,87.75510204081633,977.92
FOOD001511,2026-04-05,Lunch,Noodles,95,76,12,24.1,2289.03,12.631578947368421,80.0,289.20000000000005
FOOD001512,2026-04-05,Lunch,Dal,164,150,10,59.22,9712.58,6.097560975609756,91.46341463414635,592.2
FOOD001513,2026-04-05,Snacks,Vegetable Curry,74,55,13,74.73,5529.81,17.56756756756757,74.32432432432432,971.49
FOOD001514,2026-04-05,Snacks,Biryani,71,68,3,32.75,2325.39,4.225352112676056,95.77464788732394,98.25
FOOD001515,2026-04-05,Snacks,Noodles,170,146,21,45.31,7702.68,12.352941176470589,85.88235294117646,951.51
FOOD001516,2026-04-05,Snacks,Chicken Curry,143,121,15,67.89,9708.3,10.48951048951049,84.61538461538461,1018.35
FOOD001517,2026-04-05,Dinner,Curd Rice,176,149,25,23.2,4083.51,14.204545454545455,84.6590909090909,580.0
FOOD001518,2026-04-05,Dinner,Noodles,208,164,40,45.02,9365.03,19.230769230769234,78.84615384615384,1800.8000000000002
FOOD001519,2026-04-05,Dinner,Dosa,71,60,4,52.98,3761.39,5.633802816901409,84.50704225352112,211.92
FOOD001520,2026-04-05,Dinner,Idli,213,188,22,25.23,5373.89,10.328638497652582,88.26291079812206,555.0600000000001
FOOD001521,2026-04-06,Breakfast,Rice,59,49,10,64.37,3797.62,16.94915254237288,83.05084745762711,643.7
FOOD001522,2026-04-06,Breakfast,Idli,138,123,12,65.21,8998.35,8.695652173913043,89.13043478260869,782.52
FOOD001523,2026-04-06,Breakfast,Dal,54,45,6,62.86,3394.28,11.11111111111111,83.33333333333334,377.15999999999997
FOOD001524,2026-04-06,Breakfast,Sambar,149,133,12,65.77,9799.66,8.053691275167784,89.26174496644296,789.24
FOOD001525,2026-04-06,Lunch,Vegetable Curry,167,133,30,23.31,3893.07,17.964071856287426,79.64071856287424,699.3
FOOD001526,2026-04-06,Lunch,Biryani,92,81,11,32.04,2947.43,11.956521739130435,88.04347826086956,352.44
FOOD001527,2026-04-06,Lunch,Chapati,88,76,6,61.08,5375.2,6.8181818181818175,86.36363636363636,366.48
FOOD001528,2026-04-06,Lunch,Idli,91,81,6,42.77,3892.24,6.593406593406594,89.01098901098901,256.62
FOOD001529,2026-04-06,Snacks,Chapati,185,168,15,18.97,3509.11,8.108108108108109,90.81081081081082,284.54999999999995
FOOD001530,2026-04-06,Snacks,Chicken Curry,126,99,24,29.1,3667.01,19.047619047619047,78.57142857142857,698.4000000000001
FOOD001531,2026-04-06,Snacks,Curd Rice,186,152,33,79.06,14706.04,17.741935483870968,81.72043010752688,2608.98
FOOD001532,2026-04-06,Snacks,Fried Rice,181,159,17,57.63,10430.71,9.392265193370166,87.84530386740332,979.71
FOOD001533,2026-04-06,Dinner,Chicken Curry,168,147,19,69.07,11603.2,11.30952380952381,87.5,1312.33
FOOD001534,2026-04-06,Dinner,Idli,104,83,17,24.76,2574.92,16.346153846153847,79.8076923076923,420.92
FOOD001535,2026-04-06,Dinner,Noodles,117,108,8,67.71,7922.31,6.837606837606838,92.3076923076923,541.68
FOOD001536,2026-04-06,Dinner,Biryani,143,122,15,64.81,9268.2,10.48951048951049,85.3146853146853,972.1500000000001
FOOD001537,2026-04-07,Breakfast,Sambar,50,44,6,55.03,2751.74,12.0,88.0,330.18
FOOD001538,2026-04-07,Breakfast,Noodles,166,144,16,42.88,7118.31,9.63855421686747,86.74698795180723,686.08
FOOD001539,2026-04-07,Breakfast,Biryani,157,135,20,58.13,9125.64,12.738853503184714,85.98726114649682,1162.6000000000001
FOOD001540,2026-04-07,Breakfast,Chicken Curry,144,134,10,57.01,8208.92,6.944444444444445,93.05555555555556,570.1
FOOD001541,2026-04-07,Lunch,Idli,87,76,9,28.16,2450.09,10.344827586206897,87.35632183908046,253.44
FOOD001542,2026-04-07,Lunch,Dal,202,180,21,65.26,13182.22,10.396039603960396,89.10891089108911,1370.46
FOOD001543,2026-04-07,Lunch,Fried Rice,93,77,15,39.07,3633.56,16.129032258064516,82.79569892473118,586.05
FOOD001544,2026-04-07,Lunch,Dosa,135,123,11,48.93,6605.28,8.148148148148149,91.11111111111111,538.23
FOOD001545,2026-04-07,Snacks,Dal,52,45,2,50.96,2650.11,3.8461538461538463,86.53846153846155,101.92
FOOD001546,2026-04-07,Snacks,Biryani,233,214,16,51.29,11950.76,6.866952789699571,91.84549356223177,820.64
FOOD001547,2026-04-07,Snacks,Sambar,197,169,25,72.49,14279.88,12.690355329949238,85.78680203045685,1812.2499999999998
FOOD001548,2026-04-07,Snacks,Dosa,159,134,20,45.96,7307.57,12.578616352201259,84.27672955974843,919.2
FOOD001549,2026-04-07,Dinner,Rice,246,232,11,35.04,8619.25,4.471544715447155,94.3089430894309,385.44
FOOD001550,2026-04-07,Dinner,Idli,57,44,9,58.36,3326.42,15.789473684210526,77.19298245614034,525.24
FOOD001551,2026-04-07,Dinner,Chapati,131,112,17,75.18,9847.98,12.977099236641221,85.49618320610686,1278.0600000000002
FOOD001552,2026-04-07,Dinner,Fried Rice,147,127,19,17.88,2627.83,12.925170068027212,86.39455782312925,339.71999999999997
FOOD001553,2026-04-08,Breakfast,Rice,139,129,10,39.84,5537.95,7.194244604316546,92.80575539568345,398.40000000000003
FOOD001554,2026-04-08,Breakfast,Dosa,148,132,9,66.27,9808.69,6.081081081081082,89.1891891891892,596.43
FOOD001555,2026-04-08,Breakfast,Chicken Curry,192,156,29,56.09,10769.43,15.104166666666666,81.25,1626.6100000000001
FOOD001556,2026-04-08,Breakfast,Curd Rice,61,57,2,23.86,1455.18,3.278688524590164,93.44262295081968,47.72
FOOD001557,2026-04-08,Lunch,Rice,247,217,28,78.26,19330.85,11.336032388663968,87.85425101214574,2191.28
FOOD001558,2026-04-08,Lunch,Dosa,169,147,18,78.4,13250.29,10.650887573964498,86.98224852071006,1411.2
FOOD001559,2026-04-08,Lunch,Chapati,56,50,3,65.17,3649.78,5.357142857142857,89.28571428571429,195.51
FOOD001560,2026-04-08,Lunch,Biryani,174,141,30,27.58,4798.42,17.24137931034483,81.03448275862068,827.4
FOOD001561,2026-04-08,Snacks,Noodles,231,199,32,61.7,14253.69,13.852813852813853,86.14718614718615,1974.4
FOOD001562,2026-04-08,Snacks,Rice,71,60,5,35.68,2533.35,7.042253521126761,84.50704225352112,178.4
FOOD001563,2026-04-08,Snacks,Dosa,166,136,30,76.33,12670.0,18.072289156626507,81.92771084337349,2289.9
FOOD001564,2026-04-08,Snacks,Curd Rice,154,133,14,47.65,7338.78,9.090909090909092,86.36363636363636,667.1
FOOD001565,2026-04-08,Dinner,Vegetable Curry,122,108,9,48.55,5922.89,7.377049180327869,88.52459016393442,436.95
FOOD001566,2026-04-08,Dinner,Chicken Curry,78,61,13,31.85,2484.01,16.666666666666664,78.2051282051282,414.05
FOOD001567,2026-04-08,Dinner,Biryani,143,117,21,36.54,5225.11,14.685314685314685,81.81818181818183,767.34
FOOD001568,2026-04-08,Dinner,Curd Rice,86,73,12,44.78,3851.39,13.953488372093023,84.88372093023256,537.36
FOOD001569,2026-04-09,Breakfast,Dosa,227,203,19,59.64,13539.07,8.370044052863436,89.42731277533039,1133.16
FOOD001570,2026-04-09,Breakfast,Curd Rice,234,196,32,78.05,18263.57,13.675213675213676,83.76068376068376,2497.6
FOOD001571,2026-04-09,Breakfast,Biryani,100,93,6,75.79,7578.96,6.0,93.0,454.74
FOOD001572,2026-04-09,Breakfast,Noodles,176,142,32,51.78,9114.08,18.181818181818183,80.68181818181817,1656.96
FOOD001573,2026-04-09,Lunch,Idli,149,139,7,28.88,4303.17,4.697986577181208,93.28859060402685,202.16
FOOD001574,2026-04-09,Lunch,Dosa,82,68,8,55.45,4546.5,9.75609756097561,82.92682926829268,443.6
FOOD001575,2026-04-09,Lunch,Biryani,108,83,20,47.84,5166.31,18.51851851851852,76.85185185185185,956.8000000000001
FOOD001576,2026-04-09,Lunch,Curd Rice,155,147,7,37.76,5853.41,4.516129032258064,94.83870967741936,264.32
FOOD001577,2026-04-09,Snacks,Chicken Curry,240,194,46,45.76,10982.46,19.166666666666668,80.83333333333333,2104.96
FOOD001578,2026-04-09,Snacks,Dosa,121,91,23,18.14,2194.5,19.00826446280992,75.20661157024794,417.22
FOOD001579,2026-04-09,Snacks,Sambar,54,43,6,53.53,2890.45,11.11111111111111,79.62962962962963,321.18
FOOD001580,2026-04-09,Snacks,Chapati,73,59,12,35.98,2626.9,16.43835616438356,80.82191780821918,431.76
FOOD001581,2026-04-09,Dinner,Dal,143,113,24,38.4,5491.2,16.783216783216783,79.02097902097903,921.5999999999999
FOOD001582,2026-04-09,Dinner,Chapati,206,177,26,42.67,8789.08,12.62135922330097,85.92233009708737,1109.42
FOOD001583,2026-04-09,Dinner,Biryani,134,112,22,18.3,2452.46,16.417910447761194,83.5820895522388,402.6
FOOD001584,2026-04-09,Dinner,Fried Rice,230,179,44,57.35,13189.44,19.130434782608695,77.82608695652173,2523.4
FOOD001585,2026-04-10,Breakfast,Rice,109,89,17,31.66,3451.21,15.59633027522936,81.65137614678899,538.22
FOOD001586,2026-04-10,Breakfast,Dal,132,117,11,73.52,9704.59,8.333333333333332,88.63636363636364,808.7199999999999
FOOD001587,2026-04-10,Breakfast,Sambar,139,127,11,26.88,3735.85,7.913669064748201,91.36690647482014,295.68
FOOD001588,2026-04-10,Breakfast,Biryani,146,115,28,28.72,4193.1,19.17808219178082,78.76712328767124,804.16
FOOD001589,2026-04-10,Lunch,Idli,191,178,13,65.14,12441.43,6.806282722513089,93.19371727748691,846.82
FOOD001590,2026-04-10,Lunch,Chicken Curry,141,117,23,43.61,6148.73,16.312056737588655,82.97872340425532,1003.03
FOOD001591,2026-04-10,Lunch,Biryani,111,100,11,55.29,6136.93,9.90990990990991,90.09009009009009,608.1899999999999
FOOD001592,2026-04-10,Lunch,Fried Rice,160,142,17,73.18,11708.26,10.625,88.75,1244.0600000000002
FOOD001593,2026-04-10,Snacks,Sambar,217,186,28,36.49,7917.37,12.903225806451612,85.71428571428571,1021.72
FOOD001594,2026-04-10,Snacks,Biryani,160,137,17,31.37,5019.33,10.625,85.625,533.29
FOOD001595,2026-04-10,Snacks,Dosa,209,179,29,43.48,9087.66,13.875598086124402,85.64593301435407,1260.9199999999998
FOOD001596,2026-04-10,Snacks,Curd Rice,86,69,10,68.5,5891.31,11.627906976744185,80.23255813953489,685.0
FOOD001597,2026-04-10,Dinner,Biryani,212,182,28,53.0,11235.3,13.20754716981132,85.84905660377359,1484.0
FOOD001598,2026-04-10,Dinner,Curd Rice,180,162,15,75.58,13604.59,8.333333333333332,90.0,1133.7
FOOD001599,2026-04-10,Dinner,Rice,87,73,10,61.52,5352.63,11.494252873563218,83.9080459770115,615.2
FOOD001600,2026-04-10,Dinner,Chicken Curry,77,65,9,77.38,5958.13,11.688311688311687,84.4155844155844,696.42
FOOD001601,2026-04-11,Breakfast,Curd Rice,104,89,12,64.96,6756.09,11.538461538461538,85.57692307692307,779.52
FOOD001602,2026-04-11,Breakfast,Chicken Curry,210,168,40,49.51,10396.31,19.047619047619047,80.0,1980.3999999999999
FOOD001603,2026-04-11,Breakfast,Rice,164,133,27,27.1,4443.8,16.463414634146343,81.09756097560977,731.7
FOOD001604,2026-04-11,Breakfast,Idli,128,115,10,32.56,4168.23,7.8125,89.84375,325.6
FOOD001605,2026-04-11,Lunch,Chapati,152,128,24,49.77,7564.32,15.789473684210526,84.21052631578947,1194.48
FOOD001606,2026-04-11,Lunch,Dal,203,190,11,40.41,8203.65,5.41871921182266,93.59605911330048,444.51
FOOD001607,2026-04-11,Lunch,Dosa,193,169,24,70.17,13543.39,12.435233160621761,87.56476683937824,1684.08
FOOD001608,2026-04-11,Lunch,Biryani,228,213,14,22.58,5149.34,6.140350877192982,93.42105263157895,316.12
FOOD001609,2026-04-11,Snacks,Noodles,238,193,39,66.87,15915.36,16.386554621848738,81.09243697478992,2607.9300000000003
FOOD001610,2026-04-11,Snacks,Dosa,230,218,10,51.52,11850.5,4.3478260869565215,94.78260869565217,515.2
FOOD001611,2026-04-11,Snacks,Fried Rice,174,141,31,79.78,13881.65,17.81609195402299,81.03448275862068,2473.18
FOOD001612,2026-04-11,Snacks,Vegetable Curry,156,143,10,59.14,9226.24,6.41025641025641,91.66666666666666,591.4
FOOD001613,2026-04-11,Dinner,Dal,126,101,18,69.96,8814.99,14.285714285714285,80.15873015873017,1259.28
FOOD001614,2026-04-11,Dinner,Sambar,148,129,15,74.12,10969.79,10.135135135135135,87.16216216216216,1111.8000000000002
FOOD001615,2026-04-11,Dinner,Rice,208,171,37,46.35,9640.57,17.78846153846154,82.21153846153845,1714.95
FOOD001616,2026-04-11,Dinner,Chicken Curry,211,189,18,51.41,10846.47,8.530805687203792,89.57345971563981,925.3799999999999
FOOD001617,2026-04-12,Breakfast,Vegetable Curry,220,203,15,75.14,16530.21,6.8181818181818175,92.27272727272727,1127.1
FOOD001618,2026-04-12,Breakfast,Curd Rice,202,165,31,17.29,3492.41,15.346534653465346,81.68316831683168,535.99
FOOD001619,2026-04-12,Breakfast,Noodles,208,167,35,43.47,9042.36,16.826923076923077,80.28846153846155,1521.45
FOOD001620,2026-04-12,Breakfast,Biryani,59,46,11,18.74,1105.84,18.64406779661017,77.96610169491525,206.14
FOOD001621,2026-04-12,Lunch,Chapati,114,104,6,45.29,5162.61,5.263157894736842,91.22807017543859,271.74
FOOD001622,2026-04-12,Lunch,Fried Rice,227,213,9,18.9,4290.35,3.9647577092511015,93.83259911894272,170.1
FOOD001623,2026-04-12,Lunch,Vegetable Curry,87,74,10,48.81,4246.85,11.494252873563218,85.0574712643678,488.1
FOOD001624,2026-04-12,Lunch,Idli,168,156,8,70.9,11910.98,4.761904761904762,92.85714285714286,567.2
FOOD001625,2026-04-12,Snacks,Dosa,228,185,36,66.59,15182.19,15.789473684210526,81.14035087719299,2397.2400000000002
FOOD001626,2026-04-12,Snacks,Idli,55,46,5,54.11,2976.03,9.090909090909092,83.63636363636363,270.55
FOOD001627,2026-04-12,Snacks,Biryani,211,201,8,49.34,10410.38,3.7914691943127963,95.260663507109,394.72
FOOD001628,2026-04-12,Snacks,Vegetable Curry,189,172,17,34.76,6569.87,8.994708994708994,91.005291005291,590.92
FOOD001629,2026-04-12,Dinner,Noodles,64,61,3,60.62,3879.98,4.6875,95.3125,181.85999999999999
FOOD001630,2026-04-12,Dinner,Dosa,166,138,24,42.91,7122.55,14.457831325301203,83.13253012048193,1029.84
FOOD001631,2026-04-12,Dinner,Curd Rice,222,195,26,34.84,7735.07,11.711711711711711,87.83783783783784,905.8400000000001
FOOD001632,2026-04-12,Dinner,Dal,145,122,18,18.0,2609.98,12.413793103448276,84.13793103448276,324.0
FOOD001633,2026-04-13,Breakfast,Vegetable Curry,65,56,7,39.5,2567.59,10.76923076923077,86.15384615384616,276.5
FOOD001634,2026-04-13,Breakfast,Chapati,137,107,26,55.98,7669.6,18.97810218978102,78.1021897810219,1455.48
FOOD001635,2026-04-13,Breakfast,Noodles,194,176,18,40.92,7937.62,9.278350515463918,90.72164948453609,736.5600000000001
FOOD001636,2026-04-13,Breakfast,Rice,241,217,23,23.45,5652.49,9.54356846473029,90.04149377593362,539.35
FOOD001637,2026-04-13,Lunch,Dosa,109,101,4,62.73,6837.05,3.669724770642202,92.66055045871559,250.92
FOOD001638,2026-04-13,Lunch,Idli,70,62,3,71.54,5007.82,4.285714285714286,88.57142857142857,214.62
FOOD001639,2026-04-13,Lunch,Vegetable Curry,190,150,35,78.82,14976.38,18.421052631578945,78.94736842105263,2758.7
FOOD001640,2026-04-13,Lunch,Chicken Curry,97,86,10,24.5,2376.6,10.309278350515463,88.65979381443299,245.0
FOOD001641,2026-04-13,Snacks,Idli,96,92,3,48.65,4670.7,3.125,95.83333333333334,145.95
FOOD001642,2026-04-13,Snacks,Chicken Curry,95,81,9,18.05,1714.74,9.473684210526317,85.26315789473684,162.45000000000002
FOOD001643,2026-04-13,Snacks,Noodles,115,108,6,39.62,4556.42,5.217391304347826,93.91304347826087,237.71999999999997
FOOD001644,2026-04-13,Snacks,Dosa,189,147,36,19.73,3728.57,19.047619047619047,77.77777777777779,710.28
FOOD001645,2026-04-13,Dinner,Vegetable Curry,121,109,8,30.72,3717.56,6.6115702479338845,90.08264462809917,245.76
FOOD001646,2026-04-13,Dinner,Biryani,139,127,5,33.52,4659.81,3.597122302158273,91.36690647482014,167.60000000000002
FOOD001647,2026-04-13,Dinner,Sambar,194,166,22,32.27,6259.84,11.34020618556701,85.56701030927834,709.94
FOOD001648,2026-04-13,Dinner,Chapati,86,77,6,70.2,6037.38,6.976744186046512,89.53488372093024,421.20000000000005
FOOD001649,2026-04-14,Breakfast,Sambar,199,155,38,28.13,5597.93,19.09547738693467,77.88944723618091,1068.94
FOOD001650,2026-04-14,Breakfast,Chicken Curry,67,60,7,16.36,1096.42,10.44776119402985,89.55223880597015,114.52
FOOD001651,2026-04-14,Breakfast,Vegetable Curry,61,48,6,72.37,4414.58,9.836065573770492,78.68852459016394,434.22
FOOD001652,2026-04-14,Breakfast,Biryani,120,114,4,24.16,2899.43,3.3333333333333335,95.0,96.64
FOOD001653,2026-04-14,Lunch,Biryani,249,222,23,30.7,7645.34,9.236947791164658,89.1566265060241,706.1
FOOD001654,2026-04-14,Lunch,Rice,208,174,27,56.44,11739.17,12.980769230769232,83.65384615384616,1523.8799999999999
FOOD001655,2026-04-14,Lunch,Idli,125,108,17,71.23,8903.22,13.600000000000001,86.4,1210.91
FOOD001656,2026-04-14,Lunch,Fried Rice,195,153,35,68.28,13315.55,17.94871794871795,78.46153846153847,2389.8
FOOD001657,2026-04-14,Snacks,Idli,124,103,16,44.46,5513.11,12.903225806451612,83.06451612903226,711.36
FOOD001658,2026-04-14,Snacks,Vegetable Curry,226,193,29,77.69,17557.13,12.831858407079647,85.39823008849558,2253.0099999999998
FOOD001659,2026-04-14,Snacks,Curd Rice,56,44,5,15.16,848.99,8.928571428571429,78.57142857142857,75.8
FOOD001660,2026-04-14,Snacks,Fried Rice,247,225,18,34.56,8536.71,7.28744939271255,91.09311740890689,622.08
FOOD001661,2026-04-14,Dinner,Idli,128,112,10,52.8,6758.03,7.8125,87.5,528.0
FOOD001662,2026-04-14,Dinner,Fried Rice,168,132,32,44.86,7536.32,19.047619047619047,78.57142857142857,1435.52
FOOD001663,2026-04-14,Dinner,Noodles,61,52,4,40.17,2450.18,6.557377049180328,85.24590163934425,160.68
FOOD001664,2026-04-14,Dinner,Dosa,125,103,21,66.78,8348.02,16.8,82.39999999999999,1402.38
FOOD001665,2026-04-15,Breakfast,Vegetable Curry,55,48,4,31.58,1737.15,7.2727272727272725,87.27272727272727,126.32
FOOD001666,2026-04-15,Breakfast,Chapati,130,100,23,51.32,6671.05,17.692307692307693,76.92307692307693,1180.36
FOOD001667,2026-04-15,Breakfast,Dal,203,185,12,54.91,11147.65,5.911330049261084,91.13300492610837,658.92
FOOD001668,2026-04-15,Breakfast,Curd Rice,63,49,8,71.29,4491.14,12.698412698412698,77.77777777777779,570.32
FOOD001669,2026-04-15,Lunch,Dosa,162,138,18,63.77,10330.54,11.11111111111111,85.18518518518519,1147.8600000000001
FOOD001670,2026-04-15,Lunch,Noodles,249,228,15,20.37,5070.97,6.024096385542169,91.56626506024097,305.55
FOOD001671,2026-04-15,Lunch,Chapati,92,81,5,54.66,5028.69,5.434782608695652,88.04347826086956,273.29999999999995
FOOD001672,2026-04-15,Lunch,Curd Rice,88,76,9,19.22,1691.59,10.227272727272728,86.36363636363636,172.98
FOOD001673,2026-04-15,Snacks,Dal,103,89,7,25.18,2593.81,6.796116504854369,86.40776699029125,176.26
FOOD001674,2026-04-15,Snacks,Curd Rice,120,106,8,20.09,2410.89,6.666666666666667,88.33333333333333,160.72
FOOD001675,2026-04-15,Snacks,Rice,174,155,19,79.21,13782.42,10.919540229885058,89.08045977011494,1504.9899999999998
FOOD001676,2026-04-15,Snacks,Dosa,148,134,7,76.85,11374.51,4.72972972972973,90.54054054054053,537.9499999999999
FOOD001677,2026-04-15,Dinner,Vegetable Curry,241,195,45,56.33,13575.38,18.672199170124482,80.91286307053942,2534.85
FOOD001678,2026-04-15,Dinner,Chicken Curry,212,195,10,66.32,14059.85,4.716981132075472,91.98113207547169,663.1999999999999
FOOD001679,2026-04-15,Dinner,Chapati,127,119,5,63.41,8053.35,3.937007874015748,93.7007874015748,317.04999999999995
FOOD001680,2026-04-15,Dinner,Dal,159,146,11,31.7,5040.09,6.918238993710692,91.82389937106919,348.7
FOOD001681,2026-04-16,Breakfast,Noodles,96,75,18,67.18,6448.96,18.75,78.125,1209.2400000000002
FOOD001682,2026-04-16,Breakfast,Chapati,124,97,20,15.74,1951.29,16.129032258064516,78.2258064516129,314.8
FOOD001683,2026-04-16,Breakfast,Fried Rice,68,61,5,73.23,4979.42,7.352941176470589,89.70588235294117,366.15000000000003
FOOD001684,2026-04-16,Breakfast,Dosa,54,43,7,48.55,2621.74,12.962962962962962,79.62962962962963,339.84999999999997
FOOD001685,2026-04-16,Lunch,Dosa,128,96,25,49.57,6344.94,19.53125,75.0,1239.25
FOOD001686,2026-04-16,Lunch,Noodles,213,197,13,53.19,11328.65,6.103286384976526,92.48826291079813,691.47
FOOD001687,2026-04-16,Lunch,Dal,75,59,9,44.1,3307.55,12.0,78.66666666666666,396.90000000000003
FOOD001688,2026-04-16,Lunch,Biryani,58,52,4,28.85,1673.02,6.896551724137931,89.65517241379311,115.4
FOOD001689,2026-04-16,Snacks,Chapati,173,146,21,18.06,3125.04,12.138728323699421,84.39306358381504,379.26
FOOD001690,2026-04-16,Snacks,Rice,167,131,29,46.71,7799.93,17.365269461077844,78.44311377245509,1354.59
FOOD001691,2026-04-16,Snacks,Chicken Curry,60,47,6,52.93,3175.8,10.0,78.33333333333333,317.58
FOOD001692,2026-04-16,Snacks,Vegetable Curry,149,118,28,48.73,7261.27,18.79194630872483,79.19463087248322,1364.4399999999998
FOOD001693,2026-04-16,Dinner,Chicken Curry,169,131,33,23.7,4005.17,19.526627218934912,77.51479289940828,782.1
FOOD001694,2026-04-16,Dinner,Idli,175,168,7,66.35,11611.93,4.0,96.0,464.44999999999993
FOOD001695,2026-04-16,Dinner,Chapati,200,163,31,79.35,15869.51,15.5,81.5,2459.85
FOOD001696,2026-04-16,Dinner,Biryani,57,45,9,19.11,1089.08,15.789473684210526,78.94736842105263,171.99
FOOD001697,2026-04-17,Breakfast,Sambar,82,73,7,17.56,1440.03,8.536585365853659,89.02439024390245,122.91999999999999
FOOD001698,2026-04-17,Breakfast,Fried Rice,230,208,20,29.18,6712.37,8.695652173913043,90.43478260869566,583.6
FOOD001699,2026-04-17,Breakfast,Curd Rice,76,63,7,43.47,3303.66,9.210526315789473,82.89473684210526,304.28999999999996
FOOD001700,2026-04-17,Breakfast,Biryani,103,97,5,23.34,2404.16,4.854368932038835,94.1747572815534,116.7
FOOD001701,2026-04-17,Lunch,Vegetable Curry,66,55,6,19.58,1292.28,9.090909090909092,83.33333333333334,117.47999999999999
FOOD001702,2026-04-17,Lunch,Idli,157,125,27,77.79,12212.48,17.197452229299362,79.61783439490446,2100.3300000000004
FOOD001703,2026-04-17,Lunch,Biryani,166,153,9,41.87,6950.84,5.421686746987952,92.16867469879519,376.83
FOOD001704,2026-04-17,Lunch,Curd Rice,66,52,9,54.82,3618.24,13.636363636363635,78.78787878787878,493.38
FOOD001705,2026-04-17,Snacks,Dosa,87,79,8,57.39,4992.85,9.195402298850574,90.80459770114942,459.12
FOOD001706,2026-04-17,Snacks,Dal,99,89,10,32.69,3236.6,10.1010101010101,89.8989898989899,326.9
FOOD001707,2026-04-17,Snacks,Fried Rice,110,94,13,29.97,3296.37,11.818181818181818,85.45454545454545,389.61
FOOD001708,2026-04-17,Snacks,Chicken Curry,159,147,8,17.99,2860.14,5.031446540880504,92.45283018867924,143.92
FOOD001709,2026-04-17,Dinner,Vegetable Curry,214,179,34,15.18,3249.32,15.887850467289718,83.64485981308411,516.12
FOOD001710,2026-04-17,Dinner,Dal,192,169,21,43.19,8292.44,10.9375,88.02083333333334,906.99
FOOD001711,2026-04-17,Dinner,Noodles,185,148,31,39.87,7376.3,16.756756756756758,80.0,1235.97
FOOD001712,2026-04-17,Dinner,Sambar,125,101,17,75.59,9449.01,13.600000000000001,80.80000000000001,1285.03
FOOD001713,2026-04-18,Breakfast,Idli,84,71,11,78.04,6554.96,13.095238095238097,84.52380952380952,858.44
FOOD001714,2026-04-18,Breakfast,Noodles,66,58,7,60.75,4009.24,10.606060606060606,87.87878787878788,425.25
FOOD001715,2026-04-18,Breakfast,Curd Rice,169,143,22,42.42,7168.49,13.017751479289942,84.61538461538461,933.24
FOOD001716,2026-04-18,Breakfast,Chapati,79,62,10,60.47,4777.31,12.658227848101266,78.48101265822784,604.7
FOOD001717,2026-04-18,Lunch,Sambar,105,91,10,52.92,5556.74,9.523809523809524,86.66666666666667,529.2
FOOD001718,2026-04-18,Lunch,Chicken Curry,203,170,26,36.74,7458.55,12.807881773399016,83.74384236453201,955.24
FOOD001719,2026-04-18,Lunch,Rice,96,82,14,42.61,4090.26,14.583333333333334,85.41666666666666,596.54
FOOD001720,2026-04-18,Lunch,Biryani,83,69,7,49.66,4121.82,8.433734939759036,83.13253012048193,347.62
FOOD001721,2026-04-18,Snacks,Dosa,106,90,12,22.84,2420.83,11.320754716981133,84.90566037735849,274.08
FOOD001722,2026-04-18,Snacks,Sambar,174,162,8,61.04,10621.08,4.597701149425287,93.10344827586206,488.32
FOOD001723,2026-04-18,Snacks,Biryani,218,200,14,73.83,16095.88,6.422018348623854,91.74311926605505,1033.62
FOOD001724,2026-04-18,Snacks,Dal,189,167,20,77.8,14704.9,10.582010582010582,88.35978835978835,1556.0
FOOD001725,2026-04-18,Dinner,Biryani,97,77,17,52.33,5075.73,17.525773195876287,79.38144329896907,889.61
FOOD001726,2026-04-18,Dinner,Idli,158,133,21,36.1,5704.36,13.291139240506327,84.17721518987342,758.1
FOOD001727,2026-04-18,Dinner,Noodles,174,144,24,44.21,7693.15,13.793103448275861,82.75862068965517,1061.04
FOOD001728,2026-04-18,Dinner,Fried Rice,88,70,14,45.27,3983.81,15.909090909090908,79.54545454545455,633.7800000000001
FOOD001729,2026-04-19,Breakfast,Chapati,184,153,30,56.98,10484.83,16.304347826086957,83.15217391304348,1709.3999999999999
FOOD001730,2026-04-19,Breakfast,Biryani,246,224,20,45.37,11161.87,8.130081300813007,91.05691056910568,907.4
FOOD001731,2026-04-19,Breakfast,Chicken Curry,203,170,28,67.54,13711.31,13.793103448275861,83.74384236453201,1891.1200000000001
FOOD001732,2026-04-19,Breakfast,Dal,131,102,26,75.99,9955.0,19.84732824427481,77.86259541984732,1975.7399999999998
FOOD001733,2026-04-19,Lunch,Rice,236,195,41,34.88,8230.55,17.372881355932204,82.62711864406779,1430.0800000000002
FOOD001734,2026-04-19,Lunch,Biryani,222,202,20,75.8,16827.8,9.00900900900901,90.990990990991,1516.0
FOOD001735,2026-04-19,Lunch,Dosa,116,96,15,58.81,6821.53,12.931034482758621,82.75862068965517,882.1500000000001
FOOD001736,2026-04-19,Lunch,Chicken Curry,107,96,8,60.82,6507.75,7.476635514018691,89.7196261682243,486.56
FOOD001737,2026-04-19,Snacks,Sambar,240,225,9,18.67,4480.98,3.75,93.75,168.03000000000003
FOOD001738,2026-04-19,Snacks,Noodles,241,214,23,52.26,12595.29,9.54356846473029,88.79668049792531,1201.98
FOOD001739,2026-04-19,Snacks,Chicken Curry,210,197,13,31.71,6659.84,6.190476190476191,93.80952380952381,412.23
FOOD001740,2026-04-19,Snacks,Biryani,169,153,11,50.18,8480.12,6.508875739644971,90.53254437869822,551.98
FOOD001741,2026-04-19,Dinner,Rice,117,106,6,70.5,8248.78,5.128205128205128,90.5982905982906,423.0
FOOD001742,2026-04-19,Dinner,Chapati,124,105,18,15.87,1967.49,14.516129032258066,84.67741935483872,285.65999999999997
FOOD001743,2026-04-19,Dinner,Curd Rice,74,67,7,78.83,5833.1,9.45945945945946,90.54054054054053,551.81
FOOD001744,2026-04-19,Dinner,Noodles,222,187,30,42.15,9357.77,13.513513513513514,84.23423423423422,1264.5
FOOD001745,2026-04-20,Breakfast,Curd Rice,242,215,20,25.38,6140.86,8.264462809917356,88.84297520661157,507.59999999999997
FOOD001746,2026-04-20,Breakfast,Fried Rice,152,132,20,72.32,10992.6,13.157894736842104,86.8421052631579,1446.3999999999999
FOOD001747,2026-04-20,Breakfast,Sambar,203,189,9,55.28,11222.37,4.433497536945813,93.10344827586206,497.52
FOOD001748,2026-04-20,Breakfast,Biryani,90,75,15,79.31,7137.76,16.666666666666664,83.33333333333334,1189.65
FOOD001749,2026-04-20,Lunch,Biryani,174,155,13,26.52,4615.1,7.471264367816093,89.08045977011494,344.76
FOOD001750,2026-04-20,Lunch,Dosa,216,199,11,38.94,8410.39,5.092592592592593,92.12962962962963,428.34
FOOD001751,2026-04-20,Lunch,Dal,181,159,20,70.15,12697.71,11.049723756906078,87.84530386740332,1403.0
FOOD001752,2026-04-20,Lunch,Sambar,150,120,25,77.31,11595.81,16.666666666666664,80.0,1932.75
FOOD001753,2026-04-20,Snacks,Curd Rice,160,134,19,17.37,2779.64,11.875,83.75,330.03000000000003
FOOD001754,2026-04-20,Snacks,Vegetable Curry,152,125,22,74.01,11249.88,14.473684210526317,82.23684210526315,1628.22
FOOD001755,2026-04-20,Snacks,Dosa,54,45,6,70.32,3797.09,11.11111111111111,83.33333333333334,421.91999999999996
FOOD001756,2026-04-20,Snacks,Chicken Curry,82,75,4,79.18,6492.37,4.878048780487805,91.46341463414635,316.72
FOOD001757,2026-04-20,Dinner,Idli,83,74,9,31.16,2585.99,10.843373493975903,89.1566265060241,280.44
FOOD001758,2026-04-20,Dinner,Curd Rice,71,59,6,17.52,1243.85,8.450704225352112,83.09859154929578,105.12
FOOD001759,2026-04-20,Dinner,Biryani,114,100,12,38.93,4438.03,10.526315789473683,87.71929824561403,467.15999999999997
FOOD001760,2026-04-20,Dinner,Dal,166,141,25,78.79,13079.59,15.060240963855422,84.93975903614458,1969.7500000000002
FOOD001761,2026-04-21,Breakfast,Dal,188,163,25,73.32,13783.51,13.297872340425531,86.70212765957447,1832.9999999999998
FOOD001762,2026-04-21,Breakfast,Dosa,115,110,5,23.68,2723.77,4.3478260869565215,95.65217391304348,118.4
FOOD001763,2026-04-21,Breakfast,Chicken Curry,203,186,12,32.06,6508.81,5.911330049261084,91.62561576354679,384.72
FOOD001764,2026-04-21,Breakfast,Fried Rice,215,186,22,39.8,8557.14,10.232558139534884,86.51162790697674,875.5999999999999
FOOD001765,2026-04-21,Lunch,Vegetable Curry,176,148,24,40.05,7049.45,13.636363636363635,84.0909090909091,961.1999999999999
FOOD001766,2026-04-21,Lunch,Dosa,218,205,13,35.65,7772.21,5.963302752293578,94.03669724770643,463.45
FOOD001767,2026-04-21,Lunch,Idli,148,135,9,27.01,3996.84,6.081081081081082,91.21621621621621,243.09
FOOD001768,2026-04-21,Lunch,Rice,56,53,2,18.54,1038.34,3.571428571428571,94.64285714285714,37.08
FOOD001769,2026-04-21,Snacks,Curd Rice,82,62,14,25.63,2101.84,17.073170731707318,75.60975609756098,358.82
FOOD001770,2026-04-21,Snacks,Biryani,92,70,15,17.41,1601.76,16.304347826086957,76.08695652173914,261.15
FOOD001771,2026-04-21,Snacks,Rice,59,56,3,20.18,1190.5,5.084745762711865,94.91525423728814,60.54
FOOD001772,2026-04-21,Snacks,Dal,129,109,18,66.84,8622.21,13.953488372093023,84.49612403100775,1203.1200000000001
FOOD001773,2026-04-21,Dinner,Sambar,82,71,4,79.32,6504.59,4.878048780487805,86.58536585365853,317.28
FOOD001774,2026-04-21,Dinner,Chicken Curry,237,189,44,23.55,5580.75,18.565400843881857,79.74683544303798,1036.2
FOOD001775,2026-04-21,Dinner,Fried Rice,123,99,21,36.34,4469.41,17.073170731707318,80.48780487804879,763.1400000000001
FOOD001776,2026-04-21,Dinner,Vegetable Curry,94,87,3,48.65,4573.23,3.1914893617021276,92.5531914893617,145.95
FOOD001777,2026-04-22,Breakfast,Noodles,151,129,22,74.04,11180.3,14.56953642384106,85.43046357615894,1628.88
FOOD001778,2026-04-22,Breakfast,Sambar,56,46,6,48.6,2721.43,10.714285714285714,82.14285714285714,291.6
FOOD001779,2026-04-22,Breakfast,Fried Rice,78,64,12,39.67,3094.57,15.384615384615385,82.05128205128204,476.04
FOOD001780,2026-04-22,Breakfast,Idli,121,102,19,66.4,8034.78,15.702479338842975,84.29752066115702,1261.6000000000001
FOOD001781,2026-04-22,Lunch,Dosa,50,39,7,34.37,1718.52,14.000000000000002,78.0,240.58999999999997
FOOD001782,2026-04-22,Lunch,Rice,183,141,35,46.98,8597.22,19.12568306010929,77.04918032786885,1644.3
FOOD001783,2026-04-22,Lunch,Noodles,116,100,12,68.93,7995.94,10.344827586206897,86.20689655172413,827.1600000000001
FOOD001784,2026-04-22,Lunch,Curd Rice,224,201,17,76.85,17214.95,7.5892857142857135,89.73214285714286,1306.4499999999998
FOOD001785,2026-04-22,Snacks,Sambar,153,137,11,21.36,3268.17,7.18954248366013,89.54248366013073,234.95999999999998
FOOD001786,2026-04-22,Snacks,Noodles,191,155,34,74.45,14219.87,17.801047120418847,81.15183246073299,2531.3
FOOD001787,2026-04-22,Snacks,Biryani,59,47,9,42.36,2499.41,15.254237288135593,79.66101694915254,381.24
FOOD001788,2026-04-22,Snacks,Chicken Curry,159,142,15,26.48,4210.07,9.433962264150944,89.30817610062893,397.2
FOOD001789,2026-04-22,Dinner,Chicken Curry,150,129,15,62.06,9309.02,10.0,86.0,930.9000000000001
FOOD001790,2026-04-22,Dinner,Fried Rice,248,199,48,21.64,5365.98,19.35483870967742,80.24193548387096,1038.72
FOOD001791,2026-04-22,Dinner,Curd Rice,111,93,12,41.08,4560.32,10.81081081081081,83.78378378378379,492.96
FOOD001792,2026-04-22,Dinner,Vegetable Curry,97,91,4,23.33,2262.91,4.123711340206185,93.81443298969072,93.32
FOOD001793,2026-04-23,Breakfast,Noodles,164,135,28,63.93,10484.69,17.073170731707318,82.3170731707317,1790.04
FOOD001794,2026-04-23,Breakfast,Chicken Curry,81,67,9,56.86,4605.52,11.11111111111111,82.71604938271605,511.74
FOOD001795,2026-04-23,Breakfast,Curd Rice,119,108,7,36.46,4338.65,5.88235294117647,90.75630252100841,255.22
FOOD001796,2026-04-23,Breakfast,Dal,141,124,10,16.2,2283.96,7.092198581560284,87.94326241134752,162.0
FOOD001797,2026-04-23,Lunch,Biryani,142,124,14,40.54,5756.73,9.859154929577464,87.32394366197182,567.56
FOOD001798,2026-04-23,Lunch,Chapati,55,46,3,75.08,4129.51,5.454545454545454,83.63636363636363,225.24
FOOD001799,2026-04-23,Lunch,Idli,109,102,6,27.73,3022.62,5.5045871559633035,93.57798165137615,166.38
FOOD001800,2026-04-23,Lunch,Rice,221,187,32,60.66,13405.2,14.479638009049776,84.61538461538461,1941.12
FOOD001801,2026-04-23,Snacks,Sambar,176,160,14,21.93,3859.01,7.954545454545454,90.9090909090909,307.02
FOOD001802,2026-04-23,Snacks,Rice,193,155,31,51.92,10021.46,16.06217616580311,80.31088082901555,1609.52
FOOD001803,2026-04-23,Snacks,Biryani,202,165,32,33.07,6680.63,15.841584158415841,81.68316831683168,1058.24
FOOD001804,2026-04-23,Snacks,Dal,81,77,4,21.82,1767.07,4.938271604938271,95.06172839506173,87.28
FOOD001805,2026-04-23,Dinner,Biryani,80,67,13,20.78,1662.66,16.25,83.75,270.14
FOOD001806,2026-04-23,Dinner,Chicken Curry,106,90,16,44.85,4754.53,15.09433962264151,84.90566037735849,717.6
FOOD001807,2026-04-23,Dinner,Noodles,60,54,2,41.39,2483.19,3.3333333333333335,90.0,82.78
FOOD001808,2026-04-23,Dinner,Curd Rice,79,68,9,41.71,3294.8,11.39240506329114,86.07594936708861,375.39
FOOD001809,2026-04-24,Breakfast,Chicken Curry,102,80,17,59.85,6105.21,16.666666666666664,78.43137254901961,1017.45
FOOD001810,2026-04-24,Breakfast,Idli,164,133,29,61.2,10036.58,17.682926829268293,81.09756097560977,1774.8000000000002
FOOD001811,2026-04-24,Breakfast,Rice,93,84,4,16.36,1521.56,4.301075268817205,90.32258064516128,65.44
FOOD001812,2026-04-24,Breakfast,Biryani,186,175,9,69.35,12898.46,4.838709677419355,94.08602150537635,624.15
FOOD001813,2026-04-24,Lunch,Dosa,195,153,38,41.61,8114.79,19.48717948717949,78.46153846153847,1581.18
FOOD001814,2026-04-24,Lunch,Chapati,191,166,24,38.57,7367.29,12.56544502617801,86.91099476439791,925.6800000000001
FOOD001815,2026-04-24,Lunch,Rice,226,211,9,41.24,9320.1,3.982300884955752,93.36283185840708,371.16
FOOD001816,2026-04-24,Lunch,Noodles,72,52,13,22.6,1627.46,18.055555555555554,72.22222222222221,293.8
FOOD001817,2026-04-24,Snacks,Biryani,153,132,16,52.04,7961.5,10.457516339869281,86.27450980392157,832.64
FOOD001818,2026-04-24,Snacks,Chapati,119,102,11,60.33,7179.2,9.243697478991598,85.71428571428571,663.63
FOOD001819,2026-04-24,Snacks,Dosa,163,139,22,48.17,7851.53,13.496932515337424,85.2760736196319,1059.74
FOOD001820,2026-04-24,Snacks,Idli,210,176,32,62.15,13050.92,15.238095238095239,83.80952380952381,1988.8
FOOD001821,2026-04-24,Dinner,Chicken Curry,182,164,18,28.6,5205.19,9.89010989010989,90.10989010989012,514.8000000000001
FOOD001822,2026-04-24,Dinner,Vegetable Curry,68,53,8,39.5,2686.03,11.76470588235294,77.94117647058823,316.0
FOOD001823,2026-04-24,Dinner,Biryani,234,206,24,29.25,6844.54,10.256410256410255,88.03418803418803,702.0
FOOD001824,2026-04-24,Dinner,Sambar,50,42,7,24.6,1230.13,14.000000000000002,84.0,172.20000000000002
FOOD001825,2026-04-25,Breakfast,Rice,146,131,8,56.51,8249.94,5.47945205479452,89.72602739726028,452.08
FOOD001826,2026-04-25,Breakfast,Fried Rice,224,198,26,63.42,14204.99,11.607142857142858,88.39285714285714,1648.92
FOOD001827,2026-04-25,Breakfast,Biryani,127,109,16,53.84,6837.33,12.598425196850393,85.8267716535433,861.44
FOOD001828,2026-04-25,Breakfast,Idli,65,56,5,32.4,2105.88,7.6923076923076925,86.15384615384616,162.0
FOOD001829,2026-04-25,Lunch,Sambar,211,195,9,69.72,14711.18,4.265402843601896,92.41706161137441,627.48
FOOD001830,2026-04-25,Lunch,Idli,197,175,16,18.68,3680.11,8.121827411167512,88.83248730964468,298.88
FOOD001831,2026-04-25,Lunch,Dal,113,101,9,17.09,1931.68,7.964601769911504,89.38053097345133,153.81
FOOD001832,2026-04-25,Lunch,Biryani,202,168,27,31.65,6392.89,13.366336633663368,83.16831683168317,854.55
FOOD001833,2026-04-25,Snacks,Fried Rice,128,118,8,28.24,3614.71,6.25,92.1875,225.92
FOOD001834,2026-04-25,Snacks,Idli,89,81,8,39.73,3536.2,8.98876404494382,91.01123595505618,317.84
FOOD001835,2026-04-25,Snacks,Biryani,161,146,10,27.58,4440.95,6.211180124223603,90.6832298136646,275.79999999999995
FOOD001836,2026-04-25,Snacks,Sambar,249,196,46,79.54,19806.24,18.473895582329316,78.714859437751,3658.84
FOOD001837,2026-04-25,Dinner,Dal,50,37,7,29.11,1455.57,14.000000000000002,74.0,203.76999999999998
FOOD001838,2026-04-25,Dinner,Dosa,241,199,41,36.63,8827.82,17.012448132780083,82.57261410788381,1501.8300000000002
FOOD001839,2026-04-25,Dinner,Idli,217,184,28,16.34,3544.91,12.903225806451612,84.7926267281106,457.52
FOOD001840,2026-04-25,Dinner,Curd Rice,168,146,21,16.62,2792.94,12.5,86.90476190476191,349.02000000000004
FOOD001841,2026-04-26,Breakfast,Noodles,87,73,8,44.35,3858.12,9.195402298850574,83.9080459770115,354.8
FOOD001842,2026-04-26,Breakfast,Dal,133,115,11,45.4,6037.93,8.270676691729323,86.46616541353383,499.4
FOOD001843,2026-04-26,Breakfast,Dosa,160,131,28,52.52,8403.67,17.5,81.875,1470.5600000000002
FOOD001844,2026-04-26,Breakfast,Rice,232,188,39,23.28,5399.99,16.810344827586206,81.03448275862068,907.9200000000001
FOOD001845,2026-04-26,Lunch,Idli,67,53,12,36.28,2430.68,17.91044776119403,79.1044776119403,435.36
FOOD001846,2026-04-26,Lunch,Biryani,215,178,32,63.29,13608.35,14.883720930232558,82.7906976744186,2025.28
FOOD001847,2026-04-26,Lunch,Dosa,187,169,11,61.16,11437.14,5.88235294117647,90.37433155080214,672.76
FOOD001848,2026-04-26,Lunch,Noodles,177,158,13,28.55,5053.5,7.344632768361582,89.26553672316385,371.15000000000003
FOOD001849,2026-04-26,Snacks,Curd Rice,240,208,29,73.61,17665.87,12.083333333333334,86.66666666666667,2134.69
FOOD001850,2026-04-26,Snacks,Rice,74,64,3,65.62,4855.89,4.054054054054054,86.48648648648648,196.86
FOOD001851,2026-04-26,Snacks,Dosa,235,193,37,39.71,9330.75,15.74468085106383,82.12765957446808,1469.27
FOOD001852,2026-04-26,Snacks,Chicken Curry,125,104,17,49.04,6130.55,13.600000000000001,83.2,833.68
FOOD001853,2026-04-26,Dinner,Dosa,111,107,4,63.1,7003.78,3.6036036036036037,96.3963963963964,252.4
FOOD001854,2026-04-26,Dinner,Chicken Curry,239,195,40,47.83,11431.92,16.736401673640167,81.58995815899581,1913.1999999999998
FOOD001855,2026-04-26,Dinner,Rice,70,56,13,15.51,1085.57,18.571428571428573,80.0,201.63
FOOD001856,2026-04-26,Dinner,Fried Rice,80,71,9,19.82,1585.72,11.25,88.75,178.38
FOOD001857,2026-04-27,Breakfast,Chapati,208,168,36,15.76,3277.2,17.307692307692307,80.76923076923077,567.36
FOOD001858,2026-04-27,Breakfast,Curd Rice,238,194,38,53.04,12623.61,15.966386554621847,81.5126050420168,2015.52
FOOD001859,2026-04-27,Breakfast,Biryani,146,133,11,73.21,10688.66,7.534246575342466,91.0958904109589,805.31
FOOD001860,2026-04-27,Breakfast,Sambar,128,118,7,23.76,3041.64,5.46875,92.1875,166.32000000000002
FOOD001861,2026-04-27,Lunch,Vegetable Curry,227,206,15,29.13,6612.38,6.607929515418502,90.7488986784141,436.95
FOOD001862,2026-04-27,Lunch,Chapati,240,191,43,30.27,7265.35,17.916666666666668,79.58333333333333,1301.61
FOOD001863,2026-04-27,Lunch,Rice,141,120,21,24.97,3520.41,14.893617021276595,85.1063829787234,524.37
FOOD001864,2026-04-27,Lunch,Chicken Curry,212,187,24,53.93,11432.69,11.320754716981133,88.20754716981132,1294.32
FOOD001865,2026-04-27,Snacks,Rice,155,128,21,61.47,9527.62,13.548387096774196,82.58064516129032,1290.87
FOOD001866,2026-04-27,Snacks,Biryani,130,109,19,52.37,6807.5,14.615384615384617,83.84615384615385,995.03
FOOD001867,2026-04-27,Snacks,Idli,87,65,15,29.07,2528.71,17.24137931034483,74.71264367816092,436.05
FOOD001868,2026-04-27,Snacks,Chicken Curry,151,139,7,47.32,7145.67,4.635761589403973,92.05298013245033,331.24
FOOD001869,2026-04-27,Dinner,Chapati,136,119,14,32.27,4389.37,10.294117647058822,87.5,451.78000000000003
FOOD001870,2026-04-27,Dinner,Sambar,202,177,18,38.82,7842.2,8.91089108910891,87.62376237623762,698.76
FOOD001871,2026-04-27,Dinner,Vegetable Curry,242,196,41,75.96,18381.18,16.94214876033058,80.99173553719008,3114.3599999999997
FOOD001872,2026-04-27,Dinner,Dosa,106,95,6,38.43,4073.79,5.660377358490567,89.62264150943396,230.57999999999998
FOOD001873,2026-04-28,Breakfast,Sambar,217,191,23,49.07,10649.07,10.599078341013826,88.0184331797235,1128.61
FOOD001874,2026-04-28,Breakfast,Vegetable Curry,205,182,21,26.77,5487.07,10.24390243902439,88.78048780487805,562.17
FOOD001875,2026-04-28,Breakfast,Curd Rice,166,130,30,64.59,10721.99,18.072289156626507,78.3132530120482,1937.7
FOOD001876,2026-04-28,Breakfast,Dosa,69,52,11,34.79,2400.78,15.942028985507244,75.36231884057972,382.69
FOOD001877,2026-04-28,Lunch,Idli,224,175,43,70.54,15801.98,19.196428571428573,78.125,3033.2200000000003
FOOD001878,2026-04-28,Lunch,Fried Rice,178,160,11,36.84,6556.87,6.179775280898876,89.8876404494382,405.24
FOOD001879,2026-04-28,Lunch,Noodles,93,82,8,35.55,3306.45,8.60215053763441,88.17204301075269,284.4
FOOD001880,2026-04-28,Lunch,Dosa,114,94,14,56.32,6420.9,12.280701754385964,82.45614035087719,788.48
FOOD001881,2026-04-28,Snacks,Sambar,214,193,17,53.4,11427.6,7.943925233644859,90.18691588785047,907.8
FOOD001882,2026-04-28,Snacks,Chicken Curry,221,179,38,36.23,8007.79,17.194570135746606,80.99547511312217,1376.7399999999998
FOOD001883,2026-04-28,Snacks,Biryani,126,111,14,63.48,7998.74,11.11111111111111,88.09523809523809,888.7199999999999
FOOD001884,2026-04-28,Snacks,Noodles,148,133,9,53.37,7898.23,6.081081081081082,89.86486486486487,480.33
FOOD001885,2026-04-28,Dinner,Idli,71,59,10,48.98,3477.68,14.084507042253522,83.09859154929578,489.79999999999995
FOOD001886,2026-04-28,Dinner,Chicken Curry,162,125,31,59.23,9594.9,19.1358024691358,77.1604938271605,1836.1299999999999
FOOD001887,2026-04-28,Dinner,Sambar,149,128,17,44.71,6661.44,11.409395973154362,85.90604026845638,760.07
FOOD001888,2026-04-28,Dinner,Dosa,195,176,16,46.29,9026.41,8.205128205128204,90.25641025641026,740.64
FOOD001889,2026-04-29,Breakfast,Rice,226,186,33,44.69,10100.25,14.601769911504425,82.30088495575221,1474.77
FOOD001890,2026-04-29,Breakfast,Curd Rice,62,50,10,71.77,4449.58,16.129032258064516,80.64516129032258,717.6999999999999
FOOD001891,2026-04-29,Breakfast,Dal,86,72,8,70.85,6093.22,9.30232558139535,83.72093023255815,566.8
FOOD001892,2026-04-29,Breakfast,Idli,236,207,29,52.34,12352.64,12.288135593220339,87.71186440677965,1517.8600000000001
FOOD001893,2026-04-29,Lunch,Sambar,98,84,10,59.01,5783.14,10.204081632653061,85.71428571428571,590.1
FOOD001894,2026-04-29,Lunch,Fried Rice,229,184,38,32.18,7369.79,16.593886462882097,80.34934497816593,1222.84
FOOD001895,2026-04-29,Lunch,Idli,156,134,19,27.11,4229.01,12.179487179487179,85.8974358974359,515.09
FOOD001896,2026-04-29,Lunch,Dosa,229,180,42,64.68,14810.95,18.340611353711793,78.60262008733623,2716.5600000000004
FOOD001897,2026-04-29,Snacks,Sambar,212,176,30,56.63,12006.3,14.150943396226415,83.01886792452831,1698.9
FOOD001898,2026-04-29,Snacks,Dosa,142,109,26,74.46,10573.87,18.30985915492958,76.76056338028168,1935.9599999999998
FOOD001899,2026-04-29,Snacks,Chapati,86,79,7,51.14,4398.27,8.13953488372093,91.86046511627907,357.98
FOOD001900,2026-04-29,Snacks,Vegetable Curry,219,183,36,55.61,12179.48,16.43835616438356,83.56164383561644,2001.96
FOOD001901,2026-04-29,Dinner,Vegetable Curry,99,82,11,43.32,4288.82,11.11111111111111,82.82828282828282,476.52
FOOD001902,2026-04-29,Dinner,Fried Rice,173,138,31,54.86,9491.03,17.91907514450867,79.76878612716763,1700.66
FOOD001903,2026-04-29,Dinner,Dal,197,171,24,63.68,12544.25,12.18274111675127,86.80203045685279,1528.32
FOOD001904,2026-04-29,Dinner,Chicken Curry,134,110,24,79.56,10660.66,17.91044776119403,82.08955223880598,1909.44
FOOD001905,2026-04-30,Breakfast,Noodles,148,128,17,67.83,10038.62,11.486486486486488,86.48648648648648,1153.11
FOOD001906,2026-04-30,Breakfast,Chicken Curry,68,53,10,30.47,2071.89,14.705882352941178,77.94117647058823,304.7
FOOD001907,2026-04-30,Breakfast,Curd Rice,170,134,29,23.09,3924.51,17.058823529411764,78.82352941176471,669.61
FOOD001908,2026-04-30,Breakfast,Sambar,227,183,42,48.87,11094.2,18.502202643171806,80.61674008810573,2052.54
FOOD001909,2026-04-30,Lunch,Fried Rice,215,177,34,21.11,4538.2,15.813953488372093,82.32558139534883,717.74
FOOD001910,2026-04-30,Lunch,Curd Rice,210,174,36,76.69,16105.91,17.142857142857142,82.85714285714286,2760.84
FOOD001911,2026-04-30,Lunch,Biryani,142,128,8,55.78,7921.24,5.633802816901409,90.14084507042254,446.24
FOOD001912,2026-04-30,Lunch,Noodles,177,155,19,22.04,3901.03,10.734463276836157,87.57062146892656,418.76
FOOD001913,2026-04-30,Snacks,Sambar,58,51,2,31.16,1807.31,3.4482758620689653,87.93103448275862,62.32
FOOD001914,2026-04-30,Snacks,Chapati,130,119,5,18.29,2377.14,3.8461538461538463,91.53846153846153,91.44999999999999
FOOD001915,2026-04-30,Snacks,Dosa,105,85,13,56.86,5970.24,12.380952380952381,80.95238095238095,739.18
FOOD001916,2026-04-30,Snacks,Noodles,232,203,25,66.5,15428.34,10.775862068965516,87.5,1662.5
FOOD001917,2026-04-30,Dinner,Idli,199,166,33,65.19,12972.1,16.582914572864322,83.41708542713567,2151.27
FOOD001918,2026-04-30,Dinner,Chapati,225,200,20,18.01,4052.32,8.88888888888889,88.88888888888889,360.20000000000005
FOOD001919,2026-04-30,Dinner,Dosa,124,111,7,66.2,8208.61,5.64516129032258,89.51612903225806,463.40000000000003
FOOD001920,2026-04-30,Dinner,Dal,177,147,30,16.35,2893.86,16.94915254237288,83.05084745762711,490.50000000000006
FOOD001921,2026-05-01,Breakfast,Vegetable Curry,226,214,12,62.86,14206.09,5.3097345132743365,94.69026548672566,754.3199999999999
FOOD001922,2026-05-01,Breakfast,Sambar,60,56,4,50.37,3022.14,6.666666666666667,93.33333333333333,201.48
FOOD001923,2026-05-01,Breakfast,Dal,194,161,32,69.7,13521.25,16.49484536082474,82.9896907216495,2230.4
FOOD001924,2026-05-01,Breakfast,Biryani,51,34,10,24.95,1272.21,19.607843137254903,66.66666666666666,249.5
FOOD001925,2026-05-01,Lunch,Fried Rice,95,81,8,72.72,6908.28,8.421052631578947,85.26315789473684,581.76
FOOD001926,2026-05-01,Lunch,Chicken Curry,199,167,25,53.44,10634.79,12.562814070351758,83.91959798994975,1336.0
FOOD001927,2026-05-01,Lunch,Curd Rice,100,87,11,50.87,5087.26,11.0,87.0,559.5699999999999
FOOD001928,2026-05-01,Lunch,Sambar,56,42,9,47.01,2632.31,16.071428571428573,75.0,423.09
FOOD001929,2026-05-01,Snacks,Chapati,244,213,30,25.16,6137.91,12.295081967213115,87.29508196721312,754.8
FOOD001930,2026-05-01,Snacks,Rice,85,68,12,78.17,6644.73,14.117647058823529,80.0,938.04
FOOD001931,2026-05-01,Snacks,Biryani,95,84,5,53.88,5118.18,5.263157894736842,88.42105263157895,269.40000000000003
FOOD001932,2026-05-01,Snacks,Curd Rice,212,198,12,67.54,14318.17,5.660377358490567,93.39622641509435,810.48
FOOD001933,2026-05-01,Dinner,Rice,242,209,29,41.31,9996.8,11.983471074380166,86.36363636363636,1197.99
FOOD001934,2026-05-01,Dinner,Dal,65,61,4,20.77,1350.2,6.153846153846154,93.84615384615384,83.08
FOOD001935,2026-05-01,Dinner,Biryani,160,132,23,58.63,9381.2,14.374999999999998,82.5,1348.49
FOOD001936,2026-05-01,Dinner,Chapati,140,120,13,51.37,7191.85,9.285714285714286,85.71428571428571,667.81
FOOD001937,2026-05-02,Breakfast,Rice,155,146,7,60.77,9419.03,4.516129032258064,94.19354838709677,425.39000000000004
FOOD001938,2026-05-02,Breakfast,Chapati,83,69,14,59.39,4929.01,16.867469879518072,83.13253012048193,831.46
FOOD001939,2026-05-02,Breakfast,Fried Rice,215,180,31,48.59,10447.57,14.418604651162791,83.72093023255815,1506.2900000000002
FOOD001940,2026-05-02,Breakfast,Idli,197,166,25,48.24,9502.7,12.690355329949238,84.26395939086294,1206.0
FOOD001941,2026-05-02,Lunch,Sambar,146,136,7,58.42,8530.04,4.794520547945205,93.15068493150685,408.94
FOOD001942,2026-05-02,Lunch,Fried Rice,231,215,10,19.45,4493.15,4.329004329004329,93.07359307359307,194.5
FOOD001943,2026-05-02,Lunch,Curd Rice,234,206,28,61.2,14320.46,11.965811965811966,88.03418803418803,1713.6000000000001
FOOD001944,2026-05-02,Lunch,Vegetable Curry,116,106,10,52.48,6087.58,8.620689655172415,91.37931034482759,524.8
FOOD001945,2026-05-02,Snacks,Chicken Curry,172,155,12,79.85,13734.51,6.976744186046512,90.11627906976744,958.1999999999999
FOOD001946,2026-05-02,Snacks,Idli,54,46,7,29.6,1598.32,12.962962962962962,85.18518518518519,207.20000000000002
FOOD001947,2026-05-02,Snacks,Sambar,163,138,21,46.17,7524.95,12.883435582822086,84.66257668711657,969.57
FOOD001948,2026-05-02,Snacks,Curd Rice,209,192,11,75.7,15821.44,5.263157894736842,91.86602870813397,832.7
FOOD001949,2026-05-02,Dinner,Idli,52,44,6,37.86,1968.78,11.538461538461538,84.61538461538461,227.16
FOOD001950,2026-05-02,Dinner,Curd Rice,155,143,12,32.96,5108.19,7.741935483870968,92.25806451612904,395.52
FOOD001951,2026-05-02,Dinner,Vegetable Curry,206,161,38,43.52,8965.55,18.446601941747574,78.15533980582524,1653.7600000000002
FOOD001952,2026-05-02,Dinner,Biryani,241,223,12,67.12,16177.03,4.979253112033195,92.5311203319502,805.44
FOOD001953,2026-05-03,Breakfast,Curd Rice,242,195,45,45.1,10913.65,18.59504132231405,80.57851239669421,2029.5
FOOD001954,2026-05-03,Breakfast,Chapati,163,130,27,75.63,12328.12,16.56441717791411,79.75460122699386,2042.0099999999998
FOOD001955,2026-05-03,Breakfast,Idli,167,152,15,79.74,13317.0,8.982035928143713,91.01796407185628,1196.1
FOOD001956,2026-05-03,Breakfast,Fried Rice,136,113,21,24.41,3319.3,15.441176470588236,83.08823529411765,512.61
FOOD001957,2026-05-03,Lunch,Idli,239,221,11,39.81,9515.47,4.602510460251046,92.46861924686193,437.91
FOOD001958,2026-05-03,Lunch,Sambar,196,184,12,26.95,5282.26,6.122448979591836,93.87755102040816,323.4
FOOD001959,2026-05-03,Lunch,Dosa,123,105,12,37.55,4618.73,9.75609756097561,85.36585365853658,450.59999999999997
FOOD001960,2026-05-03,Lunch,Curd Rice,154,124,29,64.8,9979.85,18.83116883116883,80.51948051948052,1879.1999999999998
FOOD001961,2026-05-03,Snacks,Fried Rice,214,203,11,29.77,6371.5,5.14018691588785,94.85981308411215,327.46999999999997
FOOD001962,2026-05-03,Snacks,Noodles,172,156,12,69.44,11943.63,6.976744186046512,90.69767441860465,833.28
FOOD001963,2026-05-03,Snacks,Sambar,98,84,14,41.6,4076.97,14.285714285714285,85.71428571428571,582.4
FOOD001964,2026-05-03,Snacks,Vegetable Curry,66,55,4,27.95,1844.41,6.0606060606060606,83.33333333333334,111.8
FOOD001965,2026-05-03,Dinner,Chapati,155,139,16,46.64,7228.69,10.32258064516129,89.6774193548387,746.24
FOOD001966,2026-05-03,Dinner,Rice,51,44,3,25.11,1280.56,5.88235294117647,86.27450980392157,75.33
FOOD001967,2026-05-03,Dinner,Curd Rice,247,191,49,33.63,8306.53,19.838056680161944,77.32793522267207,1647.8700000000001
FOOD001968,2026-05-03,Dinner,Sambar,137,116,16,52.92,7249.96,11.678832116788321,84.67153284671532,846.72
FOOD001969,2026-05-04,Breakfast,Noodles,210,188,17,74.85,15718.41,8.095238095238095,89.52380952380953,1272.4499999999998
FOOD001970,2026-05-04,Breakfast,Dosa,134,109,23,63.82,8552.3,17.16417910447761,81.34328358208955,1467.86
FOOD001971,2026-05-04,Breakfast,Chapati,164,129,31,48.62,7973.0,18.902439024390244,78.65853658536585,1507.22
FOOD001972,2026-05-04,Breakfast,Vegetable Curry,225,187,37,79.78,17951.14,16.444444444444446,83.11111111111111,2951.86
FOOD001973,2026-05-04,Lunch,Biryani,175,139,31,65.98,11546.05,17.71428571428571,79.42857142857143,2045.38
FOOD001974,2026-05-04,Lunch,Chapati,228,188,39,24.95,5688.62,17.105263157894736,82.45614035087719,973.05
FOOD001975,2026-05-04,Lunch,Noodles,143,124,13,48.63,6953.6,9.090909090909092,86.7132867132867,632.19
FOOD001976,2026-05-04,Lunch,Idli,249,232,16,17.49,4355.02,6.425702811244979,93.17269076305222,279.84
FOOD001977,2026-05-04,Snacks,Biryani,188,167,18,23.74,4463.91,9.574468085106384,88.82978723404256,427.32
FOOD001978,2026-05-04,Snacks,Idli,169,145,20,66.51,11240.46,11.834319526627219,85.79881656804734,1330.2
FOOD001979,2026-05-04,Snacks,Dal,210,179,31,70.65,14837.37,14.761904761904763,85.23809523809524,2190.15
FOOD001980,2026-05-04,Snacks,Noodles,148,131,13,61.81,9147.95,8.783783783783784,88.51351351351352,803.53
FOOD001981,2026-05-04,Dinner,Sambar,202,184,12,47.5,9594.3,5.9405940594059405,91.0891089108911,570.0
FOOD001982,2026-05-04,Dinner,Curd Rice,229,212,11,22.94,5253.13,4.8034934497816595,92.57641921397381,252.34
FOOD001983,2026-05-04,Dinner,Chicken Curry,193,174,18,62.71,12102.24,9.32642487046632,90.15544041450777,1128.78
FOOD001984,2026-05-04,Dinner,Noodles,148,122,25,69.34,10262.99,16.89189189189189,82.43243243243244,1733.5
FOOD001985,2026-05-05,Breakfast,Curd Rice,170,141,27,46.44,7894.18,15.88235294117647,82.94117647058825,1253.8799999999999
FOOD001986,2026-05-05,Breakfast,Biryani,205,167,35,77.63,15913.46,17.073170731707318,81.46341463414633,2717.0499999999997
FOOD001987,2026-05-05,Breakfast,Sambar,229,210,19,18.28,4185.81,8.296943231441048,91.70305676855895,347.32000000000005
FOOD001988,2026-05-05,Breakfast,Dal,84,75,8,18.28,1535.23,9.523809523809524,89.28571428571429,146.24
FOOD001989,2026-05-05,Lunch,Chicken Curry,199,169,23,44.77,8909.92,11.557788944723619,84.92462311557789,1029.71
FOOD001990,2026-05-05,Lunch,Vegetable Curry,198,161,37,53.65,10622.29,18.68686868686869,81.31313131313132,1985.05
FOOD001991,2026-05-05,Lunch,Curd Rice,232,201,25,77.62,18008.69,10.775862068965516,86.63793103448276,1940.5
FOOD001992,2026-05-05,Lunch,Fried Rice,145,112,28,35.3,5118.65,19.310344827586206,77.24137931034483,988.3999999999999
FOOD001993,2026-05-05,Snacks,Chicken Curry,68,60,5,46.69,3174.89,7.352941176470589,88.23529411764706,233.45
FOOD001994,2026-05-05,Snacks,Dosa,94,72,15,23.22,2183.02,15.957446808510639,76.59574468085107,348.29999999999995
FOOD001995,2026-05-05,Snacks,Rice,93,78,13,64.57,6004.6,13.978494623655912,83.87096774193549,839.4099999999999
FOOD001996,2026-05-05,Snacks,Biryani,68,62,3,56.84,3864.91,4.411764705882353,91.17647058823529,170.52
FOOD001997,2026-05-05,Dinner,Noodles,144,116,21,42.42,6108.03,14.583333333333334,80.55555555555556,890.82
FOOD001998,2026-05-05,Dinner,Biryani,170,138,26,20.56,3495.57,15.294117647058824,81.17647058823529,534.56
FOOD001999,2026-05-05,Dinner,Dal,223,178,43,59.18,13198.08,19.282511210762333,79.82062780269058,2544.74
FOOD002000,2026-05-05,Dinner,Curd Rice,89,75,14,60.68,5400.15,15.730337078651685,84.26966292134831,849.52
FOOD002001,2026-05-06,Breakfast,Biryani,136,128,7,78.61,10691.23,5.147058823529411,94.11764705882352,550.27
FOOD002002,2026-05-06,Breakfast,Fried Rice,54,44,6,52.12,2814.67,11.11111111111111,81.48148148148148,312.71999999999997
FOOD002003,2026-05-06,Breakfast,Noodles,208,165,41,46.77,9727.17,19.71153846153846,79.32692307692307,1917.5700000000002
FOOD002004,2026-05-06,Breakfast,Dal,120,113,6,74.74,8968.75,5.0,94.16666666666667,448.43999999999994
FOOD002005,2026-05-06,Lunch,Chicken Curry,162,148,10,38.45,6229.05,6.172839506172839,91.35802469135803,384.5
FOOD002006,2026-05-06,Lunch,Chapati,101,81,19,76.24,7700.41,18.81188118811881,80.19801980198021,1448.56
FOOD002007,2026-05-06,Lunch,Biryani,193,179,13,49.32,9519.43,6.7357512953367875,92.74611398963731,641.16
FOOD002008,2026-05-06,Lunch,Vegetable Curry,159,126,31,25.59,4069.17,19.49685534591195,79.24528301886792,793.29
FOOD002009,2026-05-06,Snacks,Vegetable Curry,131,113,17,66.88,8761.41,12.977099236641221,86.25954198473282,1136.96
FOOD002010,2026-05-06,Snacks,Chapati,53,43,4,17.02,901.99,7.547169811320755,81.13207547169812,68.08
FOOD002011,2026-05-06,Snacks,Dosa,102,92,9,53.45,5451.65,8.823529411764707,90.19607843137256,481.05
FOOD002012,2026-05-06,Snacks,Curd Rice,192,169,21,56.36,10820.17,10.9375,88.02083333333334,1183.56
FOOD002013,2026-05-06,Dinner,Curd Rice,98,74,18,71.43,6999.93,18.367346938775512,75.51020408163265,1285.7400000000002
FOOD002014,2026-05-06,Dinner,Vegetable Curry,67,64,3,60.16,4030.97,4.477611940298507,95.52238805970148,180.48
FOOD002015,2026-05-06,Dinner,Chicken Curry,181,142,34,79.59,14406.47,18.784530386740332,78.45303867403315,2706.06
FOOD002016,2026-05-06,Dinner,Rice,158,127,24,70.93,11207.15,15.18987341772152,80.37974683544303,1702.3200000000002
FOOD002017,2026-05-07,Breakfast,Idli,121,102,19,52.79,6387.05,15.702479338842975,84.29752066115702,1003.01
FOOD002018,2026-05-07,Breakfast,Noodles,142,133,8,59.57,8459.22,5.633802816901409,93.66197183098592,476.56
FOOD002019,2026-05-07,Breakfast,Dosa,52,47,5,15.94,828.78,9.615384615384617,90.38461538461539,79.7
FOOD002020,2026-05-07,Breakfast,Chapati,179,148,25,49.01,8773.61,13.966480446927374,82.68156424581005,1225.25
FOOD002021,2026-05-07,Lunch,Idli,132,116,12,55.85,7372.22,9.090909090909092,87.87878787878788,670.2
FOOD002022,2026-05-07,Lunch,Curd Rice,167,142,23,69.75,11647.77,13.77245508982036,85.02994011976048,1604.25
FOOD002023,2026-05-07,Lunch,Dosa,142,131,8,78.86,11197.47,5.633802816901409,92.25352112676056,630.88
FOOD002024,2026-05-07,Lunch,Chicken Curry,84,70,12,65.44,5497.17,14.285714285714285,83.33333333333334,785.28
FOOD002025,2026-05-07,Snacks,Curd Rice,106,85,18,66.93,7094.14,16.9811320754717,80.18867924528303,1204.7400000000002
FOOD002026,2026-05-07,Snacks,Rice,139,122,12,79.53,11054.71,8.633093525179856,87.76978417266187,954.36
FOOD002027,2026-05-07,Snacks,Noodles,80,67,13,68.47,5477.81,16.25,83.75,890.11
FOOD002028,2026-05-07,Snacks,Vegetable Curry,189,154,34,36.13,6828.5,17.989417989417987,81.48148148148148,1228.42
FOOD002029,2026-05-07,Dinner,Chapati,207,192,15,43.38,8979.01,7.246376811594203,92.7536231884058,650.7
FOOD002030,2026-05-07,Dinner,Dosa,101,90,9,26.61,2687.81,8.91089108910891,89.10891089108911,239.49
FOOD002031,2026-05-07,Dinner,Biryani,242,222,15,33.01,7989.25,6.198347107438017,91.73553719008265,495.15
FOOD002032,2026-05-07,Dinner,Idli,173,134,33,71.62,12390.9,19.07514450867052,77.45664739884393,2363.46
FOOD002033,2026-05-08,Breakfast,Dosa,120,97,21,28.24,3388.45,17.5,80.83333333333333,593.04
FOOD002034,2026-05-08,Breakfast,Chicken Curry,86,75,8,79.04,6797.5,9.30232558139535,87.20930232558139,632.32
FOOD002035,2026-05-08,Breakfast,Rice,74,59,12,48.63,3598.41,16.216216216216218,79.72972972972973,583.5600000000001
FOOD002036,2026-05-08,Breakfast,Chapati,162,143,16,28.72,4652.44,9.876543209876543,88.27160493827161,459.52
FOOD002037,2026-05-08,Lunch,Dal,149,120,22,24.35,3628.86,14.76510067114094,80.53691275167785,535.7
FOOD002038,2026-05-08,Lunch,Curd Rice,96,80,15,31.49,3022.95,15.625,83.33333333333334,472.34999999999997
FOOD002039,2026-05-08,Lunch,Vegetable Curry,109,89,19,40.24,4386.26,17.431192660550458,81.65137614678899,764.5600000000001
FOOD002040,2026-05-08,Lunch,Idli,141,126,10,19.02,2681.87,7.092198581560284,89.36170212765957,190.2
FOOD002041,2026-05-08,Snacks,Fried Rice,81,68,13,75.4,6107.71,16.049382716049383,83.9506172839506,980.2
FOOD002042,2026-05-08,Snacks,Vegetable Curry,227,188,38,40.03,9086.89,16.740088105726873,82.81938325991189,1521.14
FOOD002043,2026-05-08,Snacks,Sambar,190,151,37,43.44,8253.73,19.473684210526315,79.47368421052632,1607.28
FOOD002044,2026-05-08,Snacks,Chicken Curry,193,152,38,16.52,3187.91,19.689119170984455,78.75647668393782,627.76
FOOD002045,2026-05-08,Dinner,Dal,113,90,17,63.57,7183.7,15.04424778761062,79.64601769911505,1080.69
FOOD002046,2026-05-08,Dinner,Rice,184,151,31,63.28,11643.7,16.847826086956523,82.06521739130434,1961.68
FOOD002047,2026-05-08,Dinner,Chicken Curry,96,73,17,46.33,4447.29,17.708333333333336,76.04166666666666,787.61
FOOD002048,2026-05-08,Dinner,Idli,60,45,11,34.71,2082.7,18.333333333333332,75.0,381.81
FOOD002049,2026-05-09,Breakfast,Dal,98,79,18,21.55,2112.15,18.367346938775512,80.61224489795919,387.90000000000003
FOOD002050,2026-05-09,Breakfast,Vegetable Curry,199,183,10,17.8,3542.39,5.025125628140704,91.95979899497488,178.0
FOOD002051,2026-05-09,Breakfast,Fried Rice,135,111,23,33.84,4568.87,17.037037037037038,82.22222222222221,778.32
FOOD002052,2026-05-09,Breakfast,Dosa,81,66,15,23.98,1942.32,18.51851851851852,81.48148148148148,359.7
FOOD002053,2026-05-09,Lunch,Vegetable Curry,55,45,4,61.43,3378.51,7.2727272727272725,81.81818181818183,245.72
FOOD002054,2026-05-09,Lunch,Chapati,186,172,11,52.97,9852.64,5.913978494623656,92.47311827956989,582.67
FOOD002055,2026-05-09,Lunch,Dal,122,112,6,23.22,2832.99,4.918032786885246,91.80327868852459,139.32
FOOD002056,2026-05-09,Lunch,Biryani,135,120,9,26.39,3562.53,6.666666666666667,88.88888888888889,237.51
FOOD002057,2026-05-09,Snacks,Sambar,249,205,41,61.11,15215.46,16.46586345381526,82.32931726907631,2505.5099999999998
FOOD002058,2026-05-09,Snacks,Dosa,55,45,9,72.13,3967.21,16.363636363636363,81.81818181818183,649.17
FOOD002059,2026-05-09,Snacks,Biryani,152,131,21,23.12,3513.73,13.815789473684212,86.18421052631578,485.52000000000004
FOOD002060,2026-05-09,Snacks,Rice,78,67,8,45.53,3551.24,10.256410256410255,85.8974358974359,364.24
FOOD002061,2026-05-09,Dinner,Biryani,175,150,24,21.9,3832.83,13.714285714285715,85.71428571428571,525.5999999999999
FOOD002062,2026-05-09,Dinner,Sambar,204,174,30,50.67,10337.63,14.705882352941178,85.29411764705883,1520.1000000000001
FOOD002063,2026-05-09,Dinner,Idli,95,86,6,78.04,7414.21,6.315789473684211,90.52631578947368,468.24
FOOD002064,2026-05-09,Dinner,Fried Rice,72,62,9,45.21,3255.31,12.5,86.11111111111111,406.89
FOOD002065,2026-05-10,Breakfast,Rice,208,175,29,39.39,8193.77,13.942307692307693,84.13461538461539,1142.31
FOOD002066,2026-05-10,Breakfast,Chapati,195,166,24,21.69,4229.96,12.307692307692308,85.12820512820512,520.5600000000001
FOOD002067,2026-05-10,Breakfast,Chicken Curry,110,93,11,72.73,8000.19,10.0,84.54545454545455,800.0300000000001
FOOD002068,2026-05-10,Breakfast,Sambar,232,218,14,70.65,16391.73,6.0344827586206895,93.96551724137932,989.1000000000001
FOOD002069,2026-05-10,Lunch,Dal,100,93,5,53.81,5380.51,5.0,93.0,269.05
FOOD002070,2026-05-10,Lunch,Curd Rice,227,194,26,48.61,11034.82,11.45374449339207,85.46255506607929,1263.86
FOOD002071,2026-05-10,Lunch,Idli,60,50,6,68.77,4125.91,10.0,83.33333333333334,412.62
FOOD002072,2026-05-10,Lunch,Chapati,104,84,13,18.67,1941.9,12.5,80.76923076923077,242.71000000000004
FOOD002073,2026-05-10,Snacks,Idli,189,175,14,56.15,10611.98,7.4074074074074066,92.5925925925926,786.1
FOOD002074,2026-05-10,Snacks,Chicken Curry,180,159,15,36.13,6503.05,8.333333333333332,88.33333333333333,541.95
FOOD002075,2026-05-10,Snacks,Dal,167,145,19,48.92,8170.37,11.377245508982035,86.82634730538922,929.48
FOOD002076,2026-05-10,Snacks,Chapati,156,143,12,60.15,9383.95,7.6923076923076925,91.66666666666666,721.8
FOOD002077,2026-05-10,Dinner,Dosa,189,168,18,55.34,10459.4,9.523809523809524,88.88888888888889,996.1200000000001
FOOD002078,2026-05-10,Dinner,Sambar,99,80,14,31.03,3071.93,14.14141414141414,80.8080808080808,434.42
FOOD002079,2026-05-10,Dinner,Vegetable Curry,111,101,7,68.91,7649.0,6.306306306306306,90.990990990991,482.37
FOOD002080,2026-05-10,Dinner,Noodles,101,90,7,42.13,4255.57,6.9306930693069315,89.10891089108911,294.91
FOOD002081,2026-05-11,Breakfast,Curd Rice,111,99,10,16.73,1856.49,9.00900900900901,89.1891891891892,167.3
FOOD002082,2026-05-11,Breakfast,Vegetable Curry,103,98,5,29.05,2992.19,4.854368932038835,95.14563106796116,145.25
FOOD002083,2026-05-11,Breakfast,Rice,77,56,14,46.56,3585.09,18.181818181818183,72.72727272727273,651.84
FOOD002084,2026-05-11,Breakfast,Idli,71,61,7,47.06,3341.55,9.859154929577464,85.91549295774648,329.42
FOOD002085,2026-05-11,Lunch,Rice,85,67,15,70.03,5952.53,17.647058823529413,78.82352941176471,1050.45
FOOD002086,2026-05-11,Lunch,Curd Rice,104,93,11,24.26,2523.46,10.576923076923077,89.42307692307693,266.86
FOOD002087,2026-05-11,Lunch,Vegetable Curry,211,190,18,15.84,3341.83,8.530805687203792,90.04739336492891,285.12
FOOD002088,2026-05-11,Lunch,Idli,151,140,7,46.75,7059.12,4.635761589403973,92.71523178807946,327.25
FOOD002089,2026-05-11,Snacks,Idli,70,60,5,44.6,3122.22,7.142857142857142,85.71428571428571,223.0
FOOD002090,2026-05-11,Snacks,Sambar,70,52,12,56.57,3959.75,17.142857142857142,74.28571428571429,678.84
FOOD002091,2026-05-11,Snacks,Dal,132,105,26,66.59,8790.17,19.696969696969695,79.54545454545455,1731.3400000000001
FOOD002092,2026-05-11,Snacks,Dosa,124,107,16,38.66,4793.7,12.903225806451612,86.29032258064517,618.56
FOOD002093,2026-05-11,Dinner,Noodles,135,115,20,63.28,8542.7,14.814814814814813,85.18518518518519,1265.6
FOOD002094,2026-05-11,Dinner,Dosa,115,102,9,15.52,1784.74,7.82608695652174,88.69565217391305,139.68
FOOD002095,2026-05-11,Dinner,Vegetable Curry,140,122,14,37.3,5221.87,10.0,87.14285714285714,522.1999999999999
FOOD002096,2026-05-11,Dinner,Dal,87,67,15,73.82,6422.37,17.24137931034483,77.01149425287356,1107.3
FOOD002097,2026-05-12,Breakfast,Biryani,205,163,40,40.17,8234.45,19.51219512195122,79.51219512195122,1606.8000000000002
FOOD002098,2026-05-12,Breakfast,Chicken Curry,174,159,13,27.04,4704.62,7.471264367816093,91.37931034482759,351.52
FOOD002099,2026-05-12,Breakfast,Fried Rice,132,115,10,32.84,4334.34,7.575757575757576,87.12121212121212,328.40000000000003
FOOD002100,2026-05-12,Breakfast,Sambar,96,76,13,63.87,6131.13,13.541666666666666,79.16666666666666,830.31
FOOD002101,2026-05-12,Lunch,Noodles,237,225,11,36.09,8552.42,4.641350210970464,94.9367088607595,396.99
FOOD002102,2026-05-12,Lunch,Sambar,61,53,5,60.38,3683.47,8.19672131147541,86.88524590163934,301.90000000000003
FOOD002103,2026-05-12,Lunch,Biryani,179,157,16,35.87,6421.2,8.938547486033519,87.70949720670392,573.92
FOOD002104,2026-05-12,Lunch,Idli,171,159,7,33.16,5670.33,4.093567251461988,92.98245614035088,232.11999999999998
FOOD002105,2026-05-12,Snacks,Dosa,127,109,15,53.24,6761.8,11.811023622047244,85.8267716535433,798.6
FOOD002106,2026-05-12,Snacks,Fried Rice,98,76,18,54.96,5385.88,18.367346938775512,77.55102040816327,989.28
FOOD002107,2026-05-12,Snacks,Rice,229,184,44,42.52,9736.95,19.213973799126638,80.34934497816593,1870.88
FOOD002108,2026-05-12,Snacks,Noodles,220,179,34,41.51,9133.26,15.454545454545453,81.36363636363636,1411.34
FOOD002109,2026-05-12,Dinner,Curd Rice,230,185,42,50.88,11703.44,18.26086956521739,80.43478260869566,2136.96
FOOD002110,2026-05-12,Dinner,Sambar,212,164,41,67.8,14374.56,19.339622641509436,77.35849056603774,2779.7999999999997
FOOD002111,2026-05-12,Dinner,Noodles,87,64,17,62.0,5394.11,19.54022988505747,73.5632183908046,1054.0
FOOD002112,2026-05-12,Dinner,Rice,177,161,15,57.8,10229.77,8.47457627118644,90.96045197740112,867.0
FOOD002113,2026-05-13,Breakfast,Sambar,210,190,18,66.07,13874.69,8.571428571428571,90.47619047619048,1189.2599999999998
FOOD002114,2026-05-13,Breakfast,Chicken Curry,83,69,7,36.31,3014.08,8.433734939759036,83.13253012048193,254.17000000000002
FOOD002115,2026-05-13,Breakfast,Vegetable Curry,60,47,10,39.45,2366.95,16.666666666666664,78.33333333333333,394.5
FOOD002116,2026-05-13,Breakfast,Noodles,227,183,38,67.19,15251.33,16.740088105726873,80.61674008810573,2553.22
FOOD002117,2026-05-13,Lunch,Noodles,165,146,16,50.63,8354.51,9.696969696969697,88.48484848484848,810.08
FOOD002118,2026-05-13,Lunch,Vegetable Curry,204,180,17,52.44,10697.64,8.333333333333332,88.23529411764706,891.48
FOOD002119,2026-05-13,Lunch,Sambar,166,154,12,61.48,10205.07,7.228915662650602,92.7710843373494,737.76
FOOD002120,2026-05-13,Lunch,Fried Rice,123,101,21,29.2,3592.2,17.073170731707318,82.11382113821138,613.1999999999999
FOOD002121,2026-05-13,Snacks,Fried Rice,174,138,32,78.24,13614.23,18.39080459770115,79.3103448275862,2503.68
FOOD002122,2026-05-13,Snacks,Rice,116,103,13,52.38,6075.67,11.206896551724139,88.79310344827587,680.94
FOOD002123,2026-05-13,Snacks,Curd Rice,166,135,30,57.19,9493.27,18.072289156626507,81.32530120481928,1715.6999999999998
FOOD002124,2026-05-13,Snacks,Idli,159,141,11,33.59,5340.69,6.918238993710692,88.67924528301887,369.49
FOOD002125,2026-05-13,Dinner,Curd Rice,201,179,18,49.9,10030.52,8.955223880597014,89.05472636815921,898.1999999999999
FOOD002126,2026-05-13,Dinner,Biryani,54,39,9,30.97,1672.59,16.666666666666664,72.22222222222221,278.73
FOOD002127,2026-05-13,Dinner,Dosa,230,191,35,67.39,15499.87,15.217391304347828,83.04347826086956,2358.65
FOOD002128,2026-05-13,Dinner,Fried Rice,80,67,13,23.55,1883.94,16.25,83.75,306.15000000000003
FOOD002129,2026-05-14,Breakfast,Dosa,53,49,4,20.76,1100.13,7.547169811320755,92.45283018867924,83.04
FOOD002130,2026-05-14,Breakfast,Dal,203,161,38,39.04,7925.47,18.7192118226601,79.3103448275862,1483.52
FOOD002131,2026-05-14,Breakfast,Biryani,58,45,6,37.35,2166.14,10.344827586206897,77.58620689655173,224.10000000000002
FOOD002132,2026-05-14,Breakfast,Noodles,197,174,20,55.26,10885.78,10.152284263959391,88.3248730964467,1105.2
FOOD002133,2026-05-14,Lunch,Fried Rice,75,55,13,15.72,1179.17,17.333333333333336,73.33333333333333,204.36
FOOD002134,2026-05-14,Lunch,Noodles,106,98,4,27.4,2904.36,3.7735849056603774,92.45283018867924,109.6
FOOD002135,2026-05-14,Lunch,Chicken Curry,143,120,23,20.95,2995.47,16.083916083916083,83.91608391608392,481.84999999999997
FOOD002136,2026-05-14,Lunch,Idli,201,175,21,23.84,4792.56,10.44776119402985,87.06467661691542,500.64
FOOD002137,2026-05-14,Snacks,Noodles,238,225,12,77.91,18542.1,5.042016806722689,94.53781512605042,934.92
FOOD002138,2026-05-14,Snacks,Fried Rice,146,129,16,78.22,11420.52,10.95890410958904,88.35616438356165,1251.52
FOOD002139,2026-05-14,Snacks,Curd Rice,148,129,18,69.97,10355.69,12.162162162162163,87.16216216216216,1259.46
FOOD002140,2026-05-14,Snacks,Idli,165,152,9,50.88,8395.51,5.454545454545454,92.12121212121212,457.92
FOOD002141,2026-05-14,Dinner,Dosa,175,155,18,17.78,3112.06,10.285714285714285,88.57142857142857,320.04
FOOD002142,2026-05-14,Dinner,Biryani,117,95,22,51.46,6020.71,18.803418803418804,81.19658119658119,1132.1200000000001
FOOD002143,2026-05-14,Dinner,Sambar,67,56,10,42.24,2830.39,14.925373134328357,83.5820895522388,422.40000000000003
FOOD002144,2026-05-14,Dinner,Chapati,142,116,19,16.12,2289.45,13.380281690140844,81.69014084507043,306.28000000000003
FOOD002145,2026-05-15,Breakfast,Biryani,94,71,18,46.95,4413.26,19.148936170212767,75.53191489361703,845.1
FOOD002146,2026-05-15,Breakfast,Fried Rice,76,58,13,49.08,3729.9,17.105263157894736,76.31578947368422,638.04
FOOD002147,2026-05-15,Breakfast,Curd Rice,169,148,18,35.08,5928.47,10.650887573964498,87.57396449704143,631.4399999999999
FOOD002148,2026-05-15,Breakfast,Dal,168,148,15,20.35,3419.05,8.928571428571429,88.09523809523809,305.25
FOOD002149,2026-05-15,Lunch,Biryani,209,179,28,43.78,9150.02,13.397129186602871,85.64593301435407,1225.8400000000001
FOOD002150,2026-05-15,Lunch,Idli,217,197,19,72.66,15767.18,8.755760368663594,90.78341013824884,1380.54
FOOD002151,2026-05-15,Lunch,Dal,175,150,21,56.77,9934.76,12.0,85.71428571428571,1192.17
FOOD002152,2026-05-15,Lunch,Vegetable Curry,62,45,10,77.87,4828.11,16.129032258064516,72.58064516129032,778.7
FOOD002153,2026-05-15,Snacks,Chapati,78,58,14,22.43,1749.73,17.94871794871795,74.35897435897436,314.02
FOOD002154,2026-05-15,Snacks,Rice,118,97,19,16.64,1964.03,16.101694915254235,82.20338983050848,316.16
FOOD002155,2026-05-15,Snacks,Idli,198,174,24,55.9,11068.76,12.121212121212121,87.87878787878788,1341.6
FOOD002156,2026-05-15,Snacks,Biryani,113,94,12,65.37,7386.79,10.619469026548673,83.1858407079646,784.44
FOOD002157,2026-05-15,Dinner,Dosa,148,131,11,47.3,7001.0,7.4324324324324325,88.51351351351352,520.3
FOOD002158,2026-05-15,Dinner,Curd Rice,66,55,8,57.16,3772.73,12.121212121212121,83.33333333333334,457.28
FOOD002159,2026-05-15,Dinner,Vegetable Curry,72,61,10,36.82,2651.19,13.88888888888889,84.72222222222221,368.2
FOOD002160,2026-05-15,Dinner,Chapati,63,47,9,78.5,4945.62,14.285714285714285,74.60317460317461,706.5
FOOD002161,2026-05-16,Breakfast,Dosa,157,148,7,71.13,11167.97,4.45859872611465,94.26751592356688,497.90999999999997
FOOD002162,2026-05-16,Breakfast,Chapati,238,224,11,36.81,8760.07,4.621848739495799,94.11764705882352,404.91
FOOD002163,2026-05-16,Breakfast,Rice,181,165,12,50.31,9106.85,6.629834254143646,91.16022099447514,603.72
FOOD002164,2026-05-16,Breakfast,Chicken Curry,236,210,23,60.52,14283.37,9.745762711864407,88.98305084745762,1391.96
FOOD002165,2026-05-16,Lunch,Idli,74,68,6,67.82,5018.66,8.108108108108109,91.8918918918919,406.91999999999996
FOOD002166,2026-05-16,Lunch,Sambar,121,106,11,46.1,5578.58,9.090909090909092,87.60330578512396,507.1
FOOD002167,2026-05-16,Lunch,Chicken Curry,101,89,5,27.38,2765.35,4.9504950495049505,88.11881188118812,136.9
FOOD002168,2026-05-16,Lunch,Chapati,206,168,35,70.0,14420.93,16.990291262135923,81.55339805825243,2450.0
FOOD002169,2026-05-16,Snacks,Biryani,234,196,32,72.75,17023.66,13.675213675213676,83.76068376068376,2328.0
FOOD002170,2026-05-16,Snacks,Chicken Curry,224,205,19,54.06,12108.72,8.482142857142858,91.51785714285714,1027.14
FOOD002171,2026-05-16,Snacks,Dal,239,211,23,49.47,11822.18,9.623430962343097,88.28451882845188,1137.81
FOOD002172,2026-05-16,Snacks,Chapati,184,148,30,58.26,10719.97,16.304347826086957,80.43478260869566,1747.8
FOOD002173,2026-05-16,Dinner,Biryani,179,166,12,37.59,6728.62,6.70391061452514,92.73743016759776,451.08000000000004
FOOD002174,2026-05-16,Dinner,Dal,223,200,23,72.11,16079.64,10.31390134529148,89.68609865470853,1658.53
FOOD002175,2026-05-16,Dinner,Fried Rice,239,213,26,15.95,3812.54,10.87866108786611,89.1213389121339,414.7
FOOD002176,2026-05-16,Dinner,Curd Rice,238,206,29,29.18,6944.67,12.184873949579831,86.5546218487395,846.22
FOOD002177,2026-05-17,Breakfast,Fried Rice,149,129,19,51.62,7691.88,12.751677852348994,86.57718120805369,980.78
FOOD002178,2026-05-17,Breakfast,Sambar,221,178,38,32.05,7083.47,17.194570135746606,80.54298642533936,1217.8999999999999
FOOD002179,2026-05-17,Breakfast,Curd Rice,128,111,10,68.54,8772.72,7.8125,86.71875,685.4000000000001
FOOD002180,2026-05-17,Breakfast,Idli,249,229,16,27.12,6752.54,6.425702811244979,91.96787148594377,433.92
FOOD002181,2026-05-17,Lunch,Idli,165,149,10,24.98,4122.43,6.0606060606060606,90.30303030303031,249.8
FOOD002182,2026-05-17,Lunch,Fried Rice,137,125,6,67.96,9309.84,4.37956204379562,91.24087591240875,407.76
FOOD002183,2026-05-17,Lunch,Sambar,105,97,4,68.88,7232.78,3.8095238095238098,92.38095238095238,275.52
FOOD002184,2026-05-17,Lunch,Chicken Curry,186,152,34,71.04,13213.86,18.27956989247312,81.72043010752688,2415.36
FOOD002185,2026-05-17,Snacks,Biryani,110,101,8,52.84,5811.88,7.2727272727272725,91.81818181818183,422.72
FOOD002186,2026-05-17,Snacks,Noodles,68,58,8,41.98,2854.36,11.76470588235294,85.29411764705883,335.84
FOOD002187,2026-05-17,Snacks,Fried Rice,194,161,32,47.8,9272.3,16.49484536082474,82.9896907216495,1529.6
FOOD002188,2026-05-17,Snacks,Chicken Curry,140,123,11,37.3,5221.85,7.857142857142857,87.85714285714286,410.29999999999995
FOOD002189,2026-05-17,Dinner,Biryani,92,83,5,29.56,2719.77,5.434782608695652,90.21739130434783,147.79999999999998
FOOD002190,2026-05-17,Dinner,Chicken Curry,182,147,29,52.69,9590.32,15.934065934065933,80.76923076923077,1528.01
FOOD002191,2026-05-17,Dinner,Chapati,53,44,8,71.37,3782.76,15.09433962264151,83.01886792452831,570.96
FOOD002192,2026-05-17,Dinner,Idli,147,122,22,25.69,3776.89,14.965986394557824,82.99319727891157,565.1800000000001
FOOD002193,2026-05-18,Breakfast,Idli,80,74,4,15.85,1268.23,5.0,92.5,63.4
FOOD002194,2026-05-18,Breakfast,Vegetable Curry,162,135,21,58.71,9510.25,12.962962962962962,83.33333333333334,1232.91
FOOD002195,2026-05-18,Breakfast,Chapati,186,145,34,18.21,3386.65,18.27956989247312,77.95698924731182,619.14
FOOD002196,2026-05-18,Breakfast,Fried Rice,54,46,3,72.74,3927.79,5.555555555555555,85.18518518518519,218.21999999999997
FOOD002197,2026-05-18,Lunch,Idli,87,74,12,45.39,3949.17,13.793103448275861,85.0574712643678,544.6800000000001
FOOD002198,2026-05-18,Lunch,Curd Rice,162,150,9,36.42,5900.23,5.555555555555555,92.5925925925926,327.78000000000003
FOOD002199,2026-05-18,Lunch,Dosa,182,169,8,17.61,3204.18,4.395604395604396,92.85714285714286,140.88
FOOD002200,2026-05-18,Lunch,Biryani,91,78,9,59.7,5432.61,9.89010989010989,85.71428571428571,537.3000000000001
FOOD002201,2026-05-18,Snacks,Curd Rice,79,75,4,66.22,5231.6,5.063291139240507,94.9367088607595,264.88
FOOD002202,2026-05-18,Snacks,Dal,114,100,7,31.56,3597.31,6.140350877192982,87.71929824561403,220.92
FOOD002203,2026-05-18,Snacks,Chicken Curry,184,164,15,30.63,5635.51,8.152173913043478,89.13043478260869,459.45
FOOD002204,2026-05-18,Snacks,Noodles,175,163,11,79.38,13891.34,6.2857142857142865,93.14285714285714,873.18
FOOD002205,2026-05-18,Dinner,Chicken Curry,202,166,29,31.01,6263.69,14.356435643564355,82.17821782178217,899.2900000000001
FOOD002206,2026-05-18,Dinner,Noodles,230,196,33,35.91,8258.86,14.347826086956522,85.21739130434783,1185.03
FOOD002207,2026-05-18,Dinner,Biryani,140,122,15,43.42,6078.36,10.714285714285714,87.14285714285714,651.3000000000001
FOOD002208,2026-05-18,Dinner,Fried Rice,71,54,11,46.89,3329.11,15.492957746478872,76.05633802816901,515.79
FOOD002209,2026-05-19,Breakfast,Vegetable Curry,83,71,9,59.73,4957.95,10.843373493975903,85.54216867469879,537.5699999999999
FOOD002210,2026-05-19,Breakfast,Chicken Curry,191,158,27,45.1,8613.76,14.136125654450263,82.72251308900523,1217.7
FOOD002211,2026-05-19,Breakfast,Idli,202,191,8,68.15,13766.97,3.9603960396039604,94.55445544554455,545.2
FOOD002212,2026-05-19,Breakfast,Fried Rice,220,192,21,61.14,13451.15,9.545454545454547,87.27272727272727,1283.94
FOOD002213,2026-05-19,Lunch,Chicken Curry,97,85,7,64.45,6251.3,7.216494845360824,87.62886597938144,451.15000000000003
FOOD002214,2026-05-19,Lunch,Curd Rice,111,104,5,41.28,4581.93,4.504504504504505,93.69369369369369,206.4
FOOD002215,2026-05-19,Lunch,Noodles,149,132,12,43.97,6551.63,8.053691275167784,88.59060402684564,527.64
FOOD002216,2026-05-19,Lunch,Sambar,96,85,11,18.25,1751.94,11.458333333333332,88.54166666666666,200.75
FOOD002217,2026-05-19,Snacks,Dosa,239,196,40,24.76,5917.48,16.736401673640167,82.00836820083683,990.4000000000001
FOOD002218,2026-05-19,Snacks,Curd Rice,201,165,30,45.49,9142.73,14.925373134328357,82.08955223880598,1364.7
FOOD002219,2026-05-19,Snacks,Rice,95,77,18,79.72,7573.32,18.947368421052634,81.05263157894737,1434.96
FOOD002220,2026-05-19,Snacks,Chicken Curry,212,184,21,22.32,4732.67,9.90566037735849,86.79245283018868,468.72
FOOD002221,2026-05-19,Dinner,Noodles,90,73,17,35.41,3186.85,18.88888888888889,81.11111111111111,601.9699999999999
FOOD002222,2026-05-19,Dinner,Dal,240,214,20,41.14,9874.63,8.333333333333332,89.16666666666667,822.8
FOOD002223,2026-05-19,Dinner,Dosa,53,51,2,61.02,3234.0,3.7735849056603774,96.22641509433963,122.04
FOOD002224,2026-05-19,Dinner,Rice,51,44,2,72.42,3693.55,3.9215686274509802,86.27450980392157,144.84
FOOD002225,2026-05-20,Breakfast,Biryani,54,40,10,68.83,3716.8,18.51851851851852,74.07407407407408,688.3
FOOD002226,2026-05-20,Breakfast,Fried Rice,76,63,10,21.45,1630.05,13.157894736842104,82.89473684210526,214.5
FOOD002227,2026-05-20,Breakfast,Idli,249,225,19,54.16,13484.98,7.630522088353414,90.36144578313254,1029.04
FOOD002228,2026-05-20,Breakfast,Chicken Curry,180,149,28,54.36,9784.54,15.555555555555555,82.77777777777777,1522.08
FOOD002229,2026-05-20,Lunch,Noodles,188,150,35,58.4,10978.74,18.617021276595743,79.7872340425532,2044.0
FOOD002230,2026-05-20,Lunch,Idli,177,168,9,19.37,3428.69,5.084745762711865,94.91525423728814,174.33
FOOD002231,2026-05-20,Lunch,Curd Rice,217,183,29,21.66,4700.2,13.36405529953917,84.33179723502305,628.14
FOOD002232,2026-05-20,Lunch,Rice,149,131,12,46.17,6879.52,8.053691275167784,87.91946308724832,554.04
FOOD002233,2026-05-20,Snacks,Noodles,156,130,23,48.89,7626.42,14.743589743589745,83.33333333333334,1124.47
FOOD002234,2026-05-20,Snacks,Chicken Curry,92,83,5,36.61,3368.14,5.434782608695652,90.21739130434783,183.05
FOOD002235,2026-05-20,Snacks,Curd Rice,96,84,7,34.13,3276.86,7.291666666666667,87.5,238.91000000000003
FOOD002236,2026-05-20,Snacks,Rice,58,51,2,71.34,4137.83,3.4482758620689653,87.93103448275862,142.68
FOOD002237,2026-05-20,Dinner,Chicken Curry,236,193,38,17.42,4110.16,16.101694915254235,81.77966101694916,661.96
FOOD002238,2026-05-20,Dinner,Dosa,249,227,20,16.36,4074.6,8.032128514056225,91.16465863453816,327.2
FOOD002239,2026-05-20,Dinner,Curd Rice,94,80,13,44.71,4202.69,13.829787234042554,85.1063829787234,581.23
FOOD002240,2026-05-20,Dinner,Dal,132,120,9,44.75,5907.33,6.8181818181818175,90.9090909090909,402.75
FOOD002241,2026-05-21,Breakfast,Rice,77,65,6,59.9,4612.59,7.792207792207792,84.4155844155844,359.4
FOOD002242,2026-05-21,Breakfast,Chicken Curry,153,137,12,17.56,2686.42,7.8431372549019605,89.54248366013073,210.71999999999997
FOOD002243,2026-05-21,Breakfast,Chapati,91,83,3,58.18,5294.49,3.296703296703297,91.20879120879121,174.54
FOOD002244,2026-05-21,Breakfast,Fried Rice,212,195,17,40.98,8686.72,8.018867924528301,91.98113207547169,696.66
FOOD002245,2026-05-21,Lunch,Biryani,140,113,20,47.56,6658.32,14.285714285714285,80.71428571428572,951.2
FOOD002246,2026-05-21,Lunch,Idli,101,97,4,62.75,6337.3,3.9603960396039604,96.03960396039604,251.0
FOOD002247,2026-05-21,Lunch,Dal,156,137,15,45.71,7130.43,9.615384615384617,87.82051282051282,685.65
FOOD002248,2026-05-21,Lunch,Noodles,187,171,11,75.31,14082.17,5.88235294117647,91.44385026737967,828.4100000000001
FOOD002249,2026-05-21,Snacks,Rice,151,134,17,54.17,8178.96,11.258278145695364,88.74172185430463,920.89
FOOD002250,2026-05-21,Snacks,Dal,189,156,33,33.98,6422.73,17.46031746031746,82.53968253968253,1121.34
FOOD002251,2026-05-21,Snacks,Vegetable Curry,197,181,10,24.48,4821.83,5.0761421319796955,91.87817258883248,244.8
FOOD002252,2026-05-21,Snacks,Chicken Curry,232,217,10,22.95,5323.89,4.310344827586207,93.53448275862068,229.5
FOOD002253,2026-05-21,Dinner,Sambar,156,121,30,49.49,7720.24,19.230769230769234,77.56410256410257,1484.7
FOOD002254,2026-05-21,Dinner,Dosa,80,76,3,74.94,5994.89,3.75,95.0,224.82
FOOD002255,2026-05-21,Dinner,Chicken Curry,129,113,13,74.98,9672.93,10.077519379844961,87.59689922480621,974.74
FOOD002256,2026-05-21,Dinner,Chapati,100,79,16,44.97,4496.74,16.0,79.0,719.52
FOOD002257,2026-05-22,Breakfast,Rice,137,118,15,61.25,8390.65,10.948905109489052,86.13138686131386,918.75
FOOD002258,2026-05-22,Breakfast,Curd Rice,63,52,11,23.17,1459.95,17.46031746031746,82.53968253968253,254.87
FOOD002259,2026-05-22,Breakfast,Dosa,79,67,8,60.81,4803.92,10.126582278481013,84.81012658227847,486.48
FOOD002260,2026-05-22,Breakfast,Sambar,184,161,23,59.7,10985.72,12.5,87.5,1373.1000000000001
FOOD002261,2026-05-22,Lunch,Noodles,247,200,46,69.23,17100.04,18.62348178137652,80.97165991902834,3184.5800000000004
FOOD002262,2026-05-22,Lunch,Idli,228,205,18,36.52,8325.42,7.894736842105263,89.91228070175438,657.36
FOOD002263,2026-05-22,Lunch,Dosa,124,99,18,16.55,2052.74,14.516129032258066,79.83870967741935,297.90000000000003
FOOD002264,2026-05-22,Lunch,Dal,235,188,42,24.46,5747.97,17.872340425531917,80.0,1027.32
FOOD002265,2026-05-22,Snacks,Chapati,89,77,9,72.67,6467.46,10.112359550561797,86.51685393258427,654.03
FOOD002266,2026-05-22,Snacks,Sambar,90,77,12,27.4,2465.88,13.333333333333334,85.55555555555556,328.79999999999995
FOOD002267,2026-05-22,Snacks,Fried Rice,120,106,12,56.68,6801.26,10.0,88.33333333333333,680.16
FOOD002268,2026-05-22,Snacks,Vegetable Curry,145,130,11,36.06,5228.78,7.586206896551724,89.65517241379311,396.66
FOOD002269,2026-05-22,Dinner,Chapati,217,184,27,21.6,4686.32,12.442396313364055,84.7926267281106,583.2
FOOD002270,2026-05-22,Dinner,Vegetable Curry,219,203,9,25.95,5683.04,4.10958904109589,92.69406392694064,233.54999999999998
FOOD002271,2026-05-22,Dinner,Curd Rice,66,57,9,66.81,4409.78,13.636363636363635,86.36363636363636,601.29
FOOD002272,2026-05-22,Dinner,Fried Rice,71,63,4,34.96,2482.09,5.633802816901409,88.73239436619718,139.84
FOOD002273,2026-05-23,Breakfast,Curd Rice,164,134,28,74.18,12165.92,17.073170731707318,81.70731707317073,2077.04
FOOD002274,2026-05-23,Breakfast,Fried Rice,117,99,18,58.02,6787.79,15.384615384615385,84.61538461538461,1044.3600000000001
FOOD002275,2026-05-23,Breakfast,Idli,91,84,4,26.7,2429.71,4.395604395604396,92.3076923076923,106.8
FOOD002276,2026-05-23,Breakfast,Dosa,52,44,2,63.58,3306.26,3.8461538461538463,84.61538461538461,127.16
FOOD002277,2026-05-23,Lunch,Chicken Curry,209,163,41,16.9,3531.82,19.617224880382775,77.99043062200957,692.9
FOOD002278,2026-05-23,Lunch,Dosa,64,55,8,16.39,1049.11,12.5,85.9375,131.12
FOOD002279,2026-05-23,Lunch,Rice,185,168,15,62.96,11647.45,8.108108108108109,90.81081081081082,944.4
FOOD002280,2026-05-23,Lunch,Noodles,67,59,4,27.08,1814.46,5.970149253731343,88.05970149253731,108.32
FOOD002281,2026-05-23,Snacks,Noodles,175,152,23,35.36,6187.32,13.142857142857142,86.85714285714286,813.28
FOOD002282,2026-05-23,Snacks,Chicken Curry,67,56,7,73.56,4928.79,10.44776119402985,83.5820895522388,514.9200000000001
FOOD002283,2026-05-23,Snacks,Dal,110,97,9,48.15,5296.36,8.181818181818182,88.18181818181819,433.34999999999997
FOOD002284,2026-05-23,Snacks,Dosa,214,176,38,55.22,11817.03,17.75700934579439,82.2429906542056,2098.36
FOOD002285,2026-05-23,Dinner,Chicken Curry,171,143,22,64.11,10962.28,12.865497076023392,83.62573099415205,1410.42
FOOD002286,2026-05-23,Dinner,Rice,60,44,9,56.97,3417.96,15.0,73.33333333333333,512.73
FOOD002287,2026-05-23,Dinner,Sambar,183,149,34,25.48,4662.53,18.579234972677597,81.4207650273224,866.32
FOOD002288,2026-05-23,Dinner,Noodles,200,170,28,73.58,14716.8,14.000000000000002,85.0,2060.24
FOOD002289,2026-05-24,Breakfast,Rice,166,151,15,26.11,4334.45,9.036144578313253,90.96385542168674,391.65
FOOD002290,2026-05-24,Breakfast,Biryani,212,192,15,45.59,9664.62,7.0754716981132075,90.56603773584906,683.85
FOOD002291,2026-05-24,Breakfast,Sambar,108,88,16,52.14,5631.3,14.814814814814813,81.48148148148148,834.24
FOOD002292,2026-05-24,Breakfast,Chicken Curry,78,66,12,72.91,5686.66,15.384615384615385,84.61538461538461,874.92
FOOD002293,2026-05-24,Lunch,Biryani,139,132,5,69.34,9638.05,3.597122302158273,94.96402877697841,346.70000000000005
FOOD002294,2026-05-24,Lunch,Rice,193,167,20,24.56,4739.15,10.362694300518134,86.52849740932642,491.2
FOOD002295,2026-05-24,Lunch,Noodles,59,43,11,73.13,4314.86,18.64406779661017,72.88135593220339,804.43
FOOD002296,2026-05-24,Lunch,Dosa,98,81,14,55.79,5467.49,14.285714285714285,82.6530612244898,781.06
FOOD002297,2026-05-24,Snacks,Noodles,181,162,16,34.49,6242.29,8.83977900552486,89.50276243093923,551.84
FOOD002298,2026-05-24,Snacks,Fried Rice,136,119,11,68.92,9373.18,8.088235294117647,87.5,758.12
FOOD002299,2026-05-24,Snacks,Curd Rice,249,221,24,75.2,18725.44,9.63855421686747,88.75502008032129,1804.8000000000002
FOOD002300,2026-05-24,Snacks,Chicken Curry,84,67,15,73.86,6204.18,17.857142857142858,79.76190476190477,1107.9
FOOD002301,2026-05-24,Dinner,Curd Rice,64,57,3,40.55,2595.33,4.6875,89.0625,121.64999999999999
FOOD002302,2026-05-24,Dinner,Noodles,176,137,33,27.96,4921.71,18.75,77.8409090909091,922.6800000000001
FOOD002303,2026-05-24,Dinner,Vegetable Curry,116,106,7,15.85,1838.79,6.0344827586206895,91.37931034482759,110.95
FOOD002304,2026-05-24,Dinner,Fried Rice,219,186,26,47.23,10344.07,11.87214611872146,84.93150684931507,1227.98
FOOD002305,2026-05-25,Breakfast,Sambar,82,70,11,77.64,6366.21,13.414634146341465,85.36585365853658,854.04
FOOD002306,2026-05-25,Breakfast,Noodles,197,174,22,69.0,13593.38,11.16751269035533,88.3248730964467,1518.0
FOOD002307,2026-05-25,Breakfast,Chicken Curry,232,195,35,71.0,16472.47,15.086206896551724,84.05172413793103,2485.0
FOOD002308,2026-05-25,Breakfast,Vegetable Curry,229,204,23,61.36,14051.23,10.043668122270741,89.08296943231441,1411.28
FOOD002309,2026-05-25,Lunch,Biryani,197,180,11,41.25,8125.52,5.583756345177665,91.37055837563452,453.75
FOOD002310,2026-05-25,Lunch,Curd Rice,133,113,16,70.01,9310.9,12.030075187969924,84.9624060150376,1120.16
FOOD002311,2026-05-25,Lunch,Chapati,196,184,8,31.9,6251.62,4.081632653061225,93.87755102040816,255.2
FOOD002312,2026-05-25,Lunch,Dal,221,187,32,71.08,15707.84,14.479638009049776,84.61538461538461,2274.56
FOOD002313,2026-05-25,Snacks,Sambar,72,63,5,73.53,5293.81,6.944444444444445,87.5,367.65
FOOD002314,2026-05-25,Snacks,Rice,95,71,18,26.54,2521.29,18.947368421052634,74.73684210526315,477.71999999999997
FOOD002315,2026-05-25,Snacks,Chicken Curry,137,109,22,37.79,5176.82,16.05839416058394,79.56204379562044,831.38
FOOD002316,2026-05-25,Snacks,Dal,185,174,11,19.1,3533.83,5.9459459459459465,94.05405405405406,210.10000000000002
FOOD002317,2026-05-25,Dinner,Curd Rice,164,134,26,77.71,12744.39,15.853658536585366,81.70731707317073,2020.4599999999998
FOOD002318,2026-05-25,Dinner,Fried Rice,227,189,32,73.36,16651.74,14.096916299559473,83.25991189427313,2347.52
FOOD002319,2026-05-25,Dinner,Biryani,83,72,10,78.05,6478.49,12.048192771084338,86.74698795180723,780.5
FOOD002320,2026-05-25,Dinner,Chicken Curry,166,135,29,79.05,13122.51,17.46987951807229,81.32530120481928,2292.45
FOOD002321,2026-05-26,Breakfast,Chapati,162,133,29,37.82,6126.71,17.901234567901234,82.09876543209876,1096.78
FOOD002322,2026-05-26,Breakfast,Biryani,183,173,8,15.94,2916.87,4.371584699453552,94.53551912568307,127.52
FOOD002323,2026-05-26,Breakfast,Vegetable Curry,245,213,31,21.88,5360.65,12.653061224489795,86.93877551020408,678.28
FOOD002324,2026-05-26,Breakfast,Rice,101,79,19,51.17,5168.13,18.81188118811881,78.21782178217822,972.23
FOOD002325,2026-05-26,Lunch,Dosa,96,83,12,39.37,3779.51,12.5,86.45833333333334,472.43999999999994
FOOD002326,2026-05-26,Lunch,Dal,214,171,38,30.38,6501.08,17.75700934579439,79.90654205607477,1154.44
FOOD002327,2026-05-26,Lunch,Idli,157,137,13,18.86,2961.54,8.280254777070063,87.26114649681529,245.18
FOOD002328,2026-05-26,Lunch,Rice,86,77,4,47.81,4111.61,4.651162790697675,89.53488372093024,191.24
FOOD002329,2026-05-26,Snacks,Biryani,114,110,4,45.21,5153.91,3.508771929824561,96.49122807017544,180.84
FOOD002330,2026-05-26,Snacks,Chicken Curry,206,187,19,52.95,10908.27,9.223300970873787,90.77669902912622,1006.0500000000001
FOOD002331,2026-05-26,Snacks,Idli,226,179,40,41.24,9320.83,17.699115044247787,79.20353982300885,1649.6000000000001
FOOD002332,2026-05-26,Snacks,Dosa,100,94,4,18.82,1882.22,4.0,94.0,75.28
FOOD002333,2026-05-26,Dinner,Dal,153,139,8,53.4,8170.42,5.228758169934641,90.84967320261438,427.2
FOOD002334,2026-05-26,Dinner,Idli,165,152,8,22.92,3781.02,4.848484848484849,92.12121212121212,183.36
FOOD002335,2026-05-26,Dinner,Dosa,241,193,45,70.24,16927.37,18.672199170124482,80.08298755186722,3160.7999999999997
FOOD002336,2026-05-26,Dinner,Chicken Curry,199,180,17,65.82,13097.85,8.542713567839195,90.45226130653266,1118.9399999999998
FOOD002337,2026-05-27,Breakfast,Noodles,89,80,4,44.48,3958.37,4.49438202247191,89.8876404494382,177.92
FOOD002338,2026-05-27,Breakfast,Fried Rice,198,179,12,53.43,10578.66,6.0606060606060606,90.40404040404042,641.16
FOOD002339,2026-05-27,Breakfast,Rice,105,87,13,29.54,3102.0,12.380952380952381,82.85714285714286,384.02
FOOD002340,2026-05-27,Breakfast,Vegetable Curry,54,51,3,55.06,2973.25,5.555555555555555,94.44444444444444,165.18
FOOD002341,2026-05-27,Lunch,Chicken Curry,193,168,19,59.25,11436.15,9.844559585492227,87.04663212435233,1125.75
FOOD002342,2026-05-27,Lunch,Sambar,203,159,39,45.58,9253.47,19.21182266009852,78.32512315270937,1777.62
FOOD002343,2026-05-27,Lunch,Rice,144,112,26,74.61,10743.28,18.055555555555554,77.77777777777779,1939.86
FOOD002344,2026-05-27,Lunch,Biryani,114,108,5,60.3,6873.79,4.385964912280701,94.73684210526315,301.5
FOOD002345,2026-05-27,Snacks,Fried Rice,160,149,8,21.41,3424.86,5.0,93.125,171.28
FOOD002346,2026-05-27,Snacks,Dosa,83,77,6,49.94,4145.38,7.228915662650602,92.7710843373494,299.64
FOOD002347,2026-05-27,Snacks,Sambar,234,209,23,45.37,10615.58,9.82905982905983,89.31623931623932,1043.51
FOOD002348,2026-05-27,Snacks,Biryani,232,197,35,47.51,11022.96,15.086206896551724,84.91379310344827,1662.85
FOOD002349,2026-05-27,Dinner,Vegetable Curry,99,82,16,21.23,2101.49,16.161616161616163,82.82828282828282,339.68
FOOD002350,2026-05-27,Dinner,Fried Rice,88,69,12,40.7,3581.86,13.636363636363635,78.4090909090909,488.40000000000003
FOOD002351,2026-05-27,Dinner,Idli,50,41,2,16.47,823.38,4.0,82.0,32.94
FOOD002352,2026-05-27,Dinner,Dal,154,135,12,67.0,10318.09,7.792207792207792,87.66233766233766,804.0
FOOD002353,2026-05-28,Breakfast,Dosa,201,183,13,26.7,5365.71,6.467661691542288,91.04477611940298,347.09999999999997
FOOD002354,2026-05-28,Breakfast,Sambar,238,198,38,54.96,13080.5,15.966386554621847,83.19327731092437,2088.48
FOOD002355,2026-05-28,Breakfast,Fried Rice,99,75,18,60.08,5947.94,18.181818181818183,75.75757575757575,1081.44
FOOD002356,2026-05-28,Breakfast,Chapati,246,229,12,22.44,5519.3,4.878048780487805,93.08943089430895,269.28000000000003
FOOD002357,2026-05-28,Lunch,Biryani,152,119,30,23.17,3521.2,19.736842105263158,78.28947368421053,695.1
FOOD002358,2026-05-28,Lunch,Idli,103,80,20,54.28,5591.16,19.41747572815534,77.66990291262135,1085.6
FOOD002359,2026-05-28,Lunch,Vegetable Curry,150,135,12,79.77,11965.31,8.0,90.0,957.24
FOOD002360,2026-05-28,Lunch,Dal,77,57,14,45.27,3486.09,18.181818181818183,74.02597402597402,633.7800000000001
FOOD002361,2026-05-28,Snacks,Chapati,222,178,40,42.78,9498.14,18.01801801801802,80.18018018018019,1711.2
FOOD002362,2026-05-28,Snacks,Chicken Curry,157,137,17,15.38,2414.25,10.828025477707007,87.26114649681529,261.46000000000004
FOOD002363,2026-05-28,Snacks,Vegetable Curry,215,194,15,54.52,11721.35,6.976744186046512,90.23255813953487,817.8000000000001
FOOD002364,2026-05-28,Snacks,Rice,155,134,20,73.24,11351.49,12.903225806451612,86.45161290322581,1464.8
FOOD002365,2026-05-28,Dinner,Vegetable Curry,146,124,20,68.23,9961.5,13.698630136986301,84.93150684931507,1364.6000000000001
FOOD002366,2026-05-28,Dinner,Rice,192,155,35,21.29,4088.0,18.229166666666664,80.72916666666666,745.15
FOOD002367,2026-05-28,Dinner,Chicken Curry,104,81,17,20.95,2179.26,16.346153846153847,77.88461538461539,356.15
FOOD002368,2026-05-28,Dinner,Dosa,145,128,11,50.55,7329.22,7.586206896551724,88.27586206896552,556.05
FOOD002369,2026-05-29,Breakfast,Sambar,170,141,22,66.99,11388.61,12.941176470588237,82.94117647058825,1473.78
FOOD002370,2026-05-29,Breakfast,Dosa,133,113,14,33.25,4421.63,10.526315789473683,84.9624060150376,465.5
FOOD002371,2026-05-29,Breakfast,Dal,154,135,14,54.85,8446.83,9.090909090909092,87.66233766233766,767.9
FOOD002372,2026-05-29,Breakfast,Rice,130,108,22,23.39,3040.97,16.923076923076923,83.07692307692308,514.58
FOOD002373,2026-05-29,Lunch,Vegetable Curry,193,153,35,66.16,12768.69,18.134715025906736,79.27461139896373,2315.6
FOOD002374,2026-05-29,Lunch,Rice,125,104,17,26.17,3270.99,13.600000000000001,83.2,444.89000000000004
FOOD002375,2026-05-29,Lunch,Chapati,62,55,4,31.02,1922.93,6.451612903225806,88.70967741935483,124.08
FOOD002376,2026-05-29,Lunch,Dosa,241,227,14,68.76,16570.26,5.809128630705394,94.1908713692946,962.6400000000001
FOOD002377,2026-05-29,Snacks,Vegetable Curry,82,61,15,36.71,3010.37,18.29268292682927,74.39024390243902,550.65
FOOD002378,2026-05-29,Snacks,Chapati,166,142,24,70.85,11761.78,14.457831325301203,85.54216867469879,1700.3999999999999
FOOD002379,2026-05-29,Snacks,Biryani,151,141,9,34.86,5263.42,5.960264900662252,93.37748344370861,313.74
FOOD002380,2026-05-29,Snacks,Idli,180,150,27,33.71,6067.37,15.0,83.33333333333334,910.1700000000001
FOOD002381,2026-05-29,Dinner,Fried Rice,112,107,5,18.88,2114.71,4.464285714285714,95.53571428571429,94.39999999999999
FOOD002382,2026-05-29,Dinner,Idli,74,58,9,16.9,1250.38,12.162162162162163,78.37837837837837,152.1
FOOD002383,2026-05-29,Dinner,Chicken Curry,53,38,9,54.56,2891.43,16.9811320754717,71.69811320754717,491.04
FOOD002384,2026-05-29,Dinner,Rice,167,142,19,40.77,6808.84,11.377245508982035,85.02994011976048,774.6300000000001
FOOD002385,2026-05-30,Breakfast,Biryani,52,38,10,40.39,2100.47,19.230769230769234,73.07692307692307,403.9
FOOD002386,2026-05-30,Breakfast,Noodles,192,174,12,35.05,6730.52,6.25,90.625,420.59999999999997
FOOD002387,2026-05-30,Breakfast,Idli,240,216,20,26.05,6252.83,8.333333333333332,90.0,521.0
FOOD002388,2026-05-30,Breakfast,Chicken Curry,193,156,33,36.83,7108.51,17.098445595854923,80.82901554404145,1215.3899999999999
FOOD002389,2026-05-30,Lunch,Fried Rice,91,80,7,69.75,6347.11,7.6923076923076925,87.91208791208791,488.25
FOOD002390,2026-05-30,Lunch,Biryani,149,131,14,53.45,7964.24,9.395973154362416,87.91946308724832,748.3000000000001
FOOD002391,2026-05-30,Lunch,Sambar,158,139,12,32.02,5058.49,7.59493670886076,87.9746835443038,384.24
FOOD002392,2026-05-30,Lunch,Vegetable Curry,64,56,8,31.51,2016.71,12.5,87.5,252.08
FOOD002393,2026-05-30,Snacks,Curd Rice,71,51,13,54.8,3890.97,18.30985915492958,71.83098591549296,712.4
FOOD002394,2026-05-30,Snacks,Sambar,128,104,23,63.3,8102.01,17.96875,81.25,1455.8999999999999
FOOD002395,2026-05-30,Snacks,Vegetable Curry,229,193,35,25.78,5903.88,15.283842794759824,84.27947598253274,902.3000000000001
FOOD002396,2026-05-30,Snacks,Biryani,242,218,22,51.7,12510.89,9.090909090909092,90.08264462809917,1137.4
FOOD002397,2026-05-30,Dinner,Biryani,69,59,9,47.08,3248.6,13.043478260869565,85.5072463768116,423.71999999999997
FOOD002398,2026-05-30,Dinner,Idli,241,228,11,46.25,11146.3,4.564315352697095,94.6058091286307,508.75
FOOD002399,2026-05-30,Dinner,Chapati,247,216,25,16.13,3985.19,10.121457489878543,87.4493927125506,403.25
FOOD002400,2026-05-30,Dinner,Dal,185,146,32,73.79,13651.14,17.2972972972973,78.91891891891892,2361.28
FOOD002401,2026-05-31,Breakfast,Fried Rice,88,79,9,29.31,2579.32,10.227272727272728,89.77272727272727,263.78999999999996
FOOD002402,2026-05-31,Breakfast,Chapati,94,81,13,43.99,4135.1,13.829787234042554,86.17021276595744,571.87
FOOD002403,2026-05-31,Breakfast,Rice,220,190,26,70.9,15598.51,11.818181818181818,86.36363636363636,1843.4
FOOD002404,2026-05-31,Breakfast,Dal,216,175,34,74.04,15993.59,15.74074074074074,81.01851851851852,2517.36
FOOD002405,2026-05-31,Lunch,Noodles,214,176,33,67.43,14429.8,15.42056074766355,82.2429906542056,2225.19
FOOD002406,2026-05-31,Lunch,Rice,115,87,22,49.93,5741.92,19.130434782608695,75.65217391304347,1098.46
FOOD002407,2026-05-31,Lunch,Chicken Curry,184,161,21,17.35,3192.92,11.41304347826087,87.5,364.35
FOOD002408,2026-05-31,Lunch,Sambar,232,180,45,69.51,16126.73,19.396551724137932,77.58620689655173,3127.9500000000003
FOOD002409,2026-05-31,Snacks,Biryani,112,103,5,21.59,2418.58,4.464285714285714,91.96428571428571,107.95
FOOD002410,2026-05-31,Snacks,Rice,69,58,8,30.22,2084.97,11.594202898550725,84.05797101449275,241.76
FOOD002411,2026-05-31,Snacks,Vegetable Curry,119,108,10,63.86,7598.88,8.403361344537815,90.75630252100841,638.6
FOOD002412,2026-05-31,Snacks,Dal,103,86,14,63.8,6571.81,13.592233009708737,83.49514563106796,893.1999999999999
FOOD002413,2026-05-31,Dinner,Dal,67,61,3,33.6,2250.92,4.477611940298507,91.04477611940298,100.80000000000001
FOOD002414,2026-05-31,Dinner,Vegetable Curry,217,178,36,23.94,5195.94,16.589861751152075,82.02764976958525,861.84
FOOD002415,2026-05-31,Dinner,Idli,124,102,19,23.74,2944.18,15.32258064516129,82.25806451612904,451.05999999999995
FOOD002416,2026-05-31,Dinner,Dosa,119,90,22,33.63,4002.2,18.487394957983195,75.63025210084034,739.86
FOOD002417,2026-06-01,Breakfast,Noodles,110,103,7,68.54,7539.85,6.363636363636363,93.63636363636364,479.78000000000003
FOOD002418,2026-06-01,Breakfast,Biryani,166,148,18,58.72,9747.48,10.843373493975903,89.1566265060241,1056.96
FOOD002419,2026-06-01,Breakfast,Chicken Curry,151,138,7,65.55,9898.21,4.635761589403973,91.3907284768212,458.84999999999997
FOOD002420,2026-06-01,Breakfast,Idli,131,111,14,78.09,10229.62,10.687022900763358,84.7328244274809,1093.26
FOOD002421,2026-06-01,Lunch,Idli,155,137,17,54.09,8383.31,10.967741935483872,88.38709677419355,919.5300000000001
FOOD002422,2026-06-01,Lunch,Dosa,53,44,3,64.32,3408.91,5.660377358490567,83.01886792452831,192.95999999999998
FOOD002423,2026-06-01,Lunch,Chicken Curry,247,224,17,39.53,9763.51,6.882591093117409,90.68825910931174,672.01
FOOD002424,2026-06-01,Lunch,Chapati,173,153,15,61.13,10574.8,8.670520231213873,88.4393063583815,916.95
FOOD002425,2026-06-01,Snacks,Noodles,88,69,16,75.29,6625.22,18.181818181818183,78.4090909090909,1204.64
FOOD002426,2026-06-01,Snacks,Rice,229,183,39,28.79,6592.36,17.03056768558952,79.91266375545851,1122.81
FOOD002427,2026-06-01,Snacks,Chapati,54,43,8,22.77,1229.68,14.814814814814813,79.62962962962963,182.16
FOOD002428,2026-06-01,Snacks,Curd Rice,225,182,38,55.61,12513.01,16.88888888888889,80.88888888888889,2113.18
FOOD002429,2026-06-01,Dinner,Rice,122,108,11,70.88,8647.18,9.01639344262295,88.52459016393442,779.68
FOOD002430,2026-06-01,Dinner,Dosa,151,126,20,66.79,10085.45,13.245033112582782,83.44370860927152,1335.8000000000002
FOOD002431,2026-06-01,Dinner,Fried Rice,145,137,6,17.93,2599.27,4.137931034482759,94.48275862068965,107.58
FOOD002432,2026-06-01,Dinner,Chicken Curry,115,106,9,64.23,7386.62,7.82608695652174,92.17391304347827,578.07
FOOD002433,2026-06-02,Breakfast,Dal,103,82,16,53.93,5554.74,15.53398058252427,79.6116504854369,862.88
FOOD002434,2026-06-02,Breakfast,Dosa,231,185,42,54.86,12673.7,18.181818181818183,80.08658008658008,2304.12
FOOD002435,2026-06-02,Breakfast,Noodles,60,52,8,56.44,3386.33,13.333333333333334,86.66666666666667,451.52
FOOD002436,2026-06-02,Breakfast,Biryani,170,140,28,26.16,4446.57,16.470588235294116,82.35294117647058,732.48
FOOD002437,2026-06-02,Lunch,Noodles,199,182,16,40.35,8030.45,8.040201005025125,91.4572864321608,645.6
FOOD002438,2026-06-02,Lunch,Curd Rice,236,210,26,29.53,6969.02,11.016949152542372,88.98305084745762,767.78
FOOD002439,2026-06-02,Lunch,Chapati,172,140,28,77.37,13308.33,16.27906976744186,81.3953488372093,2166.36
FOOD002440,2026-06-02,Lunch,Idli,121,109,12,68.48,8286.24,9.917355371900827,90.08264462809917,821.76
FOOD002441,2026-06-02,Snacks,Chapati,124,111,8,72.44,8982.5,6.451612903225806,89.51612903225806,579.52
FOOD002442,2026-06-02,Snacks,Vegetable Curry,57,46,7,52.23,2977.01,12.280701754385964,80.7017543859649,365.60999999999996
FOOD002443,2026-06-02,Snacks,Chicken Curry,106,92,14,51.18,5424.99,13.20754716981132,86.79245283018868,716.52
FOOD002444,2026-06-02,Snacks,Sambar,234,201,27,23.6,5523.1,11.538461538461538,85.8974358974359,637.2
FOOD002445,2026-06-02,Dinner,Vegetable Curry,125,110,11,72.08,9009.71,8.799999999999999,88.0,792.88
FOOD002446,2026-06-02,Dinner,Biryani,228,214,12,74.39,16961.83,5.263157894736842,93.85964912280701,892.6800000000001
FOOD002447,2026-06-02,Dinner,Noodles,225,209,10,45.56,10250.42,4.444444444444445,92.88888888888889,455.6
FOOD002448,2026-06-02,Dinner,Chicken Curry,143,115,26,22.85,3267.97,18.181818181818183,80.41958041958041,594.1
FOOD002449,2026-06-03,Breakfast,Noodles,126,99,24,61.94,7804.82,19.047619047619047,78.57142857142857,1486.56
FOOD002450,2026-06-03,Breakfast,Biryani,233,191,39,22.92,5340.87,16.738197424892704,81.97424892703863,893.8800000000001
FOOD002451,2026-06-03,Breakfast,Sambar,207,187,18,76.25,15782.73,8.695652173913043,90.33816425120773,1372.5
FOOD002452,2026-06-03,Breakfast,Curd Rice,241,205,32,34.63,8346.03,13.278008298755188,85.06224066390041,1108.16
FOOD002453,2026-06-03,Lunch,Rice,76,65,7,18.88,1434.65,9.210526315789473,85.52631578947368,132.16
FOOD002454,2026-06-03,Lunch,Biryani,215,194,19,42.87,9216.34,8.837209302325581,90.23255813953487,814.53
FOOD002455,2026-06-03,Lunch,Noodles,96,76,17,43.63,4188.0,17.708333333333336,79.16666666666666,741.71
FOOD002456,2026-06-03,Lunch,Idli,149,135,7,66.52,9911.6,4.697986577181208,90.60402684563759,465.64
FOOD002457,2026-06-03,Snacks,Chapati,137,112,18,43.9,6014.15,13.138686131386862,81.75182481751825,790.1999999999999
FOOD002458,2026-06-03,Snacks,Curd Rice,165,131,32,19.96,3293.8,19.393939393939394,79.39393939393939,638.72
FOOD002459,2026-06-03,Snacks,Noodles,81,75,4,73.07,5918.99,4.938271604938271,92.5925925925926,292.28
FOOD002460,2026-06-03,Snacks,Sambar,153,144,8,35.3,5400.52,5.228758169934641,94.11764705882352,282.4
FOOD002461,2026-06-03,Dinner,Rice,218,201,17,47.22,10294.01,7.79816513761468,92.20183486238533,802.74
FOOD002462,2026-06-03,Dinner,Chicken Curry,143,123,16,77.02,11014.11,11.188811188811188,86.01398601398601,1232.32
FOOD002463,2026-06-03,Dinner,Idli,133,110,20,33.36,4436.41,15.037593984962406,82.70676691729322,667.2
FOOD002464,2026-06-03,Dinner,Dosa,86,73,6,77.59,6673.14,6.976744186046512,84.88372093023256,465.54
FOOD002465,2026-06-04,Breakfast,Sambar,168,143,18,62.07,10427.89,10.714285714285714,85.11904761904762,1117.26
FOOD002466,2026-06-04,Breakfast,Rice,174,155,12,62.21,10824.74,6.896551724137931,89.08045977011494,746.52
FOOD002467,2026-06-04,Breakfast,Biryani,162,126,32,16.2,2624.04,19.753086419753085,77.77777777777779,518.4
FOOD002468,2026-06-04,Breakfast,Chicken Curry,243,228,12,72.27,17561.65,4.938271604938271,93.82716049382715,867.24
FOOD002469,2026-06-04,Lunch,Chicken Curry,212,180,29,42.12,8930.1,13.679245283018867,84.90566037735849,1221.48
FOOD002470,2026-06-04,Lunch,Curd Rice,117,99,12,34.52,4038.5,10.256410256410255,84.61538461538461,414.24
FOOD002471,2026-06-04,Lunch,Sambar,171,158,13,29.92,5115.93,7.602339181286549,92.39766081871345,388.96000000000004
FOOD002472,2026-06-04,Lunch,Fried Rice,143,127,14,54.11,7738.37,9.79020979020979,88.81118881118881,757.54
FOOD002473,2026-06-04,Snacks,Vegetable Curry,170,161,8,61.85,10514.34,4.705882352941177,94.70588235294117,494.8
FOOD002474,2026-06-04,Snacks,Biryani,157,138,12,47.06,7388.27,7.643312101910828,87.89808917197452,564.72
FOOD002475,2026-06-04,Snacks,Idli,166,133,29,65.74,10912.31,17.46987951807229,80.12048192771084,1906.4599999999998
FOOD002476,2026-06-04,Snacks,Rice,182,169,10,37.19,6767.74,5.4945054945054945,92.85714285714286,371.9
FOOD002477,2026-06-04,Dinner,Chicken Curry,117,106,10,43.72,5115.19,8.547008547008547,90.5982905982906,437.2
FOOD002478,2026-06-04,Dinner,Sambar,241,216,22,34.4,8291.17,9.12863070539419,89.62655601659752,756.8
FOOD002479,2026-06-04,Dinner,Chapati,240,224,14,64.67,15521.63,5.833333333333333,93.33333333333333,905.38
FOOD002480,2026-06-04,Dinner,Vegetable Curry,104,86,15,43.33,4506.36,14.423076923076922,82.6923076923077,649.9499999999999
FOOD002481,2026-06-05,Breakfast,Vegetable Curry,172,144,25,76.45,13148.92,14.534883720930234,83.72093023255815,1911.25
FOOD002482,2026-06-05,Breakfast,Dosa,202,171,24,44.21,8929.94,11.881188118811881,84.65346534653465,1061.04
FOOD002483,2026-06-05,Breakfast,Sambar,152,120,28,73.35,11149.02,18.421052631578945,78.94736842105263,2053.7999999999997
FOOD002484,2026-06-05,Breakfast,Chapati,238,188,44,40.35,9603.4,18.487394957983195,78.99159663865547,1775.4
FOOD002485,2026-06-05,Lunch,Chicken Curry,113,84,22,26.73,3020.76,19.469026548672566,74.33628318584071,588.0600000000001
FOOD002486,2026-06-05,Lunch,Chapati,120,98,21,60.0,7199.74,17.5,81.66666666666667,1260.0
FOOD002487,2026-06-05,Lunch,Curd Rice,178,141,33,50.06,8910.78,18.53932584269663,79.21348314606742,1651.98
FOOD002488,2026-06-05,Lunch,Dosa,242,228,10,29.57,7155.81,4.132231404958678,94.21487603305785,295.7
FOOD002489,2026-06-05,Snacks,Noodles,189,172,17,61.52,11626.52,8.994708994708994,91.005291005291,1045.8400000000001
FOOD002490,2026-06-05,Snacks,Sambar,243,220,18,46.86,11386.31,7.4074074074074066,90.53497942386831,843.48
FOOD002491,2026-06-05,Snacks,Curd Rice,178,165,8,75.45,13429.68,4.49438202247191,92.69662921348315,603.6
FOOD002492,2026-06-05,Snacks,Fried Rice,175,165,8,71.51,12514.93,4.571428571428571,94.28571428571428,572.08
FOOD002493,2026-06-05,Dinner,Noodles,171,146,24,59.77,10221.41,14.035087719298245,85.38011695906432,1434.48
FOOD002494,2026-06-05,Dinner,Dosa,138,116,16,50.81,7011.8,11.594202898550725,84.05797101449275,812.96
FOOD002495,2026-06-05,Dinner,Idli,140,115,18,49.01,6861.02,12.857142857142856,82.14285714285714,882.18
FOOD002496,2026-06-05,Dinner,Rice,189,173,10,49.08,9275.56,5.291005291005291,91.53439153439153,490.79999999999995
FOOD002497,2026-06-06,Breakfast,Biryani,238,205,29,26.85,6390.94,12.184873949579831,86.1344537815126,778.6500000000001
FOOD002498,2026-06-06,Breakfast,Dosa,176,146,28,25.35,4462.44,15.909090909090908,82.95454545454545,709.8000000000001
FOOD002499,2026-06-06,Breakfast,Noodles,144,112,27,20.5,2952.58,18.75,77.77777777777779,553.5
FOOD002500,2026-06-06,Breakfast,Sambar,170,159,7,39.99,6798.02,4.117647058823529,93.52941176470588,279.93
FOOD002501,2026-06-06,Lunch,Rice,132,111,21,57.92,7645.25,15.909090909090908,84.0909090909091,1216.32
FOOD002502,2026-06-06,Lunch,Curd Rice,148,120,27,39.3,5816.4,18.243243243243242,81.08108108108108,1061.1
FOOD002503,2026-06-06,Lunch,Sambar,138,120,16,31.99,4415.12,11.594202898550725,86.95652173913044,511.84
FOOD002504,2026-06-06,Lunch,Noodles,65,56,6,78.02,5071.35,9.230769230769232,86.15384615384616,468.12
FOOD002505,2026-06-06,Snacks,Vegetable Curry,117,92,21,25.66,3002.28,17.94871794871795,78.63247863247864,538.86
FOOD002506,2026-06-06,Snacks,Sambar,227,195,32,51.57,11707.21,14.096916299559473,85.90308370044053,1650.24
FOOD002507,2026-06-06,Snacks,Chapati,153,136,12,76.05,11635.67,7.8431372549019605,88.88888888888889,912.5999999999999
FOOD002508,2026-06-06,Snacks,Biryani,236,213,19,44.54,10510.27,8.050847457627118,90.2542372881356,846.26
FOOD002509,2026-06-06,Dinner,Vegetable Curry,73,65,4,18.39,1342.54,5.47945205479452,89.04109589041096,73.56
FOOD002510,2026-06-06,Dinner,Noodles,123,106,14,54.55,6709.17,11.38211382113821,86.1788617886179,763.6999999999999
FOOD002511,2026-06-06,Dinner,Sambar,109,90,19,38.76,4224.45,17.431192660550458,82.56880733944955,736.4399999999999
FOOD002512,2026-06-06,Dinner,Chicken Curry,247,221,26,62.39,15410.01,10.526315789473683,89.47368421052632,1622.14
FOOD002513,2026-06-07,Breakfast,Noodles,108,94,12,40.14,4335.55,11.11111111111111,87.03703703703704,481.68
FOOD002514,2026-06-07,Breakfast,Dal,63,49,12,72.6,4573.57,19.047619047619047,77.77777777777779,871.1999999999999
FOOD002515,2026-06-07,Breakfast,Curd Rice,65,55,8,69.78,4535.39,12.307692307692308,84.61538461538461,558.24
FOOD002516,2026-06-07,Breakfast,Chicken Curry,222,179,36,40.66,9026.31,16.216216216216218,80.63063063063063,1463.7599999999998
FOOD002517,2026-06-07,Lunch,Rice,149,114,28,63.47,9456.81,18.79194630872483,76.51006711409396,1777.1599999999999
FOOD002518,2026-06-07,Lunch,Fried Rice,181,144,30,43.95,7954.1,16.574585635359114,79.55801104972376,1318.5
FOOD002519,2026-06-07,Lunch,Sambar,121,102,12,27.56,3334.19,9.917355371900827,84.29752066115702,330.71999999999997
FOOD002520,2026-06-07,Lunch,Noodles,105,87,15,60.12,6312.89,14.285714285714285,82.85714285714286,901.8
FOOD002521,2026-06-07,Snacks,Sambar,183,170,9,36.9,6752.79,4.918032786885246,92.89617486338798,332.09999999999997
FOOD002522,2026-06-07,Snacks,Noodles,112,89,20,34.02,3809.84,17.857142857142858,79.46428571428571,680.4000000000001
FOOD002523,2026-06-07,Snacks,Rice,121,114,5,68.29,8262.62,4.132231404958678,94.21487603305785,341.45000000000005
FOOD002524,2026-06-07,Snacks,Chicken Curry,223,177,42,17.89,3990.14,18.83408071748879,79.37219730941703,751.38
FOOD002525,2026-06-07,Dinner,Noodles,51,45,6,49.24,2511.07,11.76470588235294,88.23529411764706,295.44
FOOD002526,2026-06-07,Dinner,Vegetable Curry,155,144,11,46.09,7144.21,7.096774193548387,92.90322580645162,506.99
FOOD002527,2026-06-07,Dinner,Dal,231,208,20,58.83,13590.47,8.658008658008658,90.04329004329004,1176.6
FOOD002528,2026-06-07,Dinner,Dosa,234,204,25,71.76,16791.55,10.683760683760683,87.17948717948718,1794.0000000000002
FOOD002529,2026-06-08,Breakfast,Curd Rice,172,149,21,50.13,8623.02,12.209302325581394,86.62790697674419,1052.73
FOOD002530,2026-06-08,Breakfast,Idli,164,128,30,35.54,5828.49,18.29268292682927,78.04878048780488,1066.2
FOOD002531,2026-06-08,Breakfast,Biryani,125,109,13,15.35,1919.03,10.4,87.2,199.54999999999998
FOOD002532,2026-06-08,Breakfast,Vegetable Curry,110,90,16,53.0,5830.23,14.545454545454545,81.81818181818183,848.0
FOOD002533,2026-06-08,Lunch,Sambar,109,100,6,66.08,7202.92,5.5045871559633035,91.74311926605505,396.48
FOOD002534,2026-06-08,Lunch,Biryani,116,89,21,22.63,2625.17,18.103448275862068,76.72413793103449,475.22999999999996
FOOD002535,2026-06-08,Lunch,Chicken Curry,191,176,14,29.4,5615.71,7.329842931937172,92.14659685863874,411.59999999999997
FOOD002536,2026-06-08,Lunch,Dosa,88,72,10,62.16,5470.07,11.363636363636363,81.81818181818183,621.5999999999999
FOOD002537,2026-06-08,Snacks,Dal,115,99,10,51.33,5902.79,8.695652173913043,86.08695652173914,513.3
FOOD002538,2026-06-08,Snacks,Chicken Curry,153,134,19,39.3,6013.11,12.418300653594772,87.58169934640523,746.6999999999999
FOOD002539,2026-06-08,Snacks,Fried Rice,109,90,12,77.22,8416.62,11.009174311926607,82.56880733944955,926.64
FOOD002540,2026-06-08,Snacks,Rice,214,170,42,65.22,13957.1,19.626168224299064,79.43925233644859,2739.24
FOOD002541,2026-06-08,Dinner,Biryani,222,192,30,74.85,16617.22,13.513513513513514,86.48648648648648,2245.5
FOOD002542,2026-06-08,Dinner,Dal,168,147,21,54.74,9196.07,12.5,87.5,1149.54
FOOD002543,2026-06-08,Dinner,Rice,191,165,21,62.6,11957.45,10.99476439790576,86.38743455497382,1314.6000000000001
FOOD002544,2026-06-08,Dinner,Chicken Curry,241,199,42,63.07,15198.74,17.42738589211618,82.57261410788381,2648.94
FOOD002545,2026-06-09,Breakfast,Dal,69,60,6,22.66,1563.87,8.695652173913043,86.95652173913044,135.96
FOOD002546,2026-06-09,Breakfast,Dosa,113,96,15,37.63,4252.35,13.274336283185843,84.95575221238938,564.45
FOOD002547,2026-06-09,Breakfast,Noodles,125,105,13,56.53,7066.61,10.4,84.0,734.89
FOOD002548,2026-06-09,Breakfast,Fried Rice,59,51,2,55.83,3294.03,3.389830508474576,86.4406779661017,111.66
FOOD002549,2026-06-09,Lunch,Dosa,101,86,14,19.71,1990.83,13.861386138613863,85.14851485148515,275.94
FOOD002550,2026-06-09,Lunch,Dal,242,214,21,34.21,8278.55,8.677685950413224,88.42975206611571,718.41
FOOD002551,2026-06-09,Lunch,Vegetable Curry,229,195,28,58.59,13416.71,12.22707423580786,85.1528384279476,1640.52
FOOD002552,2026-06-09,Lunch,Rice,70,61,7,50.56,3539.17,10.0,87.14285714285714,353.92
FOOD002553,2026-06-09,Snacks,Chapati,235,196,35,48.4,11373.24,14.893617021276595,83.40425531914893,1694.0
FOOD002554,2026-06-09,Snacks,Vegetable Curry,108,101,5,63.77,6887.31,4.62962962962963,93.51851851851852,318.85
FOOD002555,2026-06-09,Snacks,Dosa,244,202,36,32.33,7889.74,14.754098360655737,82.78688524590164,1163.8799999999999
FOOD002556,2026-06-09,Snacks,Dal,210,182,26,74.5,15645.19,12.380952380952381,86.66666666666667,1937.0
FOOD002557,2026-06-09,Dinner,Curd Rice,147,123,23,71.69,10538.63,15.646258503401361,83.6734693877551,1648.87
FOOD002558,2026-06-09,Dinner,Chicken Curry,142,116,24,41.28,5862.42,16.901408450704224,81.69014084507043,990.72
FOOD002559,2026-06-09,Dinner,Biryani,210,185,24,78.27,16437.14,11.428571428571429,88.09523809523809,1878.48
FOOD002560,2026-06-09,Dinner,Rice,141,128,11,53.53,7547.12,7.801418439716312,90.78014184397163,588.83
FOOD002561,2026-06-10,Breakfast,Sambar,222,175,41,21.48,4767.69,18.46846846846847,78.82882882882883,880.6800000000001
FOOD002562,2026-06-10,Breakfast,Dosa,99,91,5,22.05,2182.88,5.05050505050505,91.91919191919192,110.25
FOOD002563,2026-06-10,Breakfast,Idli,105,86,19,33.12,3477.84,18.095238095238095,81.9047619047619,629.28
FOOD002564,2026-06-10,Breakfast,Dal,204,169,31,18.82,3839.62,15.196078431372548,82.84313725490196,583.42
FOOD002565,2026-06-10,Lunch,Chapati,235,218,15,30.46,7157.07,6.382978723404255,92.76595744680851,456.90000000000003
FOOD002566,2026-06-10,Lunch,Chicken Curry,164,154,7,72.59,11904.37,4.2682926829268295,93.90243902439023,508.13
FOOD002567,2026-06-10,Lunch,Noodles,55,45,7,27.01,1485.82,12.727272727272727,81.81818181818183,189.07000000000002
FOOD002568,2026-06-10,Lunch,Biryani,85,71,9,56.53,4804.85,10.588235294117647,83.52941176470588,508.77
FOOD002569,2026-06-10,Snacks,Dosa,65,52,12,55.81,3627.33,18.461538461538463,80.0,669.72
FOOD002570,2026-06-10,Snacks,Chapati,239,211,24,35.33,8443.54,10.0418410041841,88.28451882845188,847.92
FOOD002571,2026-06-10,Snacks,Sambar,107,97,5,57.36,6137.19,4.672897196261682,90.65420560747664,286.8
FOOD002572,2026-06-10,Snacks,Rice,122,100,22,33.29,4061.6,18.0327868852459,81.9672131147541,732.38
FOOD002573,2026-06-10,Dinner,Vegetable Curry,214,201,12,53.68,11487.47,5.607476635514018,93.92523364485982,644.16
FOOD002574,2026-06-10,Dinner,Curd Rice,55,44,5,46.52,2558.59,9.090909090909092,80.0,232.60000000000002
FOOD002575,2026-06-10,Dinner,Chicken Curry,92,87,5,49.21,4527.72,5.434782608695652,94.56521739130434,246.05
FOOD002576,2026-06-10,Dinner,Dosa,188,158,26,21.17,3980.56,13.829787234042554,84.04255319148936,550.4200000000001
FOOD002577,2026-06-11,Breakfast,Chicken Curry,176,152,18,31.91,5615.61,10.227272727272728,86.36363636363636,574.38
FOOD002578,2026-06-11,Breakfast,Idli,103,82,15,24.81,2555.12,14.563106796116504,79.6116504854369,372.15
FOOD002579,2026-06-11,Breakfast,Chapati,223,213,9,73.75,16446.56,4.0358744394618835,95.51569506726457,663.75
FOOD002580,2026-06-11,Breakfast,Fried Rice,93,82,7,33.51,3116.49,7.526881720430108,88.17204301075269,234.57
FOOD002581,2026-06-11,Lunch,Rice,128,117,7,63.42,8118.11,5.46875,91.40625,443.94
FOOD002582,2026-06-11,Lunch,Fried Rice,119,101,12,79.57,9468.55,10.084033613445378,84.87394957983193,954.8399999999999
FOOD002583,2026-06-11,Lunch,Dal,198,179,16,50.79,10055.77,8.080808080808081,90.40404040404042,812.64
FOOD002584,2026-06-11,Lunch,Curd Rice,62,47,11,29.2,1810.14,17.741935483870968,75.80645161290323,321.2
FOOD002585,2026-06-11,Snacks,Curd Rice,191,158,30,27.43,5239.6,15.706806282722512,82.72251308900523,822.9
FOOD002586,2026-06-11,Snacks,Vegetable Curry,238,223,13,45.42,10808.92,5.46218487394958,93.69747899159664,590.46
FOOD002587,2026-06-11,Snacks,Chapati,93,78,11,56.32,5238.03,11.827956989247312,83.87096774193549,619.52
FOOD002588,2026-06-11,Snacks,Fried Rice,186,154,26,31.37,5834.58,13.978494623655912,82.79569892473118,815.62
FOOD002589,2026-06-11,Dinner,Noodles,208,175,28,66.8,13894.75,13.461538461538462,84.13461538461539,1870.3999999999999
FOOD002590,2026-06-11,Dinner,Chapati,132,123,8,27.61,3644.89,6.0606060606060606,93.18181818181817,220.88
FOOD002591,2026-06-11,Dinner,Rice,220,198,15,60.97,13413.43,6.8181818181818175,90.0,914.55
FOOD002592,2026-06-11,Dinner,Sambar,164,139,25,45.49,7460.33,15.24390243902439,84.7560975609756,1137.25
FOOD002593,2026-06-12,Breakfast,Idli,115,95,14,27.05,3110.33,12.173913043478262,82.6086956521739,378.7
FOOD002594,2026-06-12,Breakfast,Vegetable Curry,161,146,11,48.58,7820.9,6.832298136645963,90.6832298136646,534.38
FOOD002595,2026-06-12,Breakfast,Chapati,162,130,30,56.14,9094.0,18.51851851851852,80.24691358024691,1684.2
FOOD002596,2026-06-12,Breakfast,Fried Rice,189,154,32,35.51,6712.18,16.93121693121693,81.48148148148148,1136.32
FOOD002597,2026-06-12,Lunch,Chapati,216,170,41,78.71,17000.4,18.98148148148148,78.70370370370371,3227.1099999999997
FOOD002598,2026-06-12,Lunch,Rice,244,208,36,53.59,13074.87,14.754098360655737,85.24590163934425,1929.2400000000002
FOOD002599,2026-06-12,Lunch,Idli,110,103,5,44.55,4900.91,4.545454545454546,93.63636363636364,222.75
FOOD002600,2026-06-12,Lunch,Noodles,152,122,29,40.99,6230.96,19.078947368421055,80.26315789473685,1188.71
FOOD002601,2026-06-12,Snacks,Rice,244,218,25,76.2,18593.08,10.245901639344263,89.34426229508196,1905.0
FOOD002602,2026-06-12,Snacks,Fried Rice,192,174,14,70.1,13458.3,7.291666666666667,90.625,981.3999999999999
FOOD002603,2026-06-12,Snacks,Chapati,149,131,17,71.66,10677.22,11.409395973154362,87.91946308724832,1218.22
FOOD002604,2026-06-12,Snacks,Vegetable Curry,98,86,8,21.25,2082.68,8.16326530612245,87.75510204081633,170.0
FOOD002605,2026-06-12,Dinner,Chicken Curry,123,116,6,66.15,8136.05,4.878048780487805,94.3089430894309,396.90000000000003
FOOD002606,2026-06-12,Dinner,Dal,96,77,18,71.34,6849.11,18.75,80.20833333333334,1284.1200000000001
FOOD002607,2026-06-12,Dinner,Curd Rice,195,153,36,54.18,10565.2,18.461538461538463,78.46153846153847,1950.48
FOOD002608,2026-06-12,Dinner,Noodles,98,80,12,37.15,3640.71,12.244897959183673,81.63265306122449,445.79999999999995
FOOD002609,2026-06-13,Breakfast,Vegetable Curry,60,46,11,67.34,4040.39,18.333333333333332,76.66666666666667,740.74
FOOD002610,2026-06-13,Breakfast,Rice,230,196,29,29.26,6728.68,12.608695652173912,85.21739130434783,848.5400000000001
FOOD002611,2026-06-13,Breakfast,Dosa,194,182,8,39.06,7576.83,4.123711340206185,93.81443298969072,312.48
FOOD002612,2026-06-13,Breakfast,Sambar,174,164,9,72.18,12559.85,5.172413793103448,94.25287356321839,649.6200000000001
FOOD002613,2026-06-13,Lunch,Dal,155,121,28,33.72,5226.09,18.064516129032256,78.06451612903226,944.16
FOOD002614,2026-06-13,Lunch,Biryani,236,187,42,39.76,9384.24,17.796610169491526,79.23728813559322,1669.9199999999998
FOOD002615,2026-06-13,Lunch,Fried Rice,85,69,12,67.52,5738.94,14.117647058823529,81.17647058823529,810.24
FOOD002616,2026-06-13,Lunch,Idli,239,201,34,20.31,4853.15,14.225941422594143,84.10041841004184,690.54
FOOD002617,2026-06-13,Snacks,Dal,233,206,26,31.14,7255.15,11.158798283261802,88.41201716738198,809.64
FOOD002618,2026-06-13,Snacks,Idli,114,103,5,56.25,6412.6,4.385964912280701,90.35087719298247,281.25
FOOD002619,2026-06-13,Snacks,Curd Rice,111,94,11,66.99,7436.0,9.90990990990991,84.68468468468468,736.89
FOOD002620,2026-06-13,Snacks,Dosa,193,158,34,15.69,3027.94,17.616580310880828,81.86528497409327,533.46
FOOD002621,2026-06-13,Dinner,Sambar,124,100,23,29.6,3670.35,18.548387096774192,80.64516129032258,680.8000000000001
FOOD002622,2026-06-13,Dinner,Chicken Curry,142,123,15,50.21,7129.37,10.56338028169014,86.61971830985915,753.15
FOOD002623,2026-06-13,Dinner,Chapati,126,119,6,68.47,8627.5,4.761904761904762,94.44444444444444,410.82
FOOD002624,2026-06-13,Dinner,Noodles,243,220,21,28.18,6848.31,8.641975308641975,90.53497942386831,591.78
FOOD002625,2026-06-14,Breakfast,Idli,176,159,16,44.29,7795.22,9.090909090909092,90.3409090909091,708.64
FOOD002626,2026-06-14,Breakfast,Fried Rice,143,120,20,32.11,4591.28,13.986013986013987,83.91608391608392,642.2
FOOD002627,2026-06-14,Breakfast,Curd Rice,181,140,34,43.88,7941.55,18.784530386740332,77.34806629834254,1491.92
FOOD002628,2026-06-14,Breakfast,Vegetable Curry,132,108,20,60.11,7934.57,15.151515151515152,81.81818181818183,1202.2
FOOD002629,2026-06-14,Lunch,Biryani,222,204,16,53.63,11905.7,7.207207207207207,91.8918918918919,858.08
FOOD002630,2026-06-14,Lunch,Noodles,219,207,12,29.64,6491.02,5.47945205479452,94.52054794520548,355.68
FOOD002631,2026-06-14,Lunch,Vegetable Curry,208,167,40,36.56,7604.64,19.230769230769234,80.28846153846155,1462.4
FOOD002632,2026-06-14,Lunch,Fried Rice,173,157,15,23.2,4013.07,8.670520231213873,90.7514450867052,348.0
FOOD002633,2026-06-14,Snacks,Fried Rice,124,102,21,45.8,5678.67,16.93548387096774,82.25806451612904,961.8
FOOD002634,2026-06-14,Snacks,Idli,120,112,8,62.62,7514.91,6.666666666666667,93.33333333333333,500.96
FOOD002635,2026-06-14,Snacks,Dosa,101,90,9,55.27,5582.23,8.91089108910891,89.10891089108911,497.43
FOOD002636,2026-06-14,Snacks,Sambar,246,219,20,18.72,4603.92,8.130081300813007,89.02439024390245,374.4
FOOD002637,2026-06-14,Dinner,Fried Rice,109,98,6,77.21,8415.94,5.5045871559633035,89.90825688073394,463.26
FOOD002638,2026-06-14,Dinner,Chapati,50,44,6,49.1,2454.82,12.0,88.0,294.6
FOOD002639,2026-06-14,Dinner,Rice,112,88,19,38.01,4257.22,16.964285714285715,78.57142857142857,722.1899999999999
FOOD002640,2026-06-14,Dinner,Chicken Curry,221,202,19,74.95,16563.19,8.597285067873303,91.4027149321267,1424.05
FOOD002641,2026-06-15,Breakfast,Vegetable Curry,201,188,10,57.96,11650.73,4.975124378109453,93.53233830845771,579.6
FOOD002642,2026-06-15,Breakfast,Dosa,149,133,14,19.24,2867.26,9.395973154362416,89.26174496644296,269.35999999999996
FOOD002643,2026-06-15,Breakfast,Sambar,234,199,29,52.14,12200.46,12.393162393162394,85.04273504273505,1512.06
FOOD002644,2026-06-15,Breakfast,Biryani,65,49,10,30.63,1991.08,15.384615384615385,75.38461538461539,306.3
FOOD002645,2026-06-15,Lunch,Idli,105,91,13,28.73,3016.33,12.380952380952381,86.66666666666667,373.49
FOOD002646,2026-06-15,Lunch,Dosa,130,124,5,50.93,6620.48,3.8461538461538463,95.38461538461539,254.65
FOOD002647,2026-06-15,Lunch,Noodles,178,138,35,53.46,9516.58,19.662921348314608,77.52808988764045,1871.1000000000001
FOOD002648,2026-06-15,Lunch,Fried Rice,136,113,19,64.18,8728.6,13.970588235294118,83.08823529411765,1219.42
FOOD002649,2026-06-15,Snacks,Idli,194,154,35,65.27,12662.11,18.04123711340206,79.38144329896907,2284.45
FOOD002650,2026-06-15,Snacks,Chicken Curry,220,192,28,78.97,17372.95,12.727272727272727,87.27272727272727,2211.16
FOOD002651,2026-06-15,Snacks,Vegetable Curry,185,178,7,40.78,7544.9,3.783783783783784,96.21621621621622,285.46000000000004
FOOD002652,2026-06-15,Snacks,Sambar,213,201,10,54.66,11643.11,4.694835680751173,94.36619718309859,546.5999999999999
FOOD002653,2026-06-15,Dinner,Chapati,212,196,12,47.76,10124.93,5.660377358490567,92.45283018867924,573.12
FOOD002654,2026-06-15,Dinner,Curd Rice,115,97,13,26.83,3085.24,11.304347826086957,84.34782608695653,348.78999999999996
FOOD002655,2026-06-15,Dinner,Fried Rice,159,142,12,65.12,10354.34,7.547169811320755,89.30817610062893,781.44
FOOD002656,2026-06-15,Dinner,Vegetable Curry,245,216,22,64.72,15857.38,8.979591836734693,88.16326530612245,1423.84
FOOD002657,2026-06-16,Breakfast,Dosa,102,87,10,58.75,5992.76,9.803921568627452,85.29411764705883,587.5
FOOD002658,2026-06-16,Breakfast,Idli,167,158,7,63.34,10578.0,4.191616766467066,94.61077844311377,443.38
FOOD002659,2026-06-16,Breakfast,Vegetable Curry,105,94,5,39.06,4101.43,4.761904761904762,89.52380952380953,195.3
FOOD002660,2026-06-16,Breakfast,Dal,125,113,6,41.57,5196.14,4.8,90.4,249.42000000000002
FOOD002661,2026-06-16,Lunch,Curd Rice,120,111,5,79.16,9499.2,4.166666666666666,92.5,395.79999999999995
FOOD002662,2026-06-16,Lunch,Chapati,166,150,11,79.59,13211.69,6.626506024096386,90.36144578313254,875.49
FOOD002663,2026-06-16,Lunch,Idli,130,116,13,22.49,2923.1,10.0,89.23076923076924,292.37
FOOD002664,2026-06-16,Lunch,Dal,129,108,17,27.85,3592.36,13.178294573643413,83.72093023255815,473.45000000000005
FOOD002665,2026-06-16,Snacks,Vegetable Curry,161,151,9,45.78,7370.36,5.590062111801243,93.7888198757764,412.02
FOOD002666,2026-06-16,Snacks,Idli,247,205,38,21.37,5278.05,15.384615384615385,82.99595141700405,812.0600000000001
FOOD002667,2026-06-16,Snacks,Noodles,120,105,10,19.48,2337.01,8.333333333333332,87.5,194.8
FOOD002668,2026-06-16,Snacks,Rice,209,167,36,25.09,5244.22,17.22488038277512,79.90430622009569,903.24
FOOD002669,2026-06-16,Dinner,Biryani,64,54,10,22.2,1420.8,15.625,84.375,222.0
FOOD002670,2026-06-16,Dinner,Curd Rice,126,115,7,56.59,7130.78,5.555555555555555,91.26984126984127,396.13
FOOD002671,2026-06-16,Dinner,Noodles,81,76,4,20.67,1674.57,4.938271604938271,93.82716049382715,82.68
FOOD002672,2026-06-16,Dinner,Idli,216,188,24,32.82,7089.15,11.11111111111111,87.03703703703704,787.6800000000001
FOOD002673,2026-06-17,Breakfast,Idli,229,196,31,60.62,13881.35,13.537117903930133,85.58951965065502,1879.22
FOOD002674,2026-06-17,Breakfast,Biryani,50,38,9,38.5,1924.89,18.0,76.0,346.5
FOOD002675,2026-06-17,Breakfast,Sambar,182,157,18,39.94,7269.27,9.89010989010989,86.26373626373626,718.92
FOOD002676,2026-06-17,Breakfast,Chicken Curry,139,125,10,48.71,6770.06,7.194244604316546,89.92805755395683,487.1
FOOD002677,2026-06-17,Lunch,Curd Rice,193,163,30,54.04,10429.0,15.544041450777202,84.4559585492228,1621.2
FOOD002678,2026-06-17,Lunch,Dosa,221,194,22,54.52,12049.29,9.95475113122172,87.78280542986425,1199.44
FOOD002679,2026-06-17,Lunch,Fried Rice,52,45,2,77.46,4027.87,3.8461538461538463,86.53846153846155,154.92
FOOD002680,2026-06-17,Lunch,Vegetable Curry,232,196,34,70.21,16287.69,14.655172413793101,84.48275862068965,2387.14
FOOD002681,2026-06-17,Snacks,Chicken Curry,227,192,29,52.67,11955.16,12.77533039647577,84.58149779735683,1527.43
FOOD002682,2026-06-17,Snacks,Sambar,242,223,13,18.49,4475.4,5.371900826446281,92.14876033057851,240.36999999999998
FOOD002683,2026-06-17,Snacks,Rice,117,94,17,55.93,6543.7,14.529914529914532,80.34188034188034,950.81
FOOD002684,2026-06-17,Snacks,Idli,183,172,10,72.87,13335.73,5.46448087431694,93.98907103825137,728.7
FOOD002685,2026-06-17,Dinner,Vegetable Curry,133,107,26,37.36,4968.23,19.548872180451127,80.45112781954887,971.36
FOOD002686,2026-06-17,Dinner,Dosa,249,202,47,18.11,4510.06,18.87550200803213,81.12449799196787,851.17
FOOD002687,2026-06-17,Dinner,Chapati,71,62,9,70.74,5022.7,12.676056338028168,87.32394366197182,636.66
FOOD002688,2026-06-17,Dinner,Rice,142,113,27,78.01,11077.2,19.014084507042252,79.5774647887324,2106.27
FOOD002689,2026-06-18,Breakfast,Rice,122,113,8,59.6,7270.86,6.557377049180328,92.62295081967213,476.8
FOOD002690,2026-06-18,Breakfast,Curd Rice,192,168,17,22.65,4347.86,8.854166666666668,87.5,385.04999999999995
FOOD002691,2026-06-18,Breakfast,Noodles,134,123,10,38.08,5102.97,7.462686567164178,91.7910447761194,380.79999999999995
FOOD002692,2026-06-18,Breakfast,Chapati,157,132,18,41.94,6584.53,11.464968152866243,84.07643312101911,754.92
FOOD002693,2026-06-18,Lunch,Curd Rice,71,54,10,38.12,2706.36,14.084507042253522,76.05633802816901,381.2
FOOD002694,2026-06-18,Lunch,Chicken Curry,64,49,9,53.61,3430.85,14.0625,76.5625,482.49
FOOD002695,2026-06-18,Lunch,Idli,193,160,26,31.28,6036.94,13.471502590673575,82.90155440414507,813.28
FOOD002696,2026-06-18,Lunch,Fried Rice,90,77,7,56.93,5123.82,7.777777777777778,85.55555555555556,398.51
FOOD002697,2026-06-18,Snacks,Vegetable Curry,163,136,27,45.79,7464.5,16.56441717791411,83.43558282208589,1236.33
FOOD002698,2026-06-18,Snacks,Chicken Curry,104,94,8,71.5,7436.31,7.6923076923076925,90.38461538461539,572.0
FOOD002699,2026-06-18,Snacks,Dosa,72,68,4,73.33,5279.46,5.555555555555555,94.44444444444444,293.32
FOOD002700,2026-06-18,Snacks,Fried Rice,55,47,2,20.81,1144.38,3.6363636363636362,85.45454545454545,41.62
FOOD002701,2026-06-18,Dinner,Dosa,60,50,5,23.41,1404.52,8.333333333333332,83.33333333333334,117.05
FOOD002702,2026-06-18,Dinner,Sambar,244,227,14,75.06,18315.81,5.737704918032787,93.0327868852459,1050.8400000000001
FOOD002703,2026-06-18,Dinner,Chapati,249,223,22,67.77,16873.71,8.835341365461847,89.5582329317269,1490.9399999999998
FOOD002704,2026-06-18,Dinner,Noodles,236,200,30,24.52,5786.73,12.711864406779661,84.7457627118644,735.6
FOOD002705,2026-06-19,Breakfast,Biryani,205,167,32,28.38,5818.38,15.609756097560975,81.46341463414633,908.16
FOOD002706,2026-06-19,Breakfast,Sambar,242,218,20,61.08,14780.78,8.264462809917356,90.08264462809917,1221.6
FOOD002707,2026-06-19,Breakfast,Chapati,202,184,12,32.73,6610.54,5.9405940594059405,91.0891089108911,392.76
FOOD002708,2026-06-19,Breakfast,Vegetable Curry,212,174,31,23.5,4981.27,14.622641509433961,82.0754716981132,728.5
FOOD002709,2026-06-19,Lunch,Rice,204,163,39,20.83,4249.31,19.11764705882353,79.90196078431373,812.3699999999999
FOOD002710,2026-06-19,Lunch,Dosa,129,117,6,57.93,7473.07,4.651162790697675,90.69767441860465,347.58
FOOD002711,2026-06-19,Lunch,Fried Rice,137,119,13,32.59,4464.48,9.48905109489051,86.86131386861314,423.6700000000001
FOOD002712,2026-06-19,Lunch,Chapati,235,191,37,16.19,3804.78,15.74468085106383,81.27659574468085,599.0300000000001
FOOD002713,2026-06-19,Snacks,Noodles,83,68,14,36.36,3017.76,16.867469879518072,81.92771084337349,509.03999999999996
FOOD002714,2026-06-19,Snacks,Idli,169,136,26,45.19,7636.5,15.384615384615385,80.4733727810651,1174.94
FOOD002715,2026-06-19,Snacks,Rice,76,70,3,17.31,1315.25,3.9473684210526314,92.10526315789474,51.92999999999999
FOOD002716,2026-06-19,Snacks,Curd Rice,231,215,11,50.97,11773.74,4.761904761904762,93.07359307359307,560.67
FOOD002717,2026-06-19,Dinner,Sambar,171,142,24,41.68,7127.75,14.035087719298245,83.04093567251462,1000.3199999999999
FOOD002718,2026-06-19,Dinner,Curd Rice,248,224,21,32.56,8075.45,8.46774193548387,90.32258064516128,683.76
FOOD002719,2026-06-19,Dinner,Rice,138,114,19,61.32,8461.52,13.768115942028986,82.6086956521739,1165.08
FOOD002720,2026-06-19,Dinner,Biryani,244,216,21,64.23,15671.05,8.60655737704918,88.52459016393442,1348.8300000000002
FOOD002721,2026-06-20,Breakfast,Dosa,159,150,8,70.19,11159.98,5.031446540880504,94.33962264150944,561.52
FOOD002722,2026-06-20,Breakfast,Curd Rice,76,68,7,21.12,1605.4,9.210526315789473,89.47368421052632,147.84
FOOD002723,2026-06-20,Breakfast,Idli,214,175,32,17.6,3765.58,14.953271028037381,81.77570093457945,563.2
FOOD002724,2026-06-20,Breakfast,Rice,244,201,39,21.3,5198.33,15.983606557377051,82.37704918032787,830.7
FOOD002725,2026-06-20,Lunch,Sambar,97,84,7,72.02,6986.41,7.216494845360824,86.5979381443299,504.14
FOOD002726,2026-06-20,Lunch,Fried Rice,185,161,18,31.59,5843.57,9.72972972972973,87.02702702702703,568.62
FOOD002727,2026-06-20,Lunch,Dosa,222,203,16,28.08,6234.83,7.207207207207207,91.44144144144144,449.28
FOOD002728,2026-06-20,Lunch,Idli,161,144,15,41.26,6642.7,9.316770186335404,89.44099378881988,618.9
FOOD002729,2026-06-20,Snacks,Idli,87,76,4,51.24,4457.85,4.597701149425287,87.35632183908046,204.96
FOOD002730,2026-06-20,Snacks,Fried Rice,129,114,8,76.05,9810.58,6.2015503875969,88.37209302325581,608.4
FOOD002731,2026-06-20,Snacks,Chapati,177,153,21,25.8,4566.31,11.864406779661017,86.4406779661017,541.8000000000001
FOOD002732,2026-06-20,Snacks,Vegetable Curry,245,226,19,62.04,15200.19,7.755102040816326,92.24489795918367,1178.76
FOOD002733,2026-06-20,Dinner,Fried Rice,221,198,18,75.97,16788.34,8.144796380090497,89.59276018099548,1367.46
FOOD002734,2026-06-20,Dinner,Noodles,107,87,14,74.97,8022.11,13.084112149532709,81.30841121495327,1049.58
FOOD002735,2026-06-20,Dinner,Chicken Curry,87,69,15,20.25,1762.04,17.24137931034483,79.3103448275862,303.75
FOOD002736,2026-06-20,Dinner,Vegetable Curry,220,192,26,60.62,13336.09,11.818181818181818,87.27272727272727,1576.12
FOOD002737,2026-06-21,Breakfast,Idli,152,139,7,20.4,3101.02,4.605263157894736,91.44736842105263,142.79999999999998
FOOD002738,2026-06-21,Breakfast,Chapati,166,146,16,20.86,3463.23,9.63855421686747,87.95180722891565,333.76
FOOD002739,2026-06-21,Breakfast,Curd Rice,103,79,18,55.21,5686.78,17.475728155339805,76.69902912621359,993.78
FOOD002740,2026-06-21,Breakfast,Fried Rice,78,62,9,69.82,5445.96,11.538461538461538,79.48717948717949,628.3799999999999
FOOD002741,2026-06-21,Lunch,Biryani,90,70,14,64.43,5798.8,15.555555555555555,77.77777777777779,902.0200000000001
FOOD002742,2026-06-21,Lunch,Dal,171,139,31,18.84,3221.35,18.128654970760234,81.28654970760235,584.04
FOOD002743,2026-06-21,Lunch,Chicken Curry,100,91,8,34.05,3404.68,8.0,91.0,272.4
FOOD002744,2026-06-21,Lunch,Fried Rice,240,226,14,56.44,13545.63,5.833333333333333,94.16666666666667,790.16
FOOD002745,2026-06-21,Snacks,Vegetable Curry,127,99,22,50.55,6420.18,17.322834645669293,77.95275590551181,1112.1
FOOD002746,2026-06-21,Snacks,Rice,55,45,10,35.04,1927.27,18.181818181818183,81.81818181818183,350.4
FOOD002747,2026-06-21,Snacks,Chapati,189,155,27,47.58,8992.09,14.285714285714285,82.01058201058201,1284.6599999999999
FOOD002748,2026-06-21,Snacks,Noodles,83,69,7,79.9,6631.71,8.433734939759036,83.13253012048193,559.3000000000001
FOOD002749,2026-06-21,Dinner,Dal,101,83,14,46.75,4721.97,13.861386138613863,82.17821782178217,654.5
FOOD002750,2026-06-21,Dinner,Biryani,141,124,11,34.0,4793.58,7.801418439716312,87.94326241134752,374.0
FOOD002751,2026-06-21,Dinner,Chicken Curry,54,47,2,66.59,3595.9,3.7037037037037033,87.03703703703704,133.18
FOOD002752,2026-06-21,Dinner,Idli,63,53,6,46.03,2899.8,9.523809523809524,84.12698412698413,276.18
FOOD002753,2026-06-22,Breakfast,Fried Rice,192,169,22,78.47,15065.61,11.458333333333332,88.02083333333334,1726.34
FOOD002754,2026-06-22,Breakfast,Dosa,244,206,34,53.51,13057.32,13.934426229508196,84.42622950819673,1819.34
FOOD002755,2026-06-22,Breakfast,Chicken Curry,168,157,10,75.16,12626.65,5.952380952380952,93.45238095238095,751.5999999999999
FOOD002756,2026-06-22,Breakfast,Sambar,160,135,21,69.62,11139.18,13.125,84.375,1462.02
FOOD002757,2026-06-22,Lunch,Chapati,232,190,39,31.76,7368.57,16.810344827586206,81.89655172413794,1238.64
FOOD002758,2026-06-22,Lunch,Noodles,206,173,27,59.73,12303.94,13.106796116504855,83.98058252427184,1612.7099999999998
FOOD002759,2026-06-22,Lunch,Chicken Curry,209,174,31,73.82,15427.51,14.832535885167463,83.25358851674642,2288.4199999999996
FOOD002760,2026-06-22,Lunch,Curd Rice,233,191,37,26.5,6174.51,15.879828326180256,81.97424892703863,980.5
FOOD002761,2026-06-22,Snacks,Chicken Curry,211,185,19,61.84,13048.27,9.004739336492891,87.67772511848341,1174.96
FOOD002762,2026-06-22,Snacks,Vegetable Curry,202,160,35,48.25,9746.32,17.326732673267326,79.20792079207921,1688.75
FOOD002763,2026-06-22,Snacks,Dosa,98,81,11,75.3,7379.72,11.224489795918368,82.6530612244898,828.3
FOOD002764,2026-06-22,Snacks,Dal,105,90,15,33.95,3564.88,14.285714285714285,85.71428571428571,509.25000000000006
FOOD002765,2026-06-22,Dinner,Noodles,225,211,11,22.78,5125.5,4.888888888888889,93.77777777777779,250.58
FOOD002766,2026-06-22,Dinner,Idli,163,133,24,20.38,3322.59,14.723926380368098,81.59509202453987,489.12
FOOD002767,2026-06-22,Dinner,Rice,79,60,15,67.2,5308.92,18.9873417721519,75.9493670886076,1008.0
FOOD002768,2026-06-22,Dinner,Biryani,134,114,14,50.37,6749.15,10.44776119402985,85.07462686567165,705.18
FOOD002769,2026-06-23,Breakfast,Sambar,111,103,7,66.4,7370.84,6.306306306306306,92.7927927927928,464.80000000000007
FOOD002770,2026-06-23,Breakfast,Dosa,170,162,7,66.31,11272.97,4.117647058823529,95.29411764705881,464.17
FOOD002771,2026-06-23,Breakfast,Biryani,228,214,10,53.65,12233.3,4.385964912280701,93.85964912280701,536.5
FOOD002772,2026-06-23,Breakfast,Chapati,79,68,10,53.45,4222.66,12.658227848101266,86.07594936708861,534.5
FOOD002773,2026-06-23,Lunch,Sambar,162,145,10,20.23,3277.19,6.172839506172839,89.50617283950618,202.3
FOOD002774,2026-06-23,Lunch,Chapati,92,77,10,38.91,3580.18,10.869565217391305,83.69565217391305,389.09999999999997
FOOD002775,2026-06-23,Lunch,Vegetable Curry,117,100,16,62.16,7272.44,13.675213675213676,85.47008547008546,994.56
FOOD002776,2026-06-23,Lunch,Idli,78,66,8,18.24,1422.9,10.256410256410255,84.61538461538461,145.92
FOOD002777,2026-06-23,Snacks,Biryani,112,92,19,50.96,5706.98,16.964285714285715,82.14285714285714,968.24
FOOD002778,2026-06-23,Snacks,Chicken Curry,232,214,12,65.18,15122.62,5.172413793103448,92.24137931034483,782.1600000000001
FOOD002779,2026-06-23,Snacks,Noodles,205,197,8,42.44,8700.9,3.902439024390244,96.09756097560975,339.52
FOOD002780,2026-06-23,Snacks,Dosa,217,177,38,32.98,7157.53,17.51152073732719,81.5668202764977,1253.2399999999998
FOOD002781,2026-06-23,Dinner,Dosa,68,60,5,45.49,3093.59,7.352941176470589,88.23529411764706,227.45000000000002
FOOD002782,2026-06-23,Dinner,Vegetable Curry,130,111,13,15.01,1951.03,10.0,85.38461538461539,195.13
FOOD002783,2026-06-23,Dinner,Curd Rice,53,44,3,18.96,1005.13,5.660377358490567,83.01886792452831,56.88
FOOD002784,2026-06-23,Dinner,Biryani,209,169,35,15.65,3270.46,16.74641148325359,80.86124401913875,547.75
FOOD002785,2026-06-24,Breakfast,Idli,236,196,38,78.09,18430.3,16.101694915254235,83.05084745762711,2967.42
FOOD002786,2026-06-24,Breakfast,Fried Rice,69,59,6,44.96,3102.39,8.695652173913043,85.5072463768116,269.76
FOOD002787,2026-06-24,Breakfast,Sambar,188,169,16,72.3,13592.51,8.51063829787234,89.8936170212766,1156.8
FOOD002788,2026-06-24,Breakfast,Chapati,227,202,22,56.13,12742.02,9.691629955947137,88.98678414096916,1234.8600000000001
FOOD002789,2026-06-24,Lunch,Noodles,133,110,18,70.81,9417.62,13.533834586466165,82.70676691729322,1274.58
FOOD002790,2026-06-24,Lunch,Dal,248,229,18,45.08,11179.44,7.258064516129033,92.33870967741935,811.4399999999999
FOOD002791,2026-06-24,Lunch,Curd Rice,53,46,2,63.49,3365.04,3.7735849056603774,86.79245283018868,126.98
FOOD002792,2026-06-24,Lunch,Fried Rice,169,152,11,45.57,7701.2,6.508875739644971,89.94082840236686,501.27
FOOD002793,2026-06-24,Snacks,Noodles,244,200,39,33.31,8128.46,15.983606557377051,81.9672131147541,1299.0900000000001
FOOD002794,2026-06-24,Snacks,Fried Rice,83,76,6,46.21,3835.83,7.228915662650602,91.56626506024097,277.26
FOOD002795,2026-06-24,Snacks,Vegetable Curry,98,81,17,79.74,7814.94,17.346938775510203,82.6530612244898,1355.58
FOOD002796,2026-06-24,Snacks,Chicken Curry,80,65,14,31.84,2547.58,17.5,81.25,445.76
FOOD002797,2026-06-24,Dinner,Fried Rice,112,95,11,60.16,6737.52,9.821428571428571,84.82142857142857,661.76
FOOD002798,2026-06-24,Dinner,Dosa,175,150,21,36.28,6348.92,12.0,85.71428571428571,761.88
FOOD002799,2026-06-24,Dinner,Dal,61,47,8,62.74,3827.0,13.114754098360656,77.04918032786885,501.92
FOOD002800,2026-06-24,Dinner,Chapati,151,118,28,23.99,3621.88,18.543046357615893,78.1456953642384,671.7199999999999
FOOD002801,2026-06-25,Breakfast,Idli,176,145,28,35.45,6239.18,15.909090909090908,82.38636363636364,992.6000000000001
FOOD002802,2026-06-25,Breakfast,Noodles,97,80,10,15.07,1461.52,10.309278350515463,82.4742268041237,150.7
FOOD002803,2026-06-25,Breakfast,Chicken Curry,60,49,5,55.56,3333.36,8.333333333333332,81.66666666666667,277.8
FOOD002804,2026-06-25,Breakfast,Biryani,172,141,28,41.17,7080.51,16.27906976744186,81.97674418604652,1152.76
FOOD002805,2026-06-25,Lunch,Chapati,111,104,5,15.96,1771.46,4.504504504504505,93.69369369369369,79.80000000000001
FOOD002806,2026-06-25,Lunch,Dosa,233,212,18,61.17,14252.82,7.725321888412018,90.98712446351931,1101.06
FOOD002807,2026-06-25,Lunch,Biryani,221,199,20,15.45,3414.65,9.049773755656108,90.04524886877829,309.0
FOOD002808,2026-06-25,Lunch,Noodles,171,161,8,69.37,11862.24,4.678362573099415,94.15204678362574,554.96
FOOD002809,2026-06-25,Snacks,Rice,102,87,9,71.52,7295.19,8.823529411764707,85.29411764705883,643.68
FOOD002810,2026-06-25,Snacks,Chicken Curry,89,74,10,63.42,5644.39,11.235955056179774,83.14606741573034,634.2
FOOD002811,2026-06-25,Snacks,Dosa,112,90,18,20.68,2315.96,16.071428571428573,80.35714285714286,372.24
FOOD002812,2026-06-25,Snacks,Biryani,79,68,9,36.87,2913.09,11.39240506329114,86.07594936708861,331.83
FOOD002813,2026-06-25,Dinner,Dal,137,123,8,57.96,7940.69,5.839416058394161,89.78102189781022,463.68
FOOD002814,2026-06-25,Dinner,Curd Rice,128,114,12,33.73,4317.84,9.375,89.0625,404.76
FOOD002815,2026-06-25,Dinner,Idli,198,172,22,17.55,3474.75,11.11111111111111,86.86868686868688,386.1
FOOD002816,2026-06-25,Dinner,Fried Rice,124,106,13,47.21,5854.27,10.483870967741936,85.48387096774194,613.73
FOOD002817,2026-06-26,Breakfast,Idli,100,80,14,38.54,3854.2,14.000000000000002,80.0,539.56
FOOD002818,2026-06-26,Breakfast,Biryani,248,210,32,58.02,14388.16,12.903225806451612,84.67741935483872,1856.64
FOOD002819,2026-06-26,Breakfast,Fried Rice,167,141,22,53.25,8892.23,13.17365269461078,84.4311377245509,1171.5
FOOD002820,2026-06-26,Breakfast,Vegetable Curry,150,137,10,76.38,11457.48,6.666666666666667,91.33333333333333,763.8
FOOD002821,2026-06-26,Lunch,Sambar,63,48,8,36.53,2301.6,12.698412698412698,76.19047619047619,292.24
FOOD002822,2026-06-26,Lunch,Dal,220,197,19,54.63,12018.05,8.636363636363637,89.54545454545455,1037.97
FOOD002823,2026-06-26,Lunch,Chicken Curry,249,197,45,34.77,8658.14,18.072289156626507,79.11646586345381,1564.65
FOOD002824,2026-06-26,Lunch,Biryani,219,191,21,22.77,4987.24,9.58904109589041,87.21461187214612,478.17
FOOD002825,2026-06-26,Snacks,Rice,158,128,27,43.21,6827.83,17.088607594936708,81.0126582278481,1166.67
FOOD002826,2026-06-26,Snacks,Sambar,188,179,8,58.13,10928.43,4.25531914893617,95.2127659574468,465.04
FOOD002827,2026-06-26,Snacks,Fried Rice,210,165,39,23.72,4981.56,18.571428571428573,78.57142857142857,925.0799999999999
FOOD002828,2026-06-26,Snacks,Chapati,164,153,10,53.06,8701.85,6.097560975609756,93.29268292682927,530.6
FOOD002829,2026-06-26,Dinner,Dal,235,216,17,75.26,17685.75,7.234042553191489,91.91489361702128,1279.42
FOOD002830,2026-06-26,Dinner,Noodles,65,56,3,63.12,4102.7,4.615384615384616,86.15384615384616,189.35999999999999
FOOD002831,2026-06-26,Dinner,Chapati,65,54,4,79.43,5162.9,6.153846153846154,83.07692307692308,317.72
FOOD002832,2026-06-26,Dinner,Idli,61,52,3,20.12,1227.14,4.918032786885246,85.24590163934425,60.36
FOOD002833,2026-06-27,Breakfast,Rice,112,97,12,70.18,7860.12,10.714285714285714,86.60714285714286,842.1600000000001
FOOD002834,2026-06-27,Breakfast,Noodles,141,125,15,66.33,9352.16,10.638297872340425,88.65248226950354,994.9499999999999
FOOD002835,2026-06-27,Breakfast,Biryani,127,102,23,74.31,9437.38,18.11023622047244,80.31496062992126,1709.13
FOOD002836,2026-06-27,Breakfast,Sambar,182,166,12,51.47,9366.8,6.593406593406594,91.20879120879121,617.64
FOOD002837,2026-06-27,Lunch,Noodles,74,61,12,46.5,3441.28,16.216216216216218,82.43243243243244,558.0
FOOD002838,2026-06-27,Lunch,Curd Rice,108,102,5,61.27,6617.6,4.62962962962963,94.44444444444444,306.35
FOOD002839,2026-06-27,Lunch,Fried Rice,245,224,17,65.56,16061.5,6.938775510204081,91.42857142857143,1114.52
FOOD002840,2026-06-27,Lunch,Idli,166,145,16,58.61,9728.65,9.63855421686747,87.34939759036145,937.76
FOOD002841,2026-06-27,Snacks,Dosa,114,97,15,71.92,8198.64,13.157894736842104,85.08771929824562,1078.8
FOOD002842,2026-06-27,Snacks,Biryani,235,187,44,40.62,9545.11,18.72340425531915,79.57446808510639,1787.28
FOOD002843,2026-06-27,Snacks,Rice,68,59,4,29.27,1990.16,5.88235294117647,86.76470588235294,117.08
FOOD002844,2026-06-27,Snacks,Idli,154,120,30,73.23,11277.05,19.480519480519483,77.92207792207793,2196.9
FOOD002845,2026-06-27,Dinner,Chicken Curry,175,145,27,26.9,4707.89,15.428571428571427,82.85714285714286,726.3
FOOD002846,2026-06-27,Dinner,Idli,130,103,23,35.11,4564.89,17.692307692307693,79.23076923076923,807.53
FOOD002847,2026-06-27,Dinner,Chapati,210,171,38,69.52,14598.95,18.095238095238095,81.42857142857143,2641.7599999999998
FOOD002848,2026-06-27,Dinner,Vegetable Curry,215,170,40,71.1,15286.68,18.6046511627907,79.06976744186046,2844.0
FOOD002849,2026-06-28,Breakfast,Fried Rice,224,191,29,36.71,8223.57,12.946428571428573,85.26785714285714,1064.59
FOOD002850,2026-06-28,Breakfast,Dosa,62,50,7,45.48,2819.51,11.29032258064516,80.64516129032258,318.35999999999996
FOOD002851,2026-06-28,Breakfast,Sambar,244,222,22,48.94,11941.01,9.01639344262295,90.98360655737704,1076.6799999999998
FOOD002852,2026-06-28,Breakfast,Dal,214,181,31,58.06,12425.31,14.485981308411214,84.57943925233646,1799.8600000000001
FOOD002853,2026-06-28,Lunch,Vegetable Curry,231,185,42,41.81,9657.0,18.181818181818183,80.08658008658008,1756.02
FOOD002854,2026-06-28,Lunch,Sambar,50,43,6,77.35,3867.5,12.0,86.0,464.09999999999997
FOOD002855,2026-06-28,Lunch,Chapati,128,112,9,50.67,6485.8,7.03125,87.5,456.03000000000003
FOOD002856,2026-06-28,Lunch,Rice,89,78,4,79.59,7083.81,4.49438202247191,87.64044943820225,318.36
FOOD002857,2026-06-28,Snacks,Noodles,178,157,19,60.68,10800.61,10.674157303370785,88.20224719101124,1152.92
FOOD002858,2026-06-28,Snacks,Chicken Curry,140,134,6,43.72,6121.11,4.285714285714286,95.71428571428572,262.32
FOOD002859,2026-06-28,Snacks,Biryani,171,163,8,28.3,4839.7,4.678362573099415,95.32163742690058,226.4
FOOD002860,2026-06-28,Snacks,Idli,163,144,18,68.33,11138.08,11.042944785276074,88.34355828220859,1229.94
FOOD002861,2026-06-28,Dinner,Vegetable Curry,169,147,18,61.11,10326.89,10.650887573964498,86.98224852071006,1099.98
FOOD002862,2026-06-28,Dinner,Biryani,160,146,14,39.88,6381.29,8.75,91.25,558.32
FOOD002863,2026-06-28,Dinner,Sambar,119,94,22,61.94,7370.5,18.487394957983195,78.99159663865547,1362.6799999999998
FOOD002864,2026-06-28,Dinner,Dosa,187,168,15,53.35,9975.98,8.02139037433155,89.83957219251337,800.25
FOOD002865,2026-06-29,Breakfast,Chapati,87,70,14,45.13,3926.66,16.091954022988507,80.45977011494253,631.82
FOOD002866,2026-06-29,Breakfast,Curd Rice,152,130,15,54.26,8248.04,9.868421052631579,85.52631578947368,813.9
FOOD002867,2026-06-29,Breakfast,Rice,62,53,4,23.19,1437.58,6.451612903225806,85.48387096774194,92.76
FOOD002868,2026-06-29,Breakfast,Dal,119,106,9,51.29,6103.71,7.563025210084033,89.07563025210085,461.61
FOOD002869,2026-06-29,Lunch,Idli,211,174,32,59.74,12604.41,15.165876777251185,82.46445497630332,1911.68
FOOD002870,2026-06-29,Lunch,Chapati,149,118,25,22.69,3381.27,16.778523489932887,79.19463087248322,567.25
FOOD002871,2026-06-29,Lunch,Curd Rice,143,126,15,40.05,5726.68,10.48951048951049,88.11188811188812,600.75
FOOD002872,2026-06-29,Lunch,Chicken Curry,86,64,15,59.48,5114.99,17.441860465116278,74.4186046511628,892.1999999999999
FOOD002873,2026-06-29,Snacks,Rice,56,50,6,23.4,1310.41,10.714285714285714,89.28571428571429,140.39999999999998
FOOD002874,2026-06-29,Snacks,Curd Rice,213,182,31,29.01,6178.33,14.553990610328638,85.44600938967136,899.3100000000001
FOOD002875,2026-06-29,Snacks,Fried Rice,139,110,27,48.6,6755.22,19.424460431654676,79.13669064748201,1312.2
FOOD002876,2026-06-29,Snacks,Noodles,210,189,15,42.42,8907.5,7.142857142857142,90.0,636.3000000000001
FOOD002877,2026-06-29,Dinner,Rice,136,127,9,43.1,5861.41,6.61764705882353,93.38235294117648,387.90000000000003
FOOD002878,2026-06-29,Dinner,Dal,199,163,33,26.72,5316.9,16.582914572864322,81.90954773869346,881.76
FOOD002879,2026-06-29,Dinner,Chapati,249,205,43,61.86,15402.71,17.269076305220885,82.32931726907631,2659.98
FOOD002880,2026-06-29,Dinner,Sambar,160,145,12,21.52,3443.52,7.5,90.625,258.24
FOOD002881,2026-06-30,Breakfast,Chicken Curry,103,84,14,41.84,4309.84,13.592233009708737,81.55339805825243,585.76
FOOD002882,2026-06-30,Breakfast,Curd Rice,119,98,16,36.85,4384.96,13.445378151260504,82.35294117647058,589.6
FOOD002883,2026-06-30,Breakfast,Biryani,92,77,14,33.38,3071.39,15.217391304347828,83.69565217391305,467.32000000000005
FOOD002884,2026-06-30,Breakfast,Dal,68,49,12,49.78,3384.75,17.647058823529413,72.05882352941177,597.36
FOOD002885,2026-06-30,Lunch,Vegetable Curry,248,207,41,55.86,13854.04,16.532258064516128,83.46774193548387,2290.2599999999998
FOOD002886,2026-06-30,Lunch,Fried Rice,86,70,13,24.95,2145.5,15.11627906976744,81.3953488372093,324.34999999999997
FOOD002887,2026-06-30,Lunch,Idli,167,157,10,41.04,6853.61,5.9880239520958085,94.01197604790418,410.4
FOOD002888,2026-06-30,Lunch,Dosa,141,134,7,68.16,9611.23,4.964539007092199,95.0354609929078,477.12
FOOD002889,2026-06-30,Snacks,Dosa,64,49,10,62.27,3985.38,15.625,76.5625,622.7
FOOD002890,2026-06-30,Snacks,Idli,118,99,14,25.39,2995.67,11.864406779661017,83.89830508474576,355.46000000000004
FOOD002891,2026-06-30,Snacks,Dal,92,84,5,40.4,3716.65,5.434782608695652,91.30434782608695,202.0
FOOD002892,2026-06-30,Snacks,Rice,161,150,7,69.95,11261.28,4.3478260869565215,93.16770186335404,489.65000000000003
FOOD002893,2026-06-30,Dinner,Curd Rice,126,111,11,58.34,7350.6,8.73015873015873,88.09523809523809,641.74
FOOD002894,2026-06-30,Dinner,Sambar,234,219,15,67.02,15681.78,6.41025641025641,93.58974358974359,1005.3
FOOD002895,2026-06-30,Dinner,Idli,80,70,6,39.27,3141.75,7.5,87.5,235.62
FOOD002896,2026-06-30,Dinner,Fried Rice,204,182,20,47.09,9606.69,9.803921568627452,89.2156862745098,941.8000000000001
FOOD002897,2026-07-01,Breakfast,Sambar,115,94,14,28.71,3301.67,12.173913043478262,81.73913043478261,401.94
FOOD002898,2026-07-01,Breakfast,Chicken Curry,78,64,12,54.96,4287.18,15.384615384615385,82.05128205128204,659.52
FOOD002899,2026-07-01,Breakfast,Dal,90,77,9,46.06,4145.79,10.0,85.55555555555556,414.54
FOOD002900,2026-07-01,Breakfast,Rice,217,194,16,51.67,11211.93,7.373271889400922,89.40092165898618,826.72
FOOD002901,2026-07-01,Lunch,Vegetable Curry,103,92,9,76.36,7864.7,8.737864077669903,89.32038834951457,687.24
FOOD002902,2026-07-01,Lunch,Dal,182,153,27,78.98,14375.2,14.835164835164836,84.06593406593407,2132.46
FOOD002903,2026-07-01,Lunch,Chapati,83,60,16,20.3,1685.16,19.27710843373494,72.28915662650603,324.8
FOOD002904,2026-07-01,Lunch,Biryani,76,66,5,22.05,1675.56,6.578947368421052,86.8421052631579,110.25
FOOD002905,2026-07-01,Snacks,Fried Rice,124,116,7,72.33,8969.23,5.64516129032258,93.54838709677419,506.31
FOOD002906,2026-07-01,Snacks,Vegetable Curry,184,147,30,77.8,14316.01,16.304347826086957,79.8913043478261,2334.0
FOOD002907,2026-07-01,Snacks,Noodles,68,50,12,78.84,5361.14,17.647058823529413,73.52941176470588,946.08
FOOD002908,2026-07-01,Snacks,Dosa,150,139,7,60.37,9055.97,4.666666666666667,92.66666666666666,422.59
FOOD002909,2026-07-01,Dinner,Curd Rice,97,78,15,28.85,2798.8,15.463917525773196,80.41237113402062,432.75
FOOD002910,2026-07-01,Dinner,Noodles,186,148,34,37.0,6881.26,18.27956989247312,79.56989247311827,1258.0
FOOD002911,2026-07-01,Dinner,Chapati,174,151,22,25.75,4480.25,12.643678160919542,86.7816091954023,566.5
FOOD002912,2026-07-01,Dinner,Chicken Curry,120,102,18,59.56,7146.9,15.0,85.0,1072.08
FOOD002913,2026-07-02,Breakfast,Chicken Curry,137,110,27,25.5,3492.97,19.708029197080293,80.2919708029197,688.5
FOOD002914,2026-07-02,Breakfast,Curd Rice,126,104,15,52.79,6651.13,11.904761904761903,82.53968253968253,791.85
FOOD002915,2026-07-02,Breakfast,Dal,82,62,15,39.16,3211.27,18.29268292682927,75.60975609756098,587.4
FOOD002916,2026-07-02,Breakfast,Chapati,160,126,30,24.88,3981.26,18.75,78.75,746.4
FOOD002917,2026-07-02,Lunch,Idli,52,37,9,32.5,1690.1,17.307692307692307,71.15384615384616,292.5
FOOD002918,2026-07-02,Lunch,Chicken Curry,230,188,35,16.5,3794.54,15.217391304347828,81.73913043478261,577.5
FOOD002919,2026-07-02,Lunch,Sambar,219,180,38,64.38,14098.65,17.35159817351598,82.1917808219178,2446.4399999999996
FOOD002920,2026-07-02,Lunch,Biryani,136,115,16,27.55,3747.25,11.76470588235294,84.55882352941177,440.8
FOOD002921,2026-07-02,Snacks,Biryani,86,78,3,30.56,2628.11,3.488372093023256,90.69767441860465,91.67999999999999
FOOD002922,2026-07-02,Snacks,Dal,123,99,19,18.34,2255.31,15.447154471544716,80.48780487804879,348.46
FOOD002923,2026-07-02,Snacks,Rice,116,96,16,74.52,8644.78,13.793103448275861,82.75862068965517,1192.32
FOOD002924,2026-07-02,Snacks,Curd Rice,212,177,34,32.43,6874.57,16.037735849056602,83.49056603773585,1102.62
FOOD002925,2026-07-02,Dinner,Dal,79,65,14,70.62,5579.0,17.72151898734177,82.27848101265823,988.6800000000001
FOOD002926,2026-07-02,Dinner,Biryani,146,130,14,28.21,4119.38,9.58904109589041,89.04109589041096,394.94
FOOD002927,2026-07-02,Dinner,Sambar,244,227,16,20.0,4879.2,6.557377049180328,93.0327868852459,320.0
FOOD002928,2026-07-02,Dinner,Fried Rice,85,70,15,40.33,3428.27,17.647058823529413,82.35294117647058,604.9499999999999
FOOD002929,2026-07-03,Breakfast,Vegetable Curry,185,172,12,45.3,8380.74,6.486486486486487,92.97297297297298,543.5999999999999
FOOD002930,2026-07-03,Breakfast,Rice,177,167,10,43.46,7692.38,5.649717514124294,94.35028248587571,434.6
FOOD002931,2026-07-03,Breakfast,Chicken Curry,245,215,30,63.11,15461.28,12.244897959183673,87.75510204081633,1893.3
FOOD002932,2026-07-03,Breakfast,Fried Rice,65,60,4,61.34,3986.87,6.153846153846154,92.3076923076923,245.36
FOOD002933,2026-07-03,Lunch,Dal,158,150,8,30.77,4861.96,5.063291139240507,94.9367088607595,246.16
FOOD002934,2026-07-03,Lunch,Sambar,143,118,23,47.13,6739.71,16.083916083916083,82.51748251748252,1083.99
FOOD002935,2026-07-03,Lunch,Biryani,103,78,19,60.55,6236.96,18.446601941747574,75.72815533980582,1150.45
FOOD002936,2026-07-03,Lunch,Rice,162,131,26,33.53,5431.38,16.049382716049383,80.8641975308642,871.78
FOOD002937,2026-07-03,Snacks,Chicken Curry,192,160,31,47.39,9098.08,16.145833333333336,83.33333333333334,1469.09
FOOD002938,2026-07-03,Snacks,Dosa,117,91,22,21.9,2561.96,18.803418803418804,77.77777777777779,481.79999999999995
FOOD002939,2026-07-03,Snacks,Sambar,71,58,12,30.08,2135.41,16.901408450704224,81.69014084507043,360.96
FOOD002940,2026-07-03,Snacks,Chapati,188,151,32,66.85,12568.33,17.02127659574468,80.31914893617021,2139.2
FOOD002941,2026-07-03,Dinner,Fried Rice,153,143,7,50.33,7700.76,4.57516339869281,93.4640522875817,352.31
FOOD002942,2026-07-03,Dinner,Vegetable Curry,155,131,19,39.28,6089.02,12.258064516129032,84.51612903225806,746.32
FOOD002943,2026-07-03,Dinner,Idli,63,49,11,24.15,1521.24,17.46031746031746,77.77777777777779,265.65
FOOD002944,2026-07-03,Dinner,Dosa,221,197,21,32.54,7191.3,9.502262443438914,89.14027149321268,683.34
FOOD002945,2026-07-04,Breakfast,Chapati,113,95,16,77.63,8771.87,14.15929203539823,84.070796460177,1242.08
FOOD002946,2026-07-04,Breakfast,Chicken Curry,247,198,45,51.77,12787.98,18.218623481781375,80.16194331983806,2329.65
FOOD002947,2026-07-04,Breakfast,Fried Rice,226,193,28,73.55,16621.26,12.389380530973451,85.39823008849558,2059.4
FOOD002948,2026-07-04,Breakfast,Biryani,121,102,15,19.59,2370.48,12.396694214876034,84.29752066115702,293.85
FOOD002949,2026-07-04,Lunch,Curd Rice,108,97,11,76.99,8314.69,10.185185185185185,89.81481481481481,846.89
FOOD002950,2026-07-04,Lunch,Idli,74,63,6,30.27,2239.99,8.108108108108109,85.13513513513513,181.62
FOOD002951,2026-07-04,Lunch,Chapati,241,216,20,49.16,11847.69,8.29875518672199,89.62655601659752,983.1999999999999
FOOD002952,2026-07-04,Lunch,Noodles,65,56,5,39.22,2549.15,7.6923076923076925,86.15384615384616,196.1
FOOD002953,2026-07-04,Snacks,Sambar,226,194,31,71.2,16090.85,13.716814159292035,85.84070796460178,2207.2000000000003
FOOD002954,2026-07-04,Snacks,Fried Rice,159,146,12,31.67,5035.03,7.547169811320755,91.82389937106919,380.04
FOOD002955,2026-07-04,Snacks,Vegetable Curry,102,90,11,57.36,5851.13,10.784313725490197,88.23529411764706,630.96
FOOD002956,2026-07-04,Snacks,Dosa,74,63,7,24.28,1796.68,9.45945945945946,85.13513513513513,169.96
FOOD002957,2026-07-04,Dinner,Biryani,227,184,36,45.4,10305.74,15.859030837004406,81.05726872246696,1634.3999999999999
FOOD002958,2026-07-04,Dinner,Idli,148,135,8,30.63,4533.32,5.405405405405405,91.21621621621621,245.04
FOOD002959,2026-07-04,Dinner,Vegetable Curry,96,85,7,58.16,5582.9,7.291666666666667,88.54166666666666,407.12
FOOD002960,2026-07-04,Dinner,Sambar,117,94,20,73.43,8590.75,17.094017094017094,80.34188034188034,1468.6000000000001
FOOD002961,2026-07-05,Breakfast,Sambar,228,197,29,45.02,10265.07,12.719298245614036,86.40350877192982,1305.5800000000002
FOOD002962,2026-07-05,Breakfast,Chicken Curry,122,116,4,44.0,5368.06,3.278688524590164,95.08196721311475,176.0
FOOD002963,2026-07-05,Breakfast,Noodles,175,160,10,67.58,11826.24,5.714285714285714,91.42857142857143,675.8
FOOD002964,2026-07-05,Breakfast,Dal,131,109,20,44.82,5871.03,15.267175572519085,83.20610687022901,896.4
FOOD002965,2026-07-05,Lunch,Idli,149,141,6,56.66,8442.73,4.026845637583892,94.63087248322147,339.96
FOOD002966,2026-07-05,Lunch,Rice,179,160,13,71.31,12765.12,7.262569832402235,89.3854748603352,927.03
FOOD002967,2026-07-05,Lunch,Sambar,74,58,14,58.15,4303.27,18.91891891891892,78.37837837837837,814.1
FOOD002968,2026-07-05,Lunch,Chapati,112,93,16,30.63,3430.68,14.285714285714285,83.03571428571429,490.08
FOOD002969,2026-07-05,Snacks,Chapati,197,158,33,38.82,7646.96,16.751269035532996,80.20304568527918,1281.06
FOOD002970,2026-07-05,Snacks,Curd Rice,54,44,3,21.15,1142.13,5.555555555555555,81.48148148148148,63.449999999999996
FOOD002971,2026-07-05,Snacks,Idli,130,113,16,79.96,10395.35,12.307692307692308,86.92307692307692,1279.36
FOOD002972,2026-07-05,Snacks,Dal,212,184,28,16.08,3408.17,13.20754716981132,86.79245283018868,450.23999999999995
FOOD002973,2026-07-05,Dinner,Rice,101,94,7,55.86,5641.53,6.9306930693069315,93.06930693069307,391.02
FOOD002974,2026-07-05,Dinner,Sambar,179,150,22,16.69,2986.83,12.290502793296088,83.79888268156425,367.18
FOOD002975,2026-07-05,Dinner,Curd Rice,96,82,14,29.17,2799.84,14.583333333333334,85.41666666666666,408.38
FOOD002976,2026-07-05,Dinner,Noodles,161,130,31,77.45,12468.84,19.25465838509317,80.74534161490683,2400.9500000000003
FOOD002977,2026-07-06,Breakfast,Fried Rice,136,110,22,29.63,4030.28,16.176470588235293,80.88235294117648,651.86
FOOD002978,2026-07-06,Breakfast,Dosa,103,90,8,72.7,7487.68,7.766990291262135,87.37864077669903,581.6
FOOD002979,2026-07-06,Breakfast,Sambar,225,193,28,26.78,6024.62,12.444444444444445,85.77777777777777,749.84
FOOD002980,2026-07-06,Breakfast,Rice,175,162,8,28.53,4992.57,4.571428571428571,92.57142857142857,228.24
FOOD002981,2026-07-06,Lunch,Chapati,128,117,11,25.34,3243.62,8.59375,91.40625,278.74
FOOD002982,2026-07-06,Lunch,Idli,121,97,17,64.43,7796.57,14.049586776859504,80.16528925619835,1095.3100000000002
FOOD002983,2026-07-06,Lunch,Noodles,173,153,13,55.64,9625.69,7.514450867052023,88.4393063583815,723.32
FOOD002984,2026-07-06,Lunch,Chicken Curry,76,65,4,72.93,5542.91,5.263157894736842,85.52631578947368,291.72
FOOD002985,2026-07-06,Snacks,Dosa,173,154,19,73.49,12713.88,10.982658959537572,89.01734104046243,1396.31
FOOD002986,2026-07-06,Snacks,Chapati,248,211,37,37.03,9182.29,14.919354838709678,85.08064516129032,1370.1100000000001
FOOD002987,2026-07-06,Snacks,Rice,229,212,14,21.34,4886.1,6.11353711790393,92.57641921397381,298.76
FOOD002988,2026-07-06,Snacks,Fried Rice,82,70,6,64.25,5268.54,7.317073170731707,85.36585365853658,385.5
FOOD002989,2026-07-06,Dinner,Noodles,122,99,18,42.84,5225.93,14.754098360655737,81.14754098360656,771.1200000000001
FOOD002990,2026-07-06,Dinner,Curd Rice,99,86,8,59.4,5880.39,8.080808080808081,86.86868686868688,475.2
FOOD002991,2026-07-06,Dinner,Dosa,170,151,12,18.24,3101.34,7.0588235294117645,88.8235294117647,218.88
FOOD002992,2026-07-06,Dinner,Fried Rice,211,183,24,55.41,11690.51,11.374407582938389,86.7298578199052,1329.84
FOOD002993,2026-07-07,Breakfast,Chapati,244,226,11,42.7,10418.4,4.508196721311475,92.62295081967213,469.70000000000005
FOOD002994,2026-07-07,Breakfast,Biryani,83,72,9,38.35,3182.67,10.843373493975903,86.74698795180723,345.15000000000003
FOOD002995,2026-07-07,Breakfast,Fried Rice,129,116,13,53.94,6957.97,10.077519379844961,89.92248062015504,701.22
FOOD002996,2026-07-07,Breakfast,Noodles,118,90,21,25.49,3007.34,17.796610169491526,76.27118644067797,535.29
FOOD002997,2026-07-07,Lunch,Chapati,177,150,23,45.41,8038.0,12.994350282485875,84.7457627118644,1044.4299999999998
FOOD002998,2026-07-07,Lunch,Curd Rice,231,200,25,65.98,15242.49,10.822510822510822,86.58008658008657,1649.5
FOOD002999,2026-07-07,Lunch,Biryani,65,53,5,30.07,1954.76,7.6923076923076925,81.53846153846153,150.35
FOOD003000,2026-07-07,Lunch,Dosa,80,62,13,36.14,2891.59,16.25,77.5,469.82
FOOD003001,2026-07-07,Snacks,Sambar,229,220,9,28.54,6534.95,3.9301310043668125,96.06986899563319,256.86
FOOD003002,2026-07-07,Snacks,Noodles,242,194,41,76.84,18596.17,16.94214876033058,80.16528925619835,3150.44
FOOD003003,2026-07-07,Snacks,Vegetable Curry,67,61,6,39.22,2627.74,8.955223880597014,91.04477611940298,235.32
FOOD003004,2026-07-07,Snacks,Chapati,94,83,8,77.56,7290.21,8.51063829787234,88.29787234042553,620.48
FOOD003005,2026-07-07,Dinner,Sambar,215,184,30,30.08,6467.34,13.953488372093023,85.5813953488372,902.4
FOOD003006,2026-07-07,Dinner,Dosa,61,46,10,24.37,1486.68,16.39344262295082,75.40983606557377,243.70000000000002
FOOD003007,2026-07-07,Dinner,Rice,120,96,20,66.02,7922.37,16.666666666666664,80.0,1320.3999999999999
FOOD003008,2026-07-07,Dinner,Noodles,227,180,41,54.53,12378.93,18.06167400881057,79.29515418502203,2235.73
FOOD003009,2026-07-08,Breakfast,Vegetable Curry,158,139,13,35.16,5555.64,8.227848101265822,87.9746835443038,457.0799999999999
FOOD003010,2026-07-08,Breakfast,Chicken Curry,218,182,30,38.7,8437.12,13.761467889908257,83.4862385321101,1161.0
FOOD003011,2026-07-08,Breakfast,Biryani,65,57,6,38.16,2480.71,9.230769230769232,87.6923076923077,228.95999999999998
FOOD003012,2026-07-08,Breakfast,Curd Rice,112,94,15,77.32,8660.13,13.392857142857142,83.92857142857143,1159.8
FOOD003013,2026-07-08,Lunch,Chapati,72,54,14,77.99,5615.17,19.444444444444446,75.0,1091.86
FOOD003014,2026-07-08,Lunch,Vegetable Curry,179,156,21,45.98,8229.82,11.731843575418994,87.15083798882681,965.5799999999999
FOOD003015,2026-07-08,Lunch,Noodles,99,83,12,51.97,5145.43,12.121212121212121,83.83838383838383,623.64
FOOD003016,2026-07-08,Lunch,Fried Rice,111,95,9,75.61,8393.13,8.108108108108109,85.58558558558559,680.49
FOOD003017,2026-07-08,Snacks,Rice,117,99,12,62.24,7282.26,10.256410256410255,84.61538461538461,746.88
FOOD003018,2026-07-08,Snacks,Sambar,190,152,35,49.79,9460.49,18.421052631578945,80.0,1742.6499999999999
FOOD003019,2026-07-08,Snacks,Fried Rice,63,53,8,36.86,2322.12,12.698412698412698,84.12698412698413,294.88
FOOD003020,2026-07-08,Snacks,Idli,135,118,10,55.68,7516.78,7.4074074074074066,87.4074074074074,556.8
FOOD003021,2026-07-08,Dinner,Dosa,200,173,27,68.13,13625.2,13.5,86.5,1839.5099999999998
FOOD003022,2026-07-08,Dinner,Noodles,57,47,4,32.49,1852.05,7.017543859649122,82.45614035087719,129.96
FOOD003023,2026-07-08,Dinner,Dal,138,115,23,66.81,9219.26,16.666666666666664,83.33333333333334,1536.63
FOOD003024,2026-07-08,Dinner,Sambar,189,173,12,54.13,10230.79,6.349206349206349,91.53439153439153,649.5600000000001
FOOD003025,2026-07-09,Breakfast,Biryani,93,83,5,72.76,6766.4,5.376344086021505,89.24731182795699,363.8
FOOD003026,2026-07-09,Breakfast,Noodles,226,205,17,39.05,8826.23,7.52212389380531,90.7079646017699,663.8499999999999
FOOD003027,2026-07-09,Breakfast,Curd Rice,240,227,11,37.76,9063.57,4.583333333333333,94.58333333333333,415.35999999999996
FOOD003028,2026-07-09,Breakfast,Dal,111,96,11,25.86,2870.44,9.90990990990991,86.48648648648648,284.46
FOOD003029,2026-07-09,Lunch,Noodles,157,142,10,78.38,12305.36,6.369426751592357,90.44585987261146,783.8
FOOD003030,2026-07-09,Lunch,Idli,214,198,9,26.88,5752.82,4.205607476635514,92.5233644859813,241.92
FOOD003031,2026-07-09,Lunch,Chapati,73,65,2,63.55,4639.01,2.73972602739726,89.04109589041096,127.1
FOOD003032,2026-07-09,Lunch,Sambar,77,70,3,55.16,4247.15,3.896103896103896,90.9090909090909,165.48
FOOD003033,2026-07-09,Snacks,Idli,117,99,18,39.45,4616.11,15.384615384615385,84.61538461538461,710.1
FOOD003034,2026-07-09,Snacks,Dal,90,75,11,60.37,5433.44,12.222222222222221,83.33333333333334,664.0699999999999
FOOD003035,2026-07-09,Snacks,Biryani,115,97,18,47.15,5422.43,15.65217391304348,84.34782608695653,848.6999999999999
FOOD003036,2026-07-09,Snacks,Chapati,114,107,4,51.94,5921.29,3.508771929824561,93.85964912280701,207.76
FOOD003037,2026-07-09,Dinner,Vegetable Curry,58,47,10,21.72,1259.9,17.24137931034483,81.03448275862068,217.2
FOOD003038,2026-07-09,Dinner,Idli,152,132,15,42.77,6501.02,9.868421052631579,86.8421052631579,641.5500000000001
FOOD003039,2026-07-09,Dinner,Chicken Curry,185,152,29,67.58,12502.39,15.675675675675677,82.16216216216216,1959.82
FOOD003040,2026-07-09,Dinner,Sambar,131,114,17,25.08,3285.85,12.977099236641221,87.02290076335878,426.35999999999996
FOOD003041,2026-07-10,Breakfast,Fried Rice,128,101,22,47.52,6082.18,17.1875,78.90625,1045.44
FOOD003042,2026-07-10,Breakfast,Rice,224,178,40,37.97,8504.49,17.857142857142858,79.46428571428571,1518.8
FOOD003043,2026-07-10,Breakfast,Curd Rice,122,101,14,47.85,5838.11,11.475409836065573,82.78688524590164,669.9
FOOD003044,2026-07-10,Breakfast,Noodles,133,110,16,64.92,8634.13,12.030075187969924,82.70676691729322,1038.72
FOOD003045,2026-07-10,Lunch,Rice,118,100,11,75.98,8965.85,9.322033898305085,84.7457627118644,835.7800000000001
FOOD003046,2026-07-10,Lunch,Vegetable Curry,171,140,24,30.62,5235.45,14.035087719298245,81.87134502923976,734.88
FOOD003047,2026-07-10,Lunch,Chapati,186,170,9,33.78,6283.36,4.838709677419355,91.39784946236558,304.02
FOOD003048,2026-07-10,Lunch,Dal,125,104,14,73.13,9140.86,11.200000000000001,83.2,1023.8199999999999
FOOD003049,2026-07-10,Snacks,Chicken Curry,231,207,17,44.88,10367.72,7.35930735930736,89.6103896103896,762.96
FOOD003050,2026-07-10,Snacks,Dal,102,89,11,65.71,6702.54,10.784313725490197,87.25490196078431,722.81
FOOD003051,2026-07-10,Snacks,Biryani,154,138,10,66.35,10218.67,6.493506493506493,89.6103896103896,663.5
FOOD003052,2026-07-10,Snacks,Chapati,187,153,27,20.1,3758.75,14.43850267379679,81.81818181818183,542.7
FOOD003053,2026-07-10,Dinner,Noodles,249,233,10,38.53,9593.14,4.016064257028113,93.57429718875501,385.3
FOOD003054,2026-07-10,Dinner,Dal,60,56,3,35.11,2106.37,5.0,93.33333333333333,105.33
FOOD003055,2026-07-10,Dinner,Sambar,157,140,12,25.64,4025.24,7.643312101910828,89.171974522293,307.68
FOOD003056,2026-07-10,Dinner,Chicken Curry,159,126,29,25.34,4028.64,18.238993710691823,79.24528301886792,734.86
FOOD003057,2026-07-11,Breakfast,Chapati,135,115,20,24.1,3252.85,14.814814814814813,85.18518518518519,482.0
FOOD003058,2026-07-11,Breakfast,Biryani,193,162,24,20.39,3935.27,12.435233160621761,83.93782383419689,489.36
FOOD003059,2026-07-11,Breakfast,Vegetable Curry,236,218,14,55.09,13000.35,5.932203389830509,92.37288135593221,771.26
FOOD003060,2026-07-11,Breakfast,Idli,77,66,9,76.46,5887.44,11.688311688311687,85.71428571428571,688.14
FOOD003061,2026-07-11,Lunch,Rice,238,191,43,29.9,7116.61,18.067226890756302,80.25210084033614,1285.7
FOOD003062,2026-07-11,Lunch,Noodles,123,106,12,33.28,4093.62,9.75609756097561,86.1788617886179,399.36
FOOD003063,2026-07-11,Lunch,Curd Rice,167,133,27,73.92,12345.15,16.16766467065868,79.64071856287424,1995.8400000000001
FOOD003064,2026-07-11,Lunch,Dosa,53,48,3,44.79,2373.97,5.660377358490567,90.56603773584906,134.37
FOOD003065,2026-07-11,Snacks,Rice,136,113,21,51.22,6965.6,15.441176470588236,83.08823529411765,1075.62
FOOD003066,2026-07-11,Snacks,Sambar,205,172,26,76.22,15625.45,12.682926829268293,83.90243902439025,1981.72
FOOD003067,2026-07-11,Snacks,Dal,139,128,10,45.06,6263.9,7.194244604316546,92.08633093525181,450.6
FOOD003068,2026-07-11,Snacks,Vegetable Curry,248,198,46,39.75,9857.13,18.548387096774192,79.83870967741935,1828.5
FOOD003069,2026-07-11,Dinner,Fried Rice,243,213,27,45.47,11049.34,11.11111111111111,87.65432098765432,1227.69
FOOD003070,2026-07-11,Dinner,Sambar,93,79,9,71.35,6635.27,9.67741935483871,84.94623655913979,642.15
FOOD003071,2026-07-11,Dinner,Curd Rice,249,220,23,35.02,8719.24,9.236947791164658,88.35341365461848,805.46
FOOD003072,2026-07-11,Dinner,Rice,87,70,10,65.22,5673.94,11.494252873563218,80.45977011494253,652.2
FOOD003073,2026-07-12,Breakfast,Fried Rice,163,127,29,38.52,6278.81,17.791411042944784,77.91411042944786,1117.0800000000002
FOOD003074,2026-07-12,Breakfast,Chicken Curry,84,65,13,68.62,5764.19,15.476190476190476,77.38095238095238,892.0600000000001
FOOD003075,2026-07-12,Breakfast,Chapati,193,165,22,24.28,4686.12,11.398963730569948,85.49222797927462,534.1600000000001
FOOD003076,2026-07-12,Breakfast,Dosa,69,66,3,37.55,2590.69,4.3478260869565215,95.65217391304348,112.64999999999999
FOOD003077,2026-07-12,Lunch,Dosa,193,173,20,49.97,9644.55,10.362694300518134,89.63730569948186,999.4
FOOD003078,2026-07-12,Lunch,Vegetable Curry,65,53,11,39.87,2591.54,16.923076923076923,81.53846153846153,438.57
FOOD003079,2026-07-12,Lunch,Chicken Curry,197,168,29,33.41,6581.74,14.720812182741117,85.27918781725889,968.8899999999999
FOOD003080,2026-07-12,Lunch,Rice,223,193,24,51.43,11468.16,10.762331838565023,86.54708520179372,1234.32
FOOD003081,2026-07-12,Snacks,Rice,215,204,10,73.28,15755.41,4.651162790697675,94.88372093023256,732.8
FOOD003082,2026-07-12,Snacks,Dosa,106,90,10,15.72,1666.55,9.433962264150944,84.90566037735849,157.20000000000002
FOOD003083,2026-07-12,Snacks,Sambar,166,147,19,74.32,12336.86,11.44578313253012,88.55421686746988,1412.08
FOOD003084,2026-07-12,Snacks,Fried Rice,186,173,11,76.03,14142.11,5.913978494623656,93.01075268817203,836.33
FOOD003085,2026-07-12,Dinner,Dosa,230,208,18,21.99,5056.83,7.82608695652174,90.43478260869566,395.82
FOOD003086,2026-07-12,Dinner,Chapati,152,122,25,61.48,9345.64,16.447368421052634,80.26315789473685,1537.0
FOOD003087,2026-07-12,Dinner,Biryani,59,50,3,66.55,3926.63,5.084745762711865,84.7457627118644,199.64999999999998
FOOD003088,2026-07-12,Dinner,Chicken Curry,152,138,11,74.44,11314.21,7.236842105263158,90.78947368421053,818.8399999999999
FOOD003089,2026-07-13,Breakfast,Dal,63,54,4,66.0,4157.8,6.349206349206349,85.71428571428571,264.0
FOOD003090,2026-07-13,Breakfast,Vegetable Curry,166,135,24,79.38,13177.84,14.457831325301203,81.32530120481928,1905.12
FOOD003091,2026-07-13,Breakfast,Fried Rice,69,53,9,76.78,5297.52,13.043478260869565,76.81159420289855,691.02
FOOD003092,2026-07-13,Breakfast,Noodles,138,117,21,43.67,6026.58,15.217391304347828,84.78260869565217,917.07
FOOD003093,2026-07-13,Lunch,Curd Rice,128,107,15,50.17,6422.26,11.71875,83.59375,752.5500000000001
FOOD003094,2026-07-13,Lunch,Dal,190,175,8,64.23,12203.69,4.2105263157894735,92.10526315789474,513.84
FOOD003095,2026-07-13,Lunch,Vegetable Curry,187,162,18,17.97,3360.45,9.62566844919786,86.63101604278076,323.46
FOOD003096,2026-07-13,Lunch,Chapati,141,115,23,15.37,2166.85,16.312056737588655,81.56028368794325,353.51
FOOD003097,2026-07-13,Snacks,Chapati,78,59,13,35.52,2770.38,16.666666666666664,75.64102564102564,461.76000000000005
FOOD003098,2026-07-13,Snacks,Sambar,56,46,5,79.58,4456.36,8.928571428571429,82.14285714285714,397.9
FOOD003099,2026-07-13,Snacks,Fried Rice,50,40,5,28.76,1438.14,10.0,80.0,143.8
FOOD003100,2026-07-13,Snacks,Idli,110,97,12,78.64,8650.14,10.909090909090908,88.18181818181819,943.6800000000001
FOOD003101,2026-07-13,Dinner,Dal,75,64,8,53.15,3985.93,10.666666666666668,85.33333333333334,425.2
FOOD003102,2026-07-13,Dinner,Vegetable Curry,230,206,24,53.49,12303.6,10.434782608695652,89.56521739130436,1283.76
FOOD003103,2026-07-13,Dinner,Sambar,95,76,13,67.8,6440.75,13.684210526315791,80.0,881.4
FOOD003104,2026-07-13,Dinner,Dosa,79,62,10,66.56,5257.85,12.658227848101266,78.48101265822784,665.6
FOOD003105,2026-07-14,Breakfast,Rice,193,155,33,55.41,10694.38,17.098445595854923,80.31088082901555,1828.53
FOOD003106,2026-07-14,Breakfast,Sambar,103,79,19,58.38,6013.05,18.446601941747574,76.69902912621359,1109.22
FOOD003107,2026-07-14,Breakfast,Chicken Curry,76,58,13,44.93,3414.49,17.105263157894736,76.31578947368422,584.09
FOOD003108,2026-07-14,Breakfast,Dosa,68,60,4,48.95,3328.68,5.88235294117647,88.23529411764706,195.8
FOOD003109,2026-07-14,Lunch,Rice,162,143,12,23.02,3729.69,7.4074074074074066,88.27160493827161,276.24
FOOD003110,2026-07-14,Lunch,Chapati,138,133,5,19.02,2625.06,3.6231884057971016,96.37681159420289,95.1
FOOD003111,2026-07-14,Lunch,Dal,67,53,11,75.98,5090.73,16.417910447761194,79.1044776119403,835.7800000000001
FOOD003112,2026-07-14,Lunch,Vegetable Curry,241,205,29,19.53,4707.09,12.033195020746888,85.06224066390041,566.37
FOOD003113,2026-07-14,Snacks,Chapati,51,36,8,31.67,1615.18,15.686274509803921,70.58823529411765,253.36
FOOD003114,2026-07-14,Snacks,Idli,113,102,10,35.06,3961.98,8.849557522123893,90.2654867256637,350.6
FOOD003115,2026-07-14,Snacks,Sambar,108,102,4,20.89,2256.52,3.7037037037037033,94.44444444444444,83.56
FOOD003116,2026-07-14,Snacks,Fried Rice,103,90,6,66.66,6865.9,5.825242718446602,87.37864077669903,399.96
FOOD003117,2026-07-14,Dinner,Dal,128,116,11,71.76,9184.74,8.59375,90.625,789.36
FOOD003118,2026-07-14,Dinner,Dosa,119,98,15,65.97,7850.39,12.605042016806722,82.35294117647058,989.55
FOOD003119,2026-07-14,Dinner,Idli,179,163,12,38.01,6803.49,6.70391061452514,91.06145251396647,456.12
FOOD003120,2026-07-14,Dinner,Fried Rice,72,61,8,51.59,3714.67,11.11111111111111,84.72222222222221,412.72
FOOD003121,2026-07-15,Breakfast,Sambar,131,126,5,62.36,8168.85,3.816793893129771,96.18320610687023,311.8
FOOD003122,2026-07-15,Breakfast,Curd Rice,153,127,22,67.32,10299.31,14.37908496732026,83.00653594771242,1481.04
FOOD003123,2026-07-15,Breakfast,Dosa,183,172,7,30.96,5664.79,3.825136612021858,93.98907103825137,216.72
FOOD003124,2026-07-15,Breakfast,Idli,91,85,4,44.8,4077.18,4.395604395604396,93.4065934065934,179.2
FOOD003125,2026-07-15,Lunch,Chapati,163,140,20,43.98,7168.99,12.269938650306749,85.88957055214725,879.5999999999999
FOOD003126,2026-07-15,Lunch,Fried Rice,110,94,11,69.3,7623.32,10.0,85.45454545454545,762.3
FOOD003127,2026-07-15,Lunch,Noodles,57,46,9,38.93,2219.24,15.789473684210526,80.7017543859649,350.37
FOOD003128,2026-07-15,Lunch,Sambar,114,103,10,57.38,6541.87,8.771929824561402,90.35087719298247,573.8000000000001
FOOD003129,2026-07-15,Snacks,Vegetable Curry,195,180,13,65.3,12733.11,6.666666666666667,92.3076923076923,848.9
FOOD003130,2026-07-15,Snacks,Idli,50,44,6,47.69,2384.53,12.0,88.0,286.14
FOOD003131,2026-07-15,Snacks,Chapati,150,137,11,74.2,11130.46,7.333333333333333,91.33333333333333,816.2
FOOD003132,2026-07-15,Snacks,Curd Rice,90,68,17,74.42,6697.88,18.88888888888889,75.55555555555556,1265.14
FOOD003133,2026-07-15,Dinner,Biryani,147,116,28,33.87,4978.53,19.047619047619047,78.91156462585033,948.3599999999999
FOOD003134,2026-07-15,Dinner,Chapati,84,75,3,26.79,2249.95,3.571428571428571,89.28571428571429,80.37
FOOD003135,2026-07-15,Dinner,Noodles,61,54,4,26.03,1588.08,6.557377049180328,88.52459016393442,104.12
FOOD003136,2026-07-15,Dinner,Rice,152,126,20,16.02,2434.54,13.157894736842104,82.89473684210526,320.4
FOOD003137,2026-07-16,Breakfast,Dosa,162,144,16,29.55,4786.88,9.876543209876543,88.88888888888889,472.8
FOOD003138,2026-07-16,Breakfast,Biryani,242,232,10,70.33,17020.81,4.132231404958678,95.86776859504133,703.3
FOOD003139,2026-07-16,Breakfast,Idli,204,164,39,79.64,16245.58,19.11764705882353,80.3921568627451,3105.96
FOOD003140,2026-07-16,Breakfast,Fried Rice,192,165,24,47.89,9193.97,12.5,85.9375,1149.3600000000001
FOOD003141,2026-07-16,Lunch,Dosa,89,78,11,21.98,1956.12,12.359550561797752,87.64044943820225,241.78
FOOD003142,2026-07-16,Lunch,Biryani,112,89,18,21.63,2422.79,16.071428571428573,79.46428571428571,389.34
FOOD003143,2026-07-16,Lunch,Idli,231,191,37,51.16,11818.04,16.017316017316016,82.68398268398268,1892.9199999999998
FOOD003144,2026-07-16,Lunch,Chicken Curry,170,155,14,39.39,6696.87,8.235294117647058,91.17647058823529,551.46
FOOD003145,2026-07-16,Snacks,Dal,244,197,41,57.11,13933.96,16.80327868852459,80.73770491803278,2341.5099999999998
FOOD003146,2026-07-16,Snacks,Chapati,93,75,15,39.16,3642.15,16.129032258064516,80.64516129032258,587.4
FOOD003147,2026-07-16,Snacks,Chicken Curry,92,75,17,68.31,6284.9,18.478260869565215,81.52173913043478,1161.27
FOOD003148,2026-07-16,Snacks,Noodles,102,90,5,42.06,4290.49,4.901960784313726,88.23529411764706,210.3
FOOD003149,2026-07-16,Dinner,Vegetable Curry,156,129,20,36.45,5686.53,12.82051282051282,82.6923076923077,729.0
FOOD003150,2026-07-16,Dinner,Rice,70,62,5,52.3,3661.09,7.142857142857142,88.57142857142857,261.5
FOOD003151,2026-07-16,Dinner,Dosa,104,81,16,62.17,6465.48,15.384615384615385,77.88461538461539,994.72
FOOD003152,2026-07-16,Dinner,Sambar,191,170,14,25.74,4916.06,7.329842931937172,89.00523560209425,360.35999999999996
FOOD003153,2026-07-17,Breakfast,Rice,234,218,10,25.72,6019.37,4.273504273504273,93.16239316239316,257.2
FOOD003154,2026-07-17,Breakfast,Vegetable Curry,156,123,26,74.62,11640.36,16.666666666666664,78.84615384615384,1940.1200000000001
FOOD003155,2026-07-17,Breakfast,Curd Rice,220,189,31,52.69,11592.76,14.09090909090909,85.9090909090909,1633.3899999999999
FOOD003156,2026-07-17,Breakfast,Dosa,199,161,36,15.69,3122.66,18.090452261306535,80.90452261306532,564.84
FOOD003157,2026-07-17,Lunch,Dosa,123,101,17,68.4,8413.56,13.821138211382115,82.11382113821138,1162.8000000000002
FOOD003158,2026-07-17,Lunch,Biryani,247,211,34,49.14,12136.98,13.765182186234817,85.4251012145749,1670.76
FOOD003159,2026-07-17,Lunch,Chicken Curry,167,136,28,36.94,6168.81,16.766467065868262,81.437125748503,1034.32
FOOD003160,2026-07-17,Lunch,Idli,186,160,21,19.21,3573.47,11.29032258064516,86.02150537634408,403.41
FOOD003161,2026-07-17,Snacks,Dal,165,132,27,69.84,11523.75,16.363636363636363,80.0,1885.68
FOOD003162,2026-07-17,Snacks,Idli,96,87,4,70.88,6804.86,4.166666666666666,90.625,283.52
FOOD003163,2026-07-17,Snacks,Chicken Curry,208,195,12,41.76,8686.2,5.769230769230769,93.75,501.12
FOOD003164,2026-07-17,Snacks,Sambar,81,61,13,18.08,1464.48,16.049382716049383,75.30864197530865,235.03999999999996
FOOD003165,2026-07-17,Dinner,Fried Rice,77,71,5,44.92,3458.83,6.493506493506493,92.20779220779221,224.60000000000002
FOOD003166,2026-07-17,Dinner,Dosa,243,196,47,54.45,13230.81,19.34156378600823,80.65843621399176,2559.15
FOOD003167,2026-07-17,Dinner,Idli,147,136,7,53.95,7931.13,4.761904761904762,92.51700680272108,377.65000000000003
FOOD003168,2026-07-17,Dinner,Vegetable Curry,198,160,31,78.91,15624.06,15.656565656565657,80.8080808080808,2446.21
FOOD003169,2026-07-18,Breakfast,Chapati,184,167,16,72.99,13429.99,8.695652173913043,90.76086956521739,1167.84
FOOD003170,2026-07-18,Breakfast,Idli,60,45,8,75.41,4524.52,13.333333333333334,75.0,603.28
FOOD003171,2026-07-18,Breakfast,Biryani,118,106,9,77.22,9111.77,7.627118644067797,89.83050847457628,694.98
FOOD003172,2026-07-18,Breakfast,Dosa,101,79,17,22.29,2251.09,16.831683168316832,78.21782178217822,378.93
FOOD003173,2026-07-18,Lunch,Curd Rice,79,75,3,26.69,2108.22,3.79746835443038,94.9367088607595,80.07000000000001
FOOD003174,2026-07-18,Lunch,Chapati,77,60,12,43.79,3371.65,15.584415584415584,77.92207792207793,525.48
FOOD003175,2026-07-18,Lunch,Dosa,88,84,4,45.14,3971.95,4.545454545454546,95.45454545454545,180.56
FOOD003176,2026-07-18,Lunch,Sambar,224,184,39,42.8,9586.3,17.410714285714285,82.14285714285714,1669.1999999999998
FOOD003177,2026-07-18,Snacks,Fried Rice,94,89,4,16.99,1596.99,4.25531914893617,94.68085106382979,67.96
FOOD003178,2026-07-18,Snacks,Chicken Curry,87,74,8,65.69,5715.02,9.195402298850574,85.0574712643678,525.52
FOOD003179,2026-07-18,Snacks,Vegetable Curry,111,98,9,71.33,7917.41,8.108108108108109,88.28828828828829,641.97
FOOD003180,2026-07-18,Snacks,Dosa,106,100,6,50.47,5349.65,5.660377358490567,94.33962264150944,302.82
FOOD003181,2026-07-18,Dinner,Fried Rice,129,117,11,68.41,8825.34,8.527131782945736,90.69767441860465,752.51
FOOD003182,2026-07-18,Dinner,Vegetable Curry,177,140,31,46.72,8270.2,17.51412429378531,79.09604519774011,1448.32
FOOD003183,2026-07-18,Dinner,Dal,194,159,31,30.21,5860.59,15.979381443298967,81.95876288659794,936.51
FOOD003184,2026-07-18,Dinner,Biryani,55,46,7,74.58,4101.89,12.727272727272727,83.63636363636363,522.06
FOOD003185,2026-07-19,Breakfast,Vegetable Curry,141,128,8,31.16,4393.98,5.673758865248227,90.78014184397163,249.28
FOOD003186,2026-07-19,Breakfast,Dal,97,90,6,60.65,5883.45,6.185567010309279,92.78350515463917,363.9
FOOD003187,2026-07-19,Breakfast,Rice,204,189,15,28.39,5791.0,7.352941176470589,92.64705882352942,425.85
FOOD003188,2026-07-19,Breakfast,Dosa,198,178,17,20.32,4022.84,8.585858585858585,89.8989898989899,345.44
FOOD003189,2026-07-19,Lunch,Sambar,165,142,16,25.85,4265.67,9.696969696969697,86.06060606060606,413.6
FOOD003190,2026-07-19,Lunch,Noodles,210,199,9,25.13,5277.29,4.285714285714286,94.76190476190476,226.17
FOOD003191,2026-07-19,Lunch,Biryani,216,183,29,24.95,5388.18,13.425925925925927,84.72222222222221,723.55
FOOD003192,2026-07-19,Lunch,Chapati,115,94,15,78.7,9050.45,13.043478260869565,81.73913043478261,1180.5
FOOD003193,2026-07-19,Snacks,Idli,141,123,12,33.92,4783.26,8.51063829787234,87.2340425531915,407.04
FOOD003194,2026-07-19,Snacks,Sambar,64,56,6,68.52,4385.47,9.375,87.5,411.12
FOOD003195,2026-07-19,Snacks,Rice,225,207,14,30.87,6945.36,6.222222222222222,92.0,432.18
FOOD003196,2026-07-19,Snacks,Fried Rice,81,71,4,56.15,4548.27,4.938271604938271,87.65432098765432,224.6
FOOD003197,2026-07-19,Dinner,Sambar,226,195,30,62.36,14094.4,13.274336283185843,86.28318584070797,1870.8
FOOD003198,2026-07-19,Dinner,Dosa,218,198,13,69.2,15085.86,5.963302752293578,90.82568807339449,899.6
FOOD003199,2026-07-19,Dinner,Noodles,108,90,12,79.39,8573.91,11.11111111111111,83.33333333333334,952.6800000000001
FOOD003200,2026-07-19,Dinner,Rice,79,71,8,79.93,6314.44,10.126582278481013,89.87341772151899,639.44
FOOD003201,2026-07-20,Breakfast,Biryani,183,169,12,27.17,4972.09,6.557377049180328,92.34972677595628,326.04
FOOD003202,2026-07-20,Breakfast,Sambar,126,100,19,68.3,8605.33,15.079365079365079,79.36507936507937,1297.7
FOOD003203,2026-07-20,Breakfast,Vegetable Curry,224,203,16,17.59,3939.69,7.142857142857142,90.625,281.44
FOOD003204,2026-07-20,Breakfast,Fried Rice,82,70,10,49.56,4064.13,12.195121951219512,85.36585365853658,495.6
FOOD003205,2026-07-20,Lunch,Dal,97,85,8,47.21,4579.7,8.24742268041237,87.62886597938144,377.68
FOOD003206,2026-07-20,Lunch,Chapati,73,68,3,54.96,4012.38,4.10958904109589,93.15068493150685,164.88
FOOD003207,2026-07-20,Lunch,Curd Rice,106,85,16,23.38,2478.73,15.09433962264151,80.18867924528303,374.08
FOOD003208,2026-07-20,Lunch,Vegetable Curry,232,198,31,43.88,10180.25,13.36206896551724,85.34482758620689,1360.28
FOOD003209,2026-07-20,Snacks,Noodles,92,76,15,75.31,6928.75,16.304347826086957,82.6086956521739,1129.65
FOOD003210,2026-07-20,Snacks,Dal,111,92,15,79.92,8871.17,13.513513513513514,82.88288288288288,1198.8
FOOD003211,2026-07-20,Snacks,Rice,221,198,22,71.87,15883.61,9.95475113122172,89.59276018099548,1581.14
FOOD003212,2026-07-20,Snacks,Fried Rice,113,101,7,50.51,5707.25,6.1946902654867255,89.38053097345133,353.57
FOOD003213,2026-07-20,Dinner,Chapati,224,193,31,23.61,5287.86,13.839285714285715,86.16071428571429,731.91
FOOD003214,2026-07-20,Dinner,Biryani,95,84,4,26.63,2530.03,4.2105263157894735,88.42105263157895,106.52
FOOD003215,2026-07-20,Dinner,Dosa,72,52,14,63.21,4550.92,19.444444444444446,72.22222222222221,884.94
FOOD003216,2026-07-20,Dinner,Idli,243,217,25,54.44,13227.93,10.2880658436214,89.30041152263375,1361.0
FOOD003217,2026-07-21,Breakfast,Rice,246,217,24,65.63,16145.46,9.75609756097561,88.21138211382113,1575.12
FOOD003218,2026-07-21,Breakfast,Idli,204,181,17,40.82,8326.66,8.333333333333332,88.72549019607843,693.94
FOOD003219,2026-07-21,Breakfast,Chicken Curry,148,141,7,67.42,9978.87,4.72972972972973,95.27027027027027,471.94
FOOD003220,2026-07-21,Breakfast,Fried Rice,145,133,6,79.37,11508.22,4.137931034482759,91.72413793103448,476.22
FOOD003221,2026-07-21,Lunch,Chicken Curry,175,162,12,62.89,11004.91,6.857142857142858,92.57142857142857,754.6800000000001
FOOD003222,2026-07-21,Lunch,Dal,166,137,22,18.39,3053.39,13.253012048192772,82.53012048192771,404.58000000000004
FOOD003223,2026-07-21,Lunch,Fried Rice,211,174,35,38.23,8067.29,16.587677725118482,82.46445497630332,1338.05
FOOD003224,2026-07-21,Lunch,Dosa,208,164,38,36.69,7631.34,18.269230769230766,78.84615384615384,1394.2199999999998
FOOD003225,2026-07-21,Snacks,Curd Rice,161,131,26,78.45,12630.97,16.149068322981368,81.36645962732919,2039.7
FOOD003226,2026-07-21,Snacks,Noodles,85,68,14,52.32,4447.0,16.470588235294116,80.0,732.48
FOOD003227,2026-07-21,Snacks,Chicken Curry,210,192,12,17.59,3694.57,5.714285714285714,91.42857142857143,211.07999999999998
FOOD003228,2026-07-21,Snacks,Dal,98,85,12,78.32,7675.7,12.244897959183673,86.73469387755102,939.8399999999999
FOOD003229,2026-07-21,Dinner,Vegetable Curry,192,171,17,18.74,3597.81,8.854166666666668,89.0625,318.58
FOOD003230,2026-07-21,Dinner,Chapati,159,148,9,26.85,4268.55,5.660377358490567,93.08176100628931,241.65
FOOD003231,2026-07-21,Dinner,Noodles,235,186,44,71.38,16773.59,18.72340425531915,79.14893617021276,3140.72
FOOD003232,2026-07-21,Dinner,Dal,71,56,11,65.87,4676.62,15.492957746478872,78.87323943661971,724.57
FOOD003233,2026-07-22,Breakfast,Chicken Curry,136,115,19,26.66,3625.57,13.970588235294118,84.55882352941177,506.54
FOOD003234,2026-07-22,Breakfast,Dal,161,133,28,60.69,9770.38,17.391304347826086,82.6086956521739,1699.32
FOOD003235,2026-07-22,Breakfast,Sambar,157,130,22,21.27,3338.73,14.012738853503185,82.80254777070064,467.94
FOOD003236,2026-07-22,Breakfast,Idli,68,65,3,37.97,2581.65,4.411764705882353,95.58823529411765,113.91
FOOD003237,2026-07-22,Lunch,Fried Rice,182,150,32,45.49,8278.98,17.582417582417584,82.41758241758241,1455.68
FOOD003238,2026-07-22,Lunch,Vegetable Curry,180,167,11,75.15,13526.93,6.111111111111111,92.77777777777779,826.6500000000001
FOOD003239,2026-07-22,Lunch,Idli,172,137,31,54.8,9425.25,18.023255813953487,79.65116279069767,1698.8
FOOD003240,2026-07-22,Lunch,Chicken Curry,218,168,43,73.53,16030.14,19.724770642201836,77.06422018348624,3161.79
FOOD003241,2026-07-22,Snacks,Vegetable Curry,230,189,34,38.01,8742.34,14.782608695652174,82.17391304347827,1292.34
FOOD003242,2026-07-22,Snacks,Sambar,88,73,13,73.6,6476.98,14.772727272727273,82.95454545454545,956.8
FOOD003243,2026-07-22,Snacks,Dosa,89,83,6,69.44,6180.57,6.741573033707865,93.25842696629213,416.64
FOOD003244,2026-07-22,Snacks,Curd Rice,75,67,3,20.97,1572.95,4.0,89.33333333333333,62.91
FOOD003245,2026-07-22,Dinner,Fried Rice,163,154,6,22.45,3660.09,3.6809815950920246,94.47852760736197,134.7
FOOD003246,2026-07-22,Dinner,Dosa,81,73,7,78.7,6374.49,8.641975308641975,90.12345679012346,550.9
FOOD003247,2026-07-22,Dinner,Sambar,169,148,19,30.02,5073.45,11.242603550295858,87.57396449704143,570.38
FOOD003248,2026-07-22,Dinner,Chicken Curry,206,167,32,34.8,7167.98,15.53398058252427,81.06796116504854,1113.6
FOOD003249,2026-07-23,Breakfast,Vegetable Curry,170,144,21,43.48,7391.68,12.352941176470589,84.70588235294117,913.0799999999999
FOOD003250,2026-07-23,Breakfast,Sambar,76,62,9,33.78,2567.08,11.842105263157894,81.57894736842105,304.02
FOOD003251,2026-07-23,Breakfast,Rice,163,149,12,51.8,8442.74,7.361963190184049,91.41104294478528,621.5999999999999
FOOD003252,2026-07-23,Breakfast,Fried Rice,59,50,5,35.37,2086.86,8.47457627118644,84.7457627118644,176.85
FOOD003253,2026-07-23,Lunch,Fried Rice,135,124,10,73.9,9975.96,7.4074074074074066,91.85185185185185,739.0
FOOD003254,2026-07-23,Lunch,Chapati,71,55,10,26.86,1906.91,14.084507042253522,77.46478873239437,268.6
FOOD003255,2026-07-23,Lunch,Noodles,188,151,35,42.49,7987.34,18.617021276595743,80.31914893617021,1487.15
FOOD003256,2026-07-23,Lunch,Dosa,205,163,38,28.15,5771.71,18.536585365853657,79.51219512195122,1069.7
FOOD003257,2026-07-23,Snacks,Vegetable Curry,221,179,42,30.19,6673.04,19.004524886877828,80.99547511312217,1267.98
FOOD003258,2026-07-23,Snacks,Curd Rice,237,223,10,73.46,17410.76,4.219409282700422,94.09282700421942,734.5999999999999
FOOD003259,2026-07-23,Snacks,Chapati,194,168,20,54.63,10597.31,10.309278350515463,86.5979381443299,1092.6000000000001
FOOD003260,2026-07-23,Snacks,Sambar,241,194,45,65.15,15700.09,18.672199170124482,80.49792531120332,2931.7500000000005
FOOD003261,2026-07-23,Dinner,Noodles,113,100,9,55.66,6289.85,7.964601769911504,88.49557522123894,500.93999999999994
FOOD003262,2026-07-23,Dinner,Rice,66,61,3,43.46,2868.06,4.545454545454546,92.42424242424242,130.38
FOOD003263,2026-07-23,Dinner,Chapati,81,72,5,43.01,3483.7,6.172839506172839,88.88888888888889,215.04999999999998
FOOD003264,2026-07-23,Dinner,Chicken Curry,183,153,30,75.14,13750.34,16.39344262295082,83.60655737704919,2254.2
FOOD003265,2026-07-24,Breakfast,Curd Rice,173,143,23,70.85,12257.18,13.294797687861271,82.65895953757226,1629.55
FOOD003266,2026-07-24,Breakfast,Dosa,242,212,24,79.73,19295.66,9.917355371900827,87.60330578512396,1913.52
FOOD003267,2026-07-24,Breakfast,Dal,137,112,20,36.55,5007.72,14.5985401459854,81.75182481751825,731.0
FOOD003268,2026-07-24,Breakfast,Chapati,229,206,22,23.09,5288.54,9.606986899563319,89.95633187772926,507.98
FOOD003269,2026-07-24,Lunch,Curd Rice,80,63,11,38.16,3053.05,13.750000000000002,78.75,419.76
FOOD003270,2026-07-24,Lunch,Vegetable Curry,215,168,41,51.34,11038.63,19.069767441860467,78.13953488372093,2104.94
FOOD003271,2026-07-24,Lunch,Sambar,57,52,4,70.45,4015.59,7.017543859649122,91.22807017543859,281.8
FOOD003272,2026-07-24,Lunch,Chicken Curry,73,68,5,51.3,3744.9,6.8493150684931505,93.15068493150685,256.5
FOOD003273,2026-07-24,Snacks,Dosa,84,64,14,16.29,1368.48,16.666666666666664,76.19047619047619,228.06
FOOD003274,2026-07-24,Snacks,Idli,80,76,3,42.93,3434.67,3.75,95.0,128.79
FOOD003275,2026-07-24,Snacks,Fried Rice,247,228,16,64.28,15876.54,6.477732793522267,92.3076923076923,1028.48
FOOD003276,2026-07-24,Snacks,Rice,63,54,7,26.22,1651.67,11.11111111111111,85.71428571428571,183.54
FOOD003277,2026-07-24,Dinner,Dosa,182,157,18,66.68,12135.22,9.89010989010989,86.26373626373626,1200.2400000000002
FOOD003278,2026-07-24,Dinner,Chapati,145,129,14,67.38,9769.42,9.655172413793103,88.96551724137932,943.3199999999999
FOOD003279,2026-07-24,Dinner,Vegetable Curry,104,96,6,33.58,3492.56,5.769230769230769,92.3076923076923,201.48
FOOD003280,2026-07-24,Dinner,Idli,59,48,5,49.79,2937.72,8.47457627118644,81.35593220338984,248.95
FOOD003281,2026-07-25,Breakfast,Curd Rice,192,160,32,75.32,14462.1,16.666666666666664,83.33333333333334,2410.24
FOOD003282,2026-07-25,Breakfast,Dal,105,80,20,32.97,3461.53,19.047619047619047,76.19047619047619,659.4
FOOD003283,2026-07-25,Breakfast,Idli,118,104,8,79.17,9342.46,6.779661016949152,88.13559322033898,633.36
FOOD003284,2026-07-25,Breakfast,Biryani,137,124,9,64.15,8788.72,6.569343065693431,90.51094890510949,577.35
FOOD003285,2026-07-25,Lunch,Dosa,214,180,33,54.9,11748.09,15.42056074766355,84.11214953271028,1811.7
FOOD003286,2026-07-25,Lunch,Sambar,203,162,34,17.0,3450.57,16.748768472906402,79.80295566502463,578.0
FOOD003287,2026-07-25,Lunch,Chapati,215,177,32,21.26,4571.77,14.883720930232558,82.32558139534883,680.32
FOOD003288,2026-07-25,Lunch,Idli,230,195,30,29.18,6711.56,13.043478260869565,84.78260869565217,875.4
FOOD003289,2026-07-25,Snacks,Chicken Curry,172,148,21,58.22,10013.11,12.209302325581394,86.04651162790698,1222.62
FOOD003290,2026-07-25,Snacks,Noodles,247,222,20,20.26,5004.11,8.097165991902834,89.87854251012146,405.20000000000005
FOOD003291,2026-07-25,Snacks,Dosa,168,160,7,69.95,11752.38,4.166666666666666,95.23809523809523,489.65000000000003
FOOD003292,2026-07-25,Snacks,Sambar,126,103,23,28.38,3576.04,18.253968253968253,81.74603174603175,652.74
FOOD003293,2026-07-25,Dinner,Fried Rice,106,95,4,65.23,6914.6,3.7735849056603774,89.62264150943396,260.92
FOOD003294,2026-07-25,Dinner,Chicken Curry,72,57,11,45.69,3289.65,15.277777777777779,79.16666666666666,502.59
FOOD003295,2026-07-25,Dinner,Rice,170,155,11,52.62,8946.17,6.470588235294119,91.17647058823529,578.8199999999999
FOOD003296,2026-07-25,Dinner,Idli,159,131,25,67.08,10666.32,15.723270440251572,82.38993710691824,1677.0
FOOD003297,2026-07-26,Breakfast,Dal,154,131,23,57.79,8899.78,14.935064935064934,85.06493506493507,1329.17
FOOD003298,2026-07-26,Breakfast,Chapati,146,119,20,69.38,10129.3,13.698630136986301,81.5068493150685,1387.6
FOOD003299,2026-07-26,Breakfast,Biryani,64,55,3,23.45,1500.53,4.6875,85.9375,70.35
FOOD003300,2026-07-26,Breakfast,Rice,52,44,4,36.92,1919.78,7.6923076923076925,84.61538461538461,147.68
FOOD003301,2026-07-26,Lunch,Rice,116,106,9,66.41,7703.19,7.758620689655173,91.37931034482759,597.6899999999999
FOOD003302,2026-07-26,Lunch,Idli,125,114,8,72.46,9057.92,6.4,91.2,579.68
FOOD003303,2026-07-26,Lunch,Dosa,236,196,33,68.67,16205.58,13.983050847457626,83.05084745762711,2266.11
FOOD003304,2026-07-26,Lunch,Fried Rice,210,190,13,26.79,5625.15,6.190476190476191,90.47619047619048,348.27
FOOD003305,2026-07-26,Snacks,Sambar,199,174,18,49.1,9771.21,9.045226130653267,87.43718592964824,883.8000000000001
FOOD003306,2026-07-26,Snacks,Chapati,221,176,42,34.45,7612.55,19.004524886877828,79.63800904977376,1446.9
FOOD003307,2026-07-26,Snacks,Vegetable Curry,181,168,10,20.98,3797.02,5.524861878453039,92.81767955801105,209.8
FOOD003308,2026-07-26,Snacks,Fried Rice,131,113,16,35.33,4628.45,12.213740458015266,86.25954198473282,565.28
FOOD003309,2026-07-26,Dinner,Curd Rice,228,200,21,19.47,4438.99,9.210526315789473,87.71929824561403,408.87
FOOD003310,2026-07-26,Dinner,Biryani,76,71,3,48.8,3708.55,3.9473684210526314,93.42105263157895,146.39999999999998
FOOD003311,2026-07-26,Dinner,Noodles,96,89,6,73.73,7077.84,6.25,92.70833333333334,442.38
FOOD003312,2026-07-26,Dinner,Chicken Curry,117,92,20,24.16,2827.05,17.094017094017094,78.63247863247864,483.2
FOOD003313,2026-07-27,Breakfast,Sambar,136,111,23,44.81,6094.41,16.911764705882355,81.61764705882352,1030.63
FOOD003314,2026-07-27,Breakfast,Rice,55,44,10,45.39,2496.45,18.181818181818183,80.0,453.9
FOOD003315,2026-07-27,Breakfast,Fried Rice,99,80,17,45.25,4479.58,17.17171717171717,80.8080808080808,769.25
FOOD003316,2026-07-27,Breakfast,Noodles,143,120,17,64.53,9228.49,11.888111888111888,83.91608391608392,1097.01
FOOD003317,2026-07-27,Lunch,Chicken Curry,174,151,18,23.02,4006.14,10.344827586206897,86.7816091954023,414.36
FOOD003318,2026-07-27,Lunch,Dal,110,101,8,53.34,5867.31,7.2727272727272725,91.81818181818183,426.72
FOOD003319,2026-07-27,Lunch,Fried Rice,192,176,10,19.44,3732.99,5.208333333333334,91.66666666666666,194.4
FOOD003320,2026-07-27,Lunch,Noodles,170,148,17,71.41,12139.85,10.0,87.05882352941177,1213.97
FOOD003321,2026-07-27,Snacks,Biryani,179,147,30,59.23,10602.72,16.75977653631285,82.12290502793296,1776.8999999999999
FOOD003322,2026-07-27,Snacks,Noodles,157,144,10,23.76,3730.6,6.369426751592357,91.71974522292994,237.60000000000002
FOOD003323,2026-07-27,Snacks,Dal,72,62,9,19.82,1427.12,12.5,86.11111111111111,178.38
FOOD003324,2026-07-27,Snacks,Chicken Curry,138,107,24,59.08,8153.25,17.391304347826086,77.53623188405797,1417.92
FOOD003325,2026-07-27,Dinner,Curd Rice,120,99,15,64.03,7684.17,12.5,82.5,960.45
FOOD003326,2026-07-27,Dinner,Dosa,50,43,6,60.68,3033.79,12.0,86.0,364.08
FOOD003327,2026-07-27,Dinner,Chicken Curry,162,141,21,28.07,4547.32,12.962962962962962,87.03703703703704,589.47
FOOD003328,2026-07-27,Dinner,Chapati,92,76,15,57.33,5274.19,16.304347826086957,82.6086956521739,859.9499999999999
FOOD003329,2026-07-28,Breakfast,Sambar,124,109,12,34.07,4225.08,9.67741935483871,87.90322580645162,408.84000000000003
FOOD003330,2026-07-28,Breakfast,Idli,216,180,30,64.13,13852.16,13.88888888888889,83.33333333333334,1923.8999999999999
FOOD003331,2026-07-28,Breakfast,Biryani,182,152,25,56.43,10270.81,13.736263736263737,83.51648351648352,1410.75
FOOD003332,2026-07-28,Breakfast,Chapati,157,124,27,75.62,11871.87,17.197452229299362,78.98089171974523,2041.7400000000002
FOOD003333,2026-07-28,Lunch,Dosa,60,42,11,35.52,2130.96,18.333333333333332,70.0,390.72
FOOD003334,2026-07-28,Lunch,Noodles,196,156,36,17.35,3401.0,18.367346938775512,79.59183673469387,624.6
FOOD003335,2026-07-28,Lunch,Sambar,149,124,20,65.66,9783.43,13.422818791946309,83.22147651006712,1313.1999999999998
FOOD003336,2026-07-28,Lunch,Fried Rice,229,198,26,71.79,16439.87,11.353711790393014,86.46288209606988,1866.5400000000002
FOOD003337,2026-07-28,Snacks,Dosa,197,162,34,76.22,15015.23,17.258883248730964,82.23350253807106,2591.48
FOOD003338,2026-07-28,Snacks,Noodles,219,201,15,69.51,15222.48,6.8493150684931505,91.78082191780823,1042.65
FOOD003339,2026-07-28,Snacks,Fried Rice,161,139,21,25.2,4056.99,13.043478260869565,86.33540372670807,529.1999999999999
FOOD003340,2026-07-28,Snacks,Chicken Curry,129,108,20,51.77,6678.54,15.503875968992247,83.72093023255815,1035.4
FOOD003341,2026-07-28,Dinner,Fried Rice,233,206,21,68.59,15981.95,9.012875536480687,88.41201716738198,1440.39
FOOD003342,2026-07-28,Dinner,Biryani,129,113,12,53.94,6958.46,9.30232558139535,87.59689922480621,647.28
FOOD003343,2026-07-28,Dinner,Dal,156,130,24,34.07,5315.33,15.384615384615385,83.33333333333334,817.6800000000001
FOOD003344,2026-07-28,Dinner,Chapati,227,210,17,77.09,17499.39,7.488986784140969,92.51101321585902,1310.53
FOOD003345,2026-07-29,Breakfast,Dal,73,68,3,56.04,4090.69,4.10958904109589,93.15068493150685,168.12
FOOD003346,2026-07-29,Breakfast,Biryani,163,140,21,22.42,3654.91,12.883435582822086,85.88957055214725,470.82000000000005
FOOD003347,2026-07-29,Breakfast,Sambar,192,164,28,51.3,9849.73,14.583333333333334,85.41666666666666,1436.3999999999999
FOOD003348,2026-07-29,Breakfast,Rice,245,228,16,18.31,4485.78,6.530612244897959,93.06122448979592,292.96
FOOD003349,2026-07-29,Lunch,Biryani,116,92,21,53.03,6151.73,18.103448275862068,79.3103448275862,1113.63
FOOD003350,2026-07-29,Lunch,Dal,180,146,32,25.25,4544.87,17.77777777777778,81.11111111111111,808.0
FOOD003351,2026-07-29,Lunch,Chicken Curry,200,176,22,43.54,8708.52,11.0,88.0,957.88
FOOD003352,2026-07-29,Lunch,Idli,179,145,28,29.06,5201.24,15.64245810055866,81.00558659217877,813.68
FOOD003353,2026-07-29,Snacks,Chapati,164,133,24,62.47,10244.58,14.634146341463413,81.09756097560977,1499.28
FOOD003354,2026-07-29,Snacks,Chicken Curry,207,193,13,26.01,5385.06,6.280193236714976,93.23671497584542,338.13
FOOD003355,2026-07-29,Snacks,Idli,235,182,46,45.85,10773.69,19.574468085106382,77.4468085106383,2109.1
FOOD003356,2026-07-29,Snacks,Vegetable Curry,247,200,43,47.97,11849.56,17.408906882591094,80.97165991902834,2062.71
FOOD003357,2026-07-29,Dinner,Dosa,90,84,6,25.01,2251.02,6.666666666666667,93.33333333333333,150.06
FOOD003358,2026-07-29,Dinner,Vegetable Curry,193,157,36,34.34,6628.43,18.65284974093264,81.34715025906736,1236.2400000000002
FOOD003359,2026-07-29,Dinner,Rice,161,142,12,38.83,6252.38,7.453416149068323,88.19875776397515,465.96
FOOD003360,2026-07-29,Dinner,Idli,207,186,20,70.84,14663.85,9.66183574879227,89.85507246376811,1416.8000000000002
FOOD003361,2026-07-30,Breakfast,Sambar,144,126,17,27.37,3941.96,11.805555555555555,87.5,465.29
FOOD003362,2026-07-30,Breakfast,Dal,191,152,37,16.77,3203.79,19.3717277486911,79.58115183246073,620.49
FOOD003363,2026-07-30,Breakfast,Biryani,54,46,7,22.16,1196.37,12.962962962962962,85.18518518518519,155.12
FOOD003364,2026-07-30,Breakfast,Chapati,204,168,31,52.42,10693.44,15.196078431372548,82.35294117647058,1625.02
FOOD003365,2026-07-30,Lunch,Sambar,112,98,7,76.37,8553.35,6.25,87.5,534.59
FOOD003366,2026-07-30,Lunch,Fried Rice,236,202,32,41.89,9885.92,13.559322033898304,85.59322033898306,1340.48
FOOD003367,2026-07-30,Lunch,Noodles,63,49,10,49.33,3107.88,15.873015873015872,77.77777777777779,493.29999999999995
FOOD003368,2026-07-30,Lunch,Dal,153,130,21,53.41,8171.16,13.725490196078432,84.9673202614379,1121.61
FOOD003369,2026-07-30,Snacks,Noodles,125,118,6,78.08,9760.61,4.8,94.39999999999999,468.48
FOOD003370,2026-07-30,Snacks,Biryani,179,155,21,61.0,10918.67,11.731843575418994,86.59217877094973,1281.0
FOOD003371,2026-07-30,Snacks,Rice,104,83,14,49.53,5150.63,13.461538461538462,79.8076923076923,693.4200000000001
FOOD003372,2026-07-30,Snacks,Idli,209,170,39,54.46,11382.25,18.660287081339714,81.3397129186603,2123.94
FOOD003373,2026-07-30,Dinner,Chapati,86,73,12,66.92,5755.47,13.953488372093023,84.88372093023256,803.04
FOOD003374,2026-07-30,Dinner,Biryani,156,133,20,29.89,4662.7,12.82051282051282,85.25641025641025,597.8
FOOD003375,2026-07-30,Dinner,Dal,241,214,22,26.64,6421.1,9.12863070539419,88.79668049792531,586.08
FOOD003376,2026-07-30,Dinner,Curd Rice,213,190,18,23.16,4933.32,8.450704225352112,89.2018779342723,416.88
FOOD003377,2026-07-31,Breakfast,Rice,124,93,24,74.21,9202.45,19.35483870967742,75.0,1781.04
FOOD003378,2026-07-31,Breakfast,Vegetable Curry,137,124,6,64.3,8809.19,4.37956204379562,90.51094890510949,385.79999999999995
FOOD003379,2026-07-31,Breakfast,Sambar,156,141,11,26.07,4066.69,7.051282051282051,90.38461538461539,286.77
FOOD003380,2026-07-31,Breakfast,Noodles,82,67,14,63.36,5195.62,17.073170731707318,81.70731707317073,887.04
FOOD003381,2026-07-31,Lunch,Dal,215,190,22,75.3,16190.07,10.232558139534884,88.37209302325581,1656.6
FOOD003382,2026-07-31,Lunch,Vegetable Curry,70,56,7,23.23,1626.07,10.0,80.0,162.61
FOOD003383,2026-07-31,Lunch,Noodles,95,89,4,60.06,5705.42,4.2105263157894735,93.6842105263158,240.24
FOOD003384,2026-07-31,Lunch,Fried Rice,79,66,11,24.19,1910.94,13.924050632911392,83.54430379746836,266.09000000000003
FOOD003385,2026-07-31,Snacks,Curd Rice,67,58,7,70.19,4702.87,10.44776119402985,86.56716417910447,491.33
FOOD003386,2026-07-31,Snacks,Chicken Curry,124,114,9,56.22,6971.31,7.258064516129033,91.93548387096774,505.98
FOOD003387,2026-07-31,Snacks,Sambar,104,83,17,57.76,6007.07,16.346153846153847,79.8076923076923,981.92
FOOD003388,2026-07-31,Snacks,Idli,105,93,8,28.59,3001.51,7.6190476190476195,88.57142857142857,228.72
FOOD003389,2026-07-31,Dinner,Rice,114,86,22,15.98,1821.37,19.298245614035086,75.43859649122807,351.56
FOOD003390,2026-07-31,Dinner,Dosa,119,99,19,68.78,8185.16,15.966386554621847,83.19327731092437,1306.82
FOOD003391,2026-07-31,Dinner,Noodles,166,149,10,59.29,9842.56,6.024096385542169,89.7590361445783,592.9
FOOD003392,2026-07-31,Dinner,Curd Rice,241,195,45,43.65,10519.75,18.672199170124482,80.91286307053942,1964.25
FOOD003393,2026-08-01,Breakfast,Chapati,90,81,8,49.46,4451.11,8.88888888888889,90.0,395.68
FOOD003394,2026-08-01,Breakfast,Idli,218,195,20,63.21,13779.8,9.174311926605505,89.44954128440367,1264.2
FOOD003395,2026-08-01,Breakfast,Dal,87,64,16,39.67,3451.72,18.39080459770115,73.5632183908046,634.72
FOOD003396,2026-08-01,Breakfast,Noodles,165,133,26,15.79,2604.68,15.757575757575756,80.60606060606061,410.53999999999996
FOOD003397,2026-08-01,Lunch,Dosa,92,77,11,27.47,2526.84,11.956521739130435,83.69565217391305,302.16999999999996
FOOD003398,2026-08-01,Lunch,Fried Rice,50,43,6,35.82,1790.85,12.0,86.0,214.92000000000002
FOOD003399,2026-08-01,Lunch,Sambar,191,168,18,18.44,3521.58,9.424083769633508,87.95811518324608,331.92
FOOD003400,2026-08-01,Lunch,Chapati,100,88,9,32.06,3206.46,9.0,88.0,288.54
FOOD003401,2026-08-01,Snacks,Biryani,175,144,26,22.68,3969.05,14.857142857142858,82.28571428571428,589.68
FOOD003402,2026-08-01,Snacks,Chapati,188,157,29,53.13,9988.64,15.425531914893616,83.51063829787235,1540.77
FOOD003403,2026-08-01,Snacks,Curd Rice,151,136,11,43.15,6515.78,7.28476821192053,90.06622516556291,474.65
FOOD003404,2026-08-01,Snacks,Sambar,105,92,10,65.27,6852.85,9.523809523809524,87.61904761904762,652.6999999999999
FOOD003405,2026-08-01,Dinner,Sambar,76,69,4,49.67,3774.82,5.263157894736842,90.78947368421053,198.68
FOOD003406,2026-08-01,Dinner,Dosa,99,82,16,28.25,2797.02,16.161616161616163,82.82828282828282,452.0
FOOD003407,2026-08-01,Dinner,Dal,188,171,17,55.67,10465.84,9.042553191489363,90.95744680851064,946.39
FOOD003408,2026-08-01,Dinner,Noodles,131,121,7,33.83,4431.97,5.343511450381679,92.36641221374046,236.81
FOOD003409,2026-08-02,Breakfast,Dosa,110,97,6,55.64,6120.02,5.454545454545454,88.18181818181819,333.84000000000003
FOOD003410,2026-08-02,Breakfast,Chicken Curry,124,99,20,48.99,6074.56,16.129032258064516,79.83870967741935,979.8000000000001
FOOD003411,2026-08-02,Breakfast,Vegetable Curry,233,183,43,39.11,9112.27,18.4549356223176,78.54077253218884,1681.73
FOOD003412,2026-08-02,Breakfast,Sambar,119,98,20,56.91,6772.22,16.80672268907563,82.35294117647058,1138.1999999999998
FOOD003413,2026-08-02,Lunch,Dal,56,49,3,28.72,1608.54,5.357142857142857,87.5,86.16
FOOD003414,2026-08-02,Lunch,Noodles,108,87,15,54.93,5932.58,13.88888888888889,80.55555555555556,823.95
FOOD003415,2026-08-02,Lunch,Vegetable Curry,220,188,27,43.62,9596.52,12.272727272727273,85.45454545454545,1177.74
FOOD003416,2026-08-02,Lunch,Rice,172,139,28,28.12,4836.91,16.27906976744186,80.81395348837209,787.36
FOOD003417,2026-08-02,Snacks,Curd Rice,59,51,2,23.21,1369.47,3.389830508474576,86.4406779661017,46.42
FOOD003418,2026-08-02,Snacks,Chapati,155,131,24,71.74,11119.25,15.483870967741936,84.51612903225806,1721.7599999999998
FOOD003419,2026-08-02,Snacks,Dal,81,63,16,57.16,4630.36,19.753086419753085,77.77777777777779,914.56
FOOD003420,2026-08-02,Snacks,Biryani,73,59,13,43.71,3190.9,17.80821917808219,80.82191780821918,568.23
FOOD003421,2026-08-02,Dinner,Dal,193,169,23,49.04,9464.42,11.917098445595855,87.56476683937824,1127.92
FOOD003422,2026-08-02,Dinner,Curd Rice,99,74,18,43.37,4293.78,18.181818181818183,74.74747474747475,780.66
FOOD003423,2026-08-02,Dinner,Chicken Curry,118,99,18,31.56,3723.9,15.254237288135593,83.89830508474576,568.0799999999999
FOOD003424,2026-08-02,Dinner,Rice,155,128,25,79.5,12322.64,16.129032258064516,82.58064516129032,1987.5
FOOD003425,2026-08-03,Breakfast,Noodles,70,59,6,74.67,5226.59,8.571428571428571,84.28571428571429,448.02
FOOD003426,2026-08-03,Breakfast,Chicken Curry,237,214,19,32.18,7625.53,8.016877637130802,90.29535864978902,611.42
FOOD003427,2026-08-03,Breakfast,Chapati,207,176,24,53.69,11114.76,11.594202898550725,85.02415458937197,1288.56
FOOD003428,2026-08-03,Breakfast,Sambar,217,184,26,25.52,5537.46,11.981566820276496,84.7926267281106,663.52
FOOD003429,2026-08-03,Lunch,Noodles,145,134,9,53.02,7688.24,6.206896551724138,92.41379310344827,477.18
FOOD003430,2026-08-03,Lunch,Rice,136,114,20,48.16,6550.12,14.705882352941178,83.82352941176471,963.1999999999999
FOOD003431,2026-08-03,Lunch,Dosa,51,45,4,41.71,2127.42,7.8431372549019605,88.23529411764706,166.84
FOOD003432,2026-08-03,Lunch,Sambar,160,134,23,48.83,7812.64,14.374999999999998,83.75,1123.09
FOOD003433,2026-08-03,Snacks,Curd Rice,67,63,4,40.14,2689.13,5.970149253731343,94.02985074626866,160.56
FOOD003434,2026-08-03,Snacks,Dosa,155,131,19,28.8,4463.58,12.258064516129032,84.51612903225806,547.2
FOOD003435,2026-08-03,Snacks,Sambar,69,65,2,63.24,4363.67,2.898550724637681,94.20289855072464,126.48
FOOD003436,2026-08-03,Snacks,Vegetable Curry,121,112,9,71.6,8663.51,7.43801652892562,92.56198347107438,644.4
FOOD003437,2026-08-03,Dinner,Biryani,56,39,10,78.46,4393.81,17.857142857142858,69.64285714285714,784.5999999999999
FOOD003438,2026-08-03,Dinner,Vegetable Curry,216,187,26,47.99,10365.34,12.037037037037036,86.57407407407408,1247.74
FOOD003439,2026-08-03,Dinner,Dal,146,121,20,47.22,6893.7,13.698630136986301,82.87671232876713,944.4
FOOD003440,2026-08-03,Dinner,Chapati,193,172,15,19.11,3687.44,7.772020725388601,89.11917098445595,286.65
FOOD003441,2026-08-04,Breakfast,Idli,83,76,4,58.93,4891.11,4.819277108433735,91.56626506024097,235.72
FOOD003442,2026-08-04,Breakfast,Biryani,157,134,16,79.95,12552.9,10.191082802547772,85.35031847133759,1279.2
FOOD003443,2026-08-04,Breakfast,Dosa,90,81,6,76.31,6867.69,6.666666666666667,90.0,457.86
FOOD003444,2026-08-04,Breakfast,Noodles,243,216,27,33.05,8031.93,11.11111111111111,88.88888888888889,892.3499999999999
FOOD003445,2026-08-04,Lunch,Fried Rice,221,195,19,65.11,14390.33,8.597285067873303,88.23529411764706,1237.09
FOOD003446,2026-08-04,Lunch,Dosa,162,148,14,77.95,12627.35,8.641975308641975,91.35802469135803,1091.3
FOOD003447,2026-08-04,Lunch,Vegetable Curry,120,102,13,70.88,8505.71,10.833333333333334,85.0,921.4399999999999
FOOD003448,2026-08-04,Lunch,Rice,131,114,15,57.76,7566.03,11.450381679389313,87.02290076335878,866.4
FOOD003449,2026-08-04,Snacks,Rice,90,80,5,16.87,1517.99,5.555555555555555,88.88888888888889,84.35000000000001
FOOD003450,2026-08-04,Snacks,Fried Rice,148,127,18,16.75,2479.64,12.162162162162163,85.8108108108108,301.5
FOOD003451,2026-08-04,Snacks,Chicken Curry,165,130,28,63.49,10475.15,16.969696969696972,78.78787878787878,1777.72
FOOD003452,2026-08-04,Snacks,Curd Rice,123,94,22,24.86,3057.31,17.88617886178862,76.42276422764228,546.92
FOOD003453,2026-08-04,Dinner,Dosa,213,178,30,38.69,8240.45,14.084507042253522,83.56807511737088,1160.6999999999998
FOOD003454,2026-08-04,Dinner,Idli,63,60,3,64.99,4094.26,4.761904761904762,95.23809523809523,194.96999999999997
FOOD003455,2026-08-04,Dinner,Chapati,55,41,7,24.28,1335.38,12.727272727272727,74.54545454545455,169.96
FOOD003456,2026-08-04,Dinner,Curd Rice,130,119,11,17.6,2288.28,8.461538461538462,91.53846153846153,193.60000000000002
FOOD003457,2026-08-05,Breakfast,Dosa,226,185,35,24.65,5571.29,15.486725663716813,81.85840707964603,862.75
FOOD003458,2026-08-05,Breakfast,Sambar,74,65,3,63.96,4732.84,4.054054054054054,87.83783783783784,191.88
FOOD003459,2026-08-05,Breakfast,Biryani,246,212,33,17.0,4182.6,13.414634146341465,86.1788617886179,561.0
FOOD003460,2026-08-05,Breakfast,Noodles,160,131,27,25.95,4151.85,16.875,81.875,700.65
FOOD003461,2026-08-05,Lunch,Vegetable Curry,137,113,22,49.8,6822.37,16.05839416058394,82.48175182481752,1095.6
FOOD003462,2026-08-05,Lunch,Chapati,195,168,21,23.33,4549.97,10.76923076923077,86.15384615384616,489.92999999999995
FOOD003463,2026-08-05,Lunch,Dal,196,159,31,74.8,14660.69,15.816326530612246,81.12244897959184,2318.7999999999997
FOOD003464,2026-08-05,Lunch,Noodles,221,181,40,60.31,13329.16,18.099547511312217,81.90045248868778,2412.4
FOOD003465,2026-08-05,Snacks,Noodles,142,123,16,42.17,5988.8,11.267605633802818,86.61971830985915,674.72
FOOD003466,2026-08-05,Snacks,Rice,97,86,5,57.33,5560.53,5.154639175257731,88.65979381443299,286.65
FOOD003467,2026-08-05,Snacks,Idli,83,69,10,32.79,2721.67,12.048192771084338,83.13253012048193,327.9
FOOD003468,2026-08-05,Snacks,Biryani,141,123,15,20.33,2866.48,10.638297872340425,87.2340425531915,304.95
FOOD003469,2026-08-05,Dinner,Vegetable Curry,143,127,14,27.85,3982.16,9.79020979020979,88.81118881118881,389.90000000000003
FOOD003470,2026-08-05,Dinner,Chicken Curry,186,154,31,41.73,7760.97,16.666666666666664,82.79569892473118,1293.6299999999999
FOOD003471,2026-08-05,Dinner,Dosa,238,194,44,74.95,17838.36,18.487394957983195,81.5126050420168,3297.8
FOOD003472,2026-08-05,Dinner,Idli,212,182,26,27.55,5841.31,12.264150943396226,85.84905660377359,716.3000000000001
FOOD003473,2026-08-06,Breakfast,Rice,72,65,7,74.91,5393.24,9.722222222222223,90.27777777777779,524.37
FOOD003474,2026-08-06,Breakfast,Idli,111,91,20,18.51,2054.91,18.01801801801802,81.98198198198197,370.20000000000005
FOOD003475,2026-08-06,Breakfast,Vegetable Curry,161,133,23,42.65,6867.22,14.285714285714285,82.6086956521739,980.9499999999999
FOOD003476,2026-08-06,Breakfast,Chicken Curry,208,179,25,61.27,12743.78,12.01923076923077,86.0576923076923,1531.75
FOOD003477,2026-08-06,Lunch,Dal,61,54,6,29.89,1823.12,9.836065573770492,88.52459016393442,179.34
FOOD003478,2026-08-06,Lunch,Fried Rice,155,132,21,23.83,3694.15,13.548387096774196,85.16129032258064,500.42999999999995
FOOD003479,2026-08-06,Lunch,Curd Rice,182,164,18,74.45,13549.25,9.89010989010989,90.10989010989012,1340.1000000000001
FOOD003480,2026-08-06,Lunch,Chicken Curry,143,123,18,38.53,5509.95,12.587412587412588,86.01398601398601,693.54
FOOD003481,2026-08-06,Snacks,Vegetable Curry,183,147,31,29.34,5369.81,16.939890710382514,80.32786885245902,909.54
FOOD003482,2026-08-06,Snacks,Chapati,175,162,12,19.61,3432.31,6.857142857142858,92.57142857142857,235.32
FOOD003483,2026-08-06,Snacks,Sambar,80,61,13,53.62,4289.46,16.25,76.25,697.06
FOOD003484,2026-08-06,Snacks,Fried Rice,222,205,10,48.37,10738.9,4.504504504504505,92.34234234234235,483.7
FOOD003485,2026-08-06,Dinner,Vegetable Curry,238,194,43,24.25,5770.64,18.067226890756302,81.5126050420168,1042.75
FOOD003486,2026-08-06,Dinner,Idli,208,174,31,56.81,11815.74,14.903846153846153,83.65384615384616,1761.1100000000001
FOOD003487,2026-08-06,Dinner,Chapati,114,106,4,59.49,6782.18,3.508771929824561,92.98245614035088,237.96
FOOD003488,2026-08-06,Dinner,Dosa,191,167,20,54.36,10382.22,10.471204188481675,87.43455497382199,1087.2
FOOD003489,2026-08-07,Breakfast,Idli,212,171,41,19.44,4121.77,19.339622641509436,80.66037735849056,797.0400000000001
FOOD003490,2026-08-07,Breakfast,Dal,193,160,31,33.59,6482.2,16.06217616580311,82.90155440414507,1041.2900000000002
FOOD003491,2026-08-07,Breakfast,Curd Rice,126,105,18,69.7,8782.13,14.285714285714285,83.33333333333334,1254.6000000000001
FOOD003492,2026-08-07,Breakfast,Chicken Curry,103,93,6,23.29,2399.06,5.825242718446602,90.29126213592234,139.74
FOOD003493,2026-08-07,Lunch,Idli,196,181,15,77.45,15179.59,7.653061224489796,92.3469387755102,1161.75
FOOD003494,2026-08-07,Lunch,Dal,216,201,13,69.96,15111.24,6.018518518518518,93.05555555555556,909.4799999999999
FOOD003495,2026-08-07,Lunch,Rice,156,140,15,78.36,12223.48,9.615384615384617,89.74358974358975,1175.4
FOOD003496,2026-08-07,Lunch,Sambar,149,120,22,39.03,5815.66,14.76510067114094,80.53691275167785,858.6600000000001
FOOD003497,2026-08-07,Snacks,Idli,143,115,22,38.13,5452.76,15.384615384615385,80.41958041958041,838.86
FOOD003498,2026-08-07,Snacks,Chicken Curry,213,169,42,44.38,9452.23,19.718309859154928,79.34272300469483,1863.96
FOOD003499,2026-08-07,Snacks,Chapati,62,52,8,74.23,4602.53,12.903225806451612,83.87096774193549,593.84
FOOD003500,2026-08-07,Snacks,Rice,81,66,15,26.13,2116.47,18.51851851851852,81.48148148148148,391.95
FOOD003501,2026-08-07,Dinner,Chapati,94,77,10,16.85,1584.27,10.638297872340425,81.91489361702128,168.5
FOOD003502,2026-08-07,Dinner,Fried Rice,170,144,22,56.38,9584.23,12.941176470588237,84.70588235294117,1240.3600000000001
FOOD003503,2026-08-07,Dinner,Rice,199,179,14,56.54,11251.82,7.035175879396985,89.9497487437186,791.56
FOOD003504,2026-08-07,Dinner,Biryani,108,90,12,37.37,4035.78,11.11111111111111,83.33333333333334,448.43999999999994
FOOD003505,2026-08-08,Breakfast,Chapati,56,48,6,60.34,3378.91,10.714285714285714,85.71428571428571,362.04
FOOD003506,2026-08-08,Breakfast,Sambar,202,165,36,71.69,14480.41,17.82178217821782,81.68316831683168,2580.84
FOOD003507,2026-08-08,Breakfast,Idli,149,135,7,34.38,5122.21,4.697986577181208,90.60402684563759,240.66000000000003
FOOD003508,2026-08-08,Breakfast,Fried Rice,170,140,23,34.99,5948.41,13.529411764705882,82.35294117647058,804.7700000000001
FOOD003509,2026-08-08,Lunch,Chapati,55,42,9,72.6,3993.07,16.363636363636363,76.36363636363637,653.4
FOOD003510,2026-08-08,Lunch,Idli,222,194,24,17.17,3812.04,10.81081081081081,87.38738738738738,412.08000000000004
FOOD003511,2026-08-08,Lunch,Sambar,192,172,20,27.84,5344.95,10.416666666666668,89.58333333333334,556.8
FOOD003512,2026-08-08,Lunch,Rice,55,52,3,66.09,3634.75,5.454545454545454,94.54545454545455,198.27
FOOD003513,2026-08-08,Snacks,Curd Rice,190,154,32,21.44,4074.04,16.842105263157894,81.05263157894737,686.08
FOOD003514,2026-08-08,Snacks,Noodles,238,188,45,27.84,6626.56,18.907563025210084,78.99159663865547,1252.8
FOOD003515,2026-08-08,Snacks,Dosa,246,228,15,22.0,5410.96,6.097560975609756,92.6829268292683,330.0
FOOD003516,2026-08-08,Snacks,Chapati,64,51,9,64.27,4113.42,14.0625,79.6875,578.43
FOOD003517,2026-08-08,Dinner,Vegetable Curry,149,124,22,64.31,9582.22,14.76510067114094,83.22147651006712,1414.8200000000002
FOOD003518,2026-08-08,Dinner,Idli,233,205,22,34.34,8001.1,9.44206008583691,87.98283261802575,755.48
FOOD003519,2026-08-08,Dinner,Fried Rice,219,187,25,37.31,8171.02,11.415525114155251,85.38812785388129,932.75
FOOD003520,2026-08-08,Dinner,Chapati,109,85,17,28.15,3068.84,15.59633027522936,77.98165137614679,478.54999999999995
FOOD003521,2026-08-09,Breakfast,Noodles,172,153,17,15.8,2718.43,9.883720930232558,88.95348837209302,268.6
FOOD003522,2026-08-09,Breakfast,Dosa,248,209,36,70.51,17485.63,14.516129032258066,84.2741935483871,2538.36
FOOD003523,2026-08-09,Breakfast,Chapati,190,170,19,73.58,13979.99,10.0,89.47368421052632,1398.02
FOOD003524,2026-08-09,Breakfast,Chicken Curry,246,199,41,70.5,17342.36,16.666666666666664,80.89430894308943,2890.5
FOOD003525,2026-08-09,Lunch,Fried Rice,151,120,29,25.88,3907.41,19.205298013245034,79.47019867549669,750.52
FOOD003526,2026-08-09,Lunch,Sambar,98,75,19,60.4,5919.6,19.387755102040817,76.53061224489795,1147.6
FOOD003527,2026-08-09,Lunch,Vegetable Curry,248,225,23,22.68,5623.89,9.274193548387096,90.7258064516129,521.64
FOOD003528,2026-08-09,Lunch,Dal,245,209,32,22.01,5392.68,13.061224489795919,85.3061224489796,704.32
FOOD003529,2026-08-09,Snacks,Noodles,155,126,29,46.26,7170.24,18.70967741935484,81.29032258064515,1341.54
FOOD003530,2026-08-09,Snacks,Sambar,223,185,37,62.08,13843.41,16.591928251121075,82.95964125560538,2296.96
FOOD003531,2026-08-09,Snacks,Dosa,238,208,24,37.93,9027.17,10.084033613445378,87.39495798319328,910.3199999999999
FOOD003532,2026-08-09,Snacks,Idli,74,62,9,78.03,5774.3,12.162162162162163,83.78378378378379,702.27
FOOD003533,2026-08-09,Dinner,Vegetable Curry,248,215,30,61.92,15355.04,12.096774193548388,86.69354838709677,1857.6000000000001
FOOD003534,2026-08-09,Dinner,Noodles,173,137,30,51.65,8935.6,17.341040462427745,79.1907514450867,1549.5
FOOD003535,2026-08-09,Dinner,Curd Rice,209,178,31,67.67,14142.89,14.832535885167463,85.16746411483254,2097.77
FOOD003536,2026-08-09,Dinner,Fried Rice,55,40,9,59.23,3257.92,16.363636363636363,72.72727272727273,533.0699999999999
FOOD003537,2026-08-10,Breakfast,Dal,94,80,10,78.34,7363.66,10.638297872340425,85.1063829787234,783.4000000000001
FOOD003538,2026-08-10,Breakfast,Biryani,60,57,3,38.86,2331.77,5.0,95.0,116.58
FOOD003539,2026-08-10,Breakfast,Sambar,249,221,21,18.04,4492.17,8.433734939759036,88.75502008032129,378.84
FOOD003540,2026-08-10,Breakfast,Chicken Curry,158,126,30,64.22,10147.43,18.9873417721519,79.74683544303798,1926.6
FOOD003541,2026-08-10,Lunch,Sambar,235,214,20,59.63,14013.34,8.51063829787234,91.06382978723404,1192.6000000000001
FOOD003542,2026-08-10,Lunch,Noodles,52,41,8,41.85,2176.29,15.384615384615385,78.84615384615384,334.8
FOOD003543,2026-08-10,Lunch,Fried Rice,51,41,4,37.85,1930.41,7.8431372549019605,80.3921568627451,151.4
FOOD003544,2026-08-10,Lunch,Chicken Curry,244,195,45,61.33,14964.29,18.442622950819672,79.91803278688525,2759.85
FOOD003545,2026-08-10,Snacks,Idli,196,171,19,61.26,12007.6,9.693877551020408,87.24489795918367,1163.94
FOOD003546,2026-08-10,Snacks,Dal,184,170,12,50.67,9323.26,6.521739130434782,92.3913043478261,608.04
FOOD003547,2026-08-10,Snacks,Curd Rice,92,80,10,34.33,3158.62,10.869565217391305,86.95652173913044,343.29999999999995
FOOD003548,2026-08-10,Snacks,Chicken Curry,71,56,12,69.5,4934.58,16.901408450704224,78.87323943661971,834.0
FOOD003549,2026-08-10,Dinner,Curd Rice,123,110,12,63.98,7869.75,9.75609756097561,89.43089430894308,767.76
FOOD003550,2026-08-10,Dinner,Biryani,91,79,12,39.63,3606.66,13.186813186813188,86.81318681318682,475.56000000000006
FOOD003551,2026-08-10,Dinner,Dal,169,144,20,29.8,5035.95,11.834319526627219,85.20710059171599,596.0
FOOD003552,2026-08-10,Dinner,Fried Rice,66,56,4,25.65,1692.63,6.0606060606060606,84.84848484848484,102.6
FOOD003553,2026-08-11,Breakfast,Fried Rice,218,182,31,15.69,3421.03,14.220183486238533,83.4862385321101,486.39
FOOD003554,2026-08-11,Breakfast,Rice,57,53,2,62.49,3562.13,3.508771929824561,92.98245614035088,124.98
FOOD003555,2026-08-11,Breakfast,Idli,169,149,17,51.83,8759.75,10.059171597633137,88.16568047337277,881.11
FOOD003556,2026-08-11,Breakfast,Curd Rice,200,185,11,70.38,14075.68,5.5,92.5,774.18
FOOD003557,2026-08-11,Lunch,Fried Rice,88,73,15,18.54,1631.23,17.045454545454543,82.95454545454545,278.09999999999997
FOOD003558,2026-08-11,Lunch,Curd Rice,131,111,14,17.4,2278.89,10.687022900763358,84.7328244274809,243.59999999999997
FOOD003559,2026-08-11,Lunch,Vegetable Curry,111,98,10,53.44,5931.36,9.00900900900901,88.28828828828829,534.4
FOOD003560,2026-08-11,Lunch,Idli,219,175,40,28.21,6178.93,18.2648401826484,79.90867579908677,1128.4
FOOD003561,2026-08-11,Snacks,Dosa,107,90,12,19.03,2035.91,11.214953271028037,84.11214953271028,228.36
FOOD003562,2026-08-11,Snacks,Chicken Curry,177,150,26,55.78,9873.88,14.689265536723164,84.7457627118644,1450.28
FOOD003563,2026-08-11,Snacks,Noodles,54,45,6,58.63,3165.76,11.11111111111111,83.33333333333334,351.78000000000003
FOOD003564,2026-08-11,Snacks,Idli,175,153,21,30.69,5370.78,12.0,87.42857142857143,644.49
FOOD003565,2026-08-11,Dinner,Dal,182,168,13,52.5,9554.78,7.142857142857142,92.3076923076923,682.5
FOOD003566,2026-08-11,Dinner,Rice,212,170,41,21.0,4453.02,19.339622641509436,80.18867924528303,861.0
FOOD003567,2026-08-11,Dinner,Noodles,56,47,7,51.39,2877.97,12.5,83.92857142857143,359.73
FOOD003568,2026-08-11,Dinner,Chapati,134,114,17,62.41,8362.96,12.686567164179104,85.07462686567165,1060.97
FOOD003569,2026-08-12,Breakfast,Dosa,225,185,39,41.22,9274.76,17.333333333333336,82.22222222222221,1607.58
FOOD003570,2026-08-12,Breakfast,Vegetable Curry,213,174,33,34.22,7288.59,15.492957746478872,81.69014084507043,1129.26
FOOD003571,2026-08-12,Breakfast,Chicken Curry,223,178,38,70.34,15684.76,17.040358744394617,79.82062780269058,2672.92
FOOD003572,2026-08-12,Breakfast,Dal,229,202,24,32.76,7502.14,10.480349344978166,88.20960698689956,786.24
FOOD003573,2026-08-12,Lunch,Biryani,135,118,10,70.05,9457.05,7.4074074074074066,87.4074074074074,700.5
FOOD003574,2026-08-12,Lunch,Dosa,75,66,3,45.54,3415.48,4.0,88.0,136.62
FOOD003575,2026-08-12,Lunch,Sambar,72,64,7,37.81,2722.26,9.722222222222223,88.88888888888889,264.67
FOOD003576,2026-08-12,Lunch,Dal,148,119,24,78.42,11605.91,16.216216216216218,80.4054054054054,1882.08
FOOD003577,2026-08-12,Snacks,Vegetable Curry,178,140,33,18.88,3359.94,18.53932584269663,78.65168539325843,623.04
FOOD003578,2026-08-12,Snacks,Biryani,52,48,4,60.72,3157.25,7.6923076923076925,92.3076923076923,242.88
FOOD003579,2026-08-12,Snacks,Fried Rice,62,56,3,61.52,3814.33,4.838709677419355,90.32258064516128,184.56
FOOD003580,2026-08-12,Snacks,Sambar,112,101,10,65.57,7343.36,8.928571428571429,90.17857142857143,655.6999999999999
FOOD003581,2026-08-12,Dinner,Fried Rice,158,132,24,72.1,11391.83,15.18987341772152,83.54430379746836,1730.3999999999999
FOOD003582,2026-08-12,Dinner,Chapati,223,200,16,79.19,17659.43,7.174887892376682,89.68609865470853,1267.04
FOOD003583,2026-08-12,Dinner,Curd Rice,154,136,18,24.95,3843.04,11.688311688311687,88.31168831168831,449.09999999999997
FOOD003584,2026-08-12,Dinner,Idli,175,136,32,64.83,11344.72,18.285714285714285,77.71428571428571,2074.56
FOOD003585,2026-08-13,Breakfast,Idli,246,218,27,46.6,11462.61,10.975609756097562,88.6178861788618,1258.2
FOOD003586,2026-08-13,Breakfast,Rice,53,43,10,68.29,3619.58,18.867924528301888,81.13207547169812,682.9000000000001
FOOD003587,2026-08-13,Breakfast,Chicken Curry,92,75,12,50.03,4602.41,13.043478260869565,81.52173913043478,600.36
FOOD003588,2026-08-13,Breakfast,Dal,212,192,13,54.01,11451.01,6.132075471698113,90.56603773584906,702.13
FOOD003589,2026-08-13,Lunch,Chicken Curry,145,128,14,59.66,8650.03,9.655172413793103,88.27586206896552,835.24
FOOD003590,2026-08-13,Lunch,Vegetable Curry,131,112,15,28.78,3770.22,11.450381679389313,85.49618320610686,431.70000000000005
FOOD003591,2026-08-13,Lunch,Biryani,76,62,13,69.24,5261.93,17.105263157894736,81.57894736842105,900.1199999999999
FOOD003592,2026-08-13,Lunch,Fried Rice,131,118,9,47.63,6240.01,6.870229007633588,90.07633587786259,428.67
FOOD003593,2026-08-13,Snacks,Chapati,193,172,14,71.32,13764.07,7.253886010362693,89.11917098445595,998.4799999999999
FOOD003594,2026-08-13,Snacks,Fried Rice,160,128,25,15.82,2531.73,15.625,80.0,395.5
FOOD003595,2026-08-13,Snacks,Dal,184,149,32,76.9,14150.33,17.391304347826086,80.97826086956522,2460.8
FOOD003596,2026-08-13,Snacks,Idli,89,74,15,18.2,1619.64,16.853932584269664,83.14606741573034,273.0
FOOD003597,2026-08-13,Dinner,Idli,79,68,5,79.31,6265.23,6.329113924050633,86.07594936708861,396.55
FOOD003598,2026-08-13,Dinner,Curd Rice,147,119,24,39.04,5739.49,16.3265306122449,80.95238095238095,936.96
FOOD003599,2026-08-13,Dinner,Rice,162,154,7,37.7,6107.79,4.320987654320987,95.06172839506173,263.90000000000003
FOOD003600,2026-08-13,Dinner,Dosa,211,194,14,58.7,12385.76,6.6350710900473935,91.9431279620853,821.8000000000001
FOOD003601,2026-08-14,Breakfast,Chicken Curry,208,176,29,24.03,4999.15,13.942307692307693,84.61538461538461,696.87
FOOD003602,2026-08-14,Breakfast,Biryani,213,180,30,26.4,5624.09,14.084507042253522,84.50704225352112,792.0
FOOD003603,2026-08-14,Breakfast,Noodles,193,155,35,47.14,9098.54,18.134715025906736,80.31088082901555,1649.9
FOOD003604,2026-08-14,Breakfast,Chapati,91,75,12,70.77,6440.0,13.186813186813188,82.41758241758241,849.24
FOOD003605,2026-08-14,Lunch,Chicken Curry,238,222,12,27.51,6547.78,5.042016806722689,93.27731092436974,330.12
FOOD003606,2026-08-14,Lunch,Rice,116,104,5,67.6,7841.11,4.310344827586207,89.65517241379311,338.0
FOOD003607,2026-08-14,Lunch,Dosa,74,68,4,21.63,1600.74,5.405405405405405,91.8918918918919,86.52
FOOD003608,2026-08-14,Lunch,Idli,106,88,11,67.64,7170.23,10.377358490566039,83.01886792452831,744.04
FOOD003609,2026-08-14,Snacks,Dosa,132,111,19,23.04,3041.71,14.393939393939394,84.0909090909091,437.76
FOOD003610,2026-08-14,Snacks,Curd Rice,215,190,19,48.05,10331.69,8.837209302325581,88.37209302325581,912.9499999999999
FOOD003611,2026-08-14,Snacks,Dal,241,195,45,51.54,12420.2,18.672199170124482,80.91286307053942,2319.3
FOOD003612,2026-08-14,Snacks,Biryani,226,203,18,72.2,16317.42,7.964601769911504,89.82300884955751,1299.6000000000001
FOOD003613,2026-08-14,Dinner,Biryani,145,129,12,56.8,8235.93,8.275862068965518,88.96551724137932,681.5999999999999
FOOD003614,2026-08-14,Dinner,Idli,122,97,23,42.09,5135.48,18.852459016393443,79.50819672131148,968.07
FOOD003615,2026-08-14,Dinner,Dal,140,127,7,29.66,4152.61,5.0,90.71428571428571,207.62
FOOD003616,2026-08-14,Dinner,Rice,121,105,16,70.79,8565.09,13.223140495867769,86.77685950413223,1132.64
FOOD003617,2026-08-15,Breakfast,Rice,246,195,45,70.37,17311.99,18.29268292682927,79.26829268292683,3166.65
FOOD003618,2026-08-15,Breakfast,Noodles,245,215,27,62.66,15350.85,11.020408163265307,87.75510204081633,1691.82
FOOD003619,2026-08-15,Breakfast,Idli,165,140,19,31.82,5250.59,11.515151515151516,84.84848484848484,604.58
FOOD003620,2026-08-15,Breakfast,Biryani,137,109,23,74.17,10161.12,16.78832116788321,79.56204379562044,1705.91
FOOD003621,2026-08-15,Lunch,Rice,84,70,12,68.22,5730.45,14.285714285714285,83.33333333333334,818.64
FOOD003622,2026-08-15,Lunch,Noodles,187,158,27,47.33,8849.98,14.43850267379679,84.49197860962568,1277.9099999999999
FOOD003623,2026-08-15,Lunch,Sambar,58,47,8,26.3,1525.39,13.793103448275861,81.03448275862068,210.4
FOOD003624,2026-08-15,Lunch,Chapati,168,154,12,35.99,6047.1,7.142857142857142,91.66666666666666,431.88
FOOD003625,2026-08-15,Snacks,Noodles,191,178,7,17.86,3411.94,3.664921465968586,93.19371727748691,125.02
FOOD003626,2026-08-15,Snacks,Fried Rice,165,152,11,79.52,13119.99,6.666666666666667,92.12121212121212,874.7199999999999
FOOD003627,2026-08-15,Snacks,Vegetable Curry,185,157,21,42.04,7776.74,11.351351351351353,84.86486486486487,882.84
FOOD003628,2026-08-15,Snacks,Biryani,206,167,34,38.8,7991.95,16.50485436893204,81.06796116504854,1319.1999999999998
FOOD003629,2026-08-15,Dinner,Curd Rice,224,191,29,40.43,9055.92,12.946428571428573,85.26785714285714,1172.47
FOOD003630,2026-08-15,Dinner,Rice,66,58,4,70.41,4647.32,6.0606060606060606,87.87878787878788,281.64
FOOD003631,2026-08-15,Dinner,Vegetable Curry,103,89,7,79.95,8234.65,6.796116504854369,86.40776699029125,559.65
FOOD003632,2026-08-15,Dinner,Biryani,185,150,28,36.93,6832.06,15.135135135135137,81.08108108108108,1034.04
FOOD003633,2026-08-16,Breakfast,Chicken Curry,218,180,36,27.67,6032.71,16.51376146788991,82.56880733944955,996.1200000000001
FOOD003634,2026-08-16,Breakfast,Biryani,154,131,21,78.12,12029.96,13.636363636363635,85.06493506493507,1640.52
FOOD003635,2026-08-16,Breakfast,Chapati,176,141,34,22.65,3985.79,19.318181818181817,80.11363636363636,770.0999999999999
FOOD003636,2026-08-16,Breakfast,Fried Rice,215,194,16,40.49,8705.81,7.441860465116279,90.23255813953487,647.84
FOOD003637,2026-08-16,Lunch,Idli,179,146,33,46.42,8308.56,18.435754189944134,81.56424581005587,1531.8600000000001
FOOD003638,2026-08-16,Lunch,Chicken Curry,170,158,11,57.84,9832.92,6.470588235294119,92.94117647058823,636.24
FOOD003639,2026-08-16,Lunch,Sambar,105,81,17,74.56,7828.99,16.19047619047619,77.14285714285715,1267.52
FOOD003640,2026-08-16,Lunch,Dal,148,134,14,21.33,3157.48,9.45945945945946,90.54054054054053,298.62
FOOD003641,2026-08-16,Snacks,Dosa,161,140,18,48.56,7818.07,11.180124223602485,86.95652173913044,874.08
FOOD003642,2026-08-16,Snacks,Chicken Curry,50,40,9,15.82,791.01,18.0,80.0,142.38
FOOD003643,2026-08-16,Snacks,Vegetable Curry,91,78,10,62.91,5724.69,10.989010989010989,85.71428571428571,629.0999999999999
FOOD003644,2026-08-16,Snacks,Chapati,79,70,9,44.19,3491.09,11.39240506329114,88.60759493670885,397.71
FOOD003645,2026-08-16,Dinner,Dosa,66,52,12,52.76,3482.36,18.181818181818183,78.78787878787878,633.12
FOOD003646,2026-08-16,Dinner,Rice,197,168,23,37.09,7306.94,11.6751269035533,85.27918781725889,853.07
FOOD003647,2026-08-16,Dinner,Biryani,240,200,33,76.25,18300.78,13.750000000000002,83.33333333333334,2516.25
FOOD003648,2026-08-16,Dinner,Curd Rice,214,179,32,26.54,5679.55,14.953271028037381,83.64485981308411,849.28
FOOD003649,2026-08-17,Breakfast,Dosa,175,162,7,22.83,3995.23,4.0,92.57142857142857,159.81
FOOD003650,2026-08-17,Breakfast,Noodles,202,177,20,30.3,6121.2,9.900990099009901,87.62376237623762,606.0
FOOD003651,2026-08-17,Breakfast,Chicken Curry,239,220,19,41.55,9929.54,7.949790794979079,92.05020920502092,789.4499999999999
FOOD003652,2026-08-17,Breakfast,Vegetable Curry,227,184,40,54.41,12351.95,17.62114537444934,81.05726872246696,2176.3999999999996
FOOD003653,2026-08-17,Lunch,Biryani,78,70,4,60.15,4691.38,5.128205128205128,89.74358974358975,240.6
FOOD003654,2026-08-17,Lunch,Noodles,196,184,9,31.45,6163.37,4.591836734693878,93.87755102040816,283.05
FOOD003655,2026-08-17,Lunch,Sambar,158,140,13,34.74,5488.86,8.227848101265822,88.60759493670885,451.62
FOOD003656,2026-08-17,Lunch,Chapati,92,77,15,67.17,6179.72,16.304347826086957,83.69565217391305,1007.5500000000001
FOOD003657,2026-08-17,Snacks,Chicken Curry,57,47,5,62.97,3589.19,8.771929824561402,82.45614035087719,314.85
FOOD003658,2026-08-17,Snacks,Rice,152,126,26,38.91,5913.96,17.105263157894736,82.89473684210526,1011.6599999999999
FOOD003659,2026-08-17,Snacks,Noodles,171,137,32,47.07,8048.7,18.71345029239766,80.11695906432749,1506.24
FOOD003660,2026-08-17,Snacks,Vegetable Curry,117,106,9,20.34,2380.2,7.6923076923076925,90.5982905982906,183.06
FOOD003661,2026-08-17,Dinner,Noodles,62,51,7,20.53,1272.91,11.29032258064516,82.25806451612904,143.71
FOOD003662,2026-08-17,Dinner,Sambar,81,69,7,18.23,1476.46,8.641975308641975,85.18518518518519,127.61
FOOD003663,2026-08-17,Dinner,Chapati,197,184,12,18.76,3696.65,6.091370558375635,93.4010152284264,225.12
FOOD003664,2026-08-17,Dinner,Fried Rice,197,173,21,48.58,9570.48,10.65989847715736,87.81725888324873,1020.18
FOOD003665,2026-08-18,Breakfast,Rice,96,89,4,61.21,5876.27,4.166666666666666,92.70833333333334,244.84
FOOD003666,2026-08-18,Breakfast,Sambar,216,185,24,64.45,13921.97,11.11111111111111,85.64814814814815,1546.8000000000002
FOOD003667,2026-08-18,Breakfast,Vegetable Curry,113,106,6,34.62,3912.53,5.3097345132743365,93.80530973451327,207.71999999999997
FOOD003668,2026-08-18,Breakfast,Curd Rice,88,68,13,45.25,3981.89,14.772727272727273,77.27272727272727,588.25
FOOD003669,2026-08-18,Lunch,Curd Rice,124,106,12,79.06,9803.66,9.67741935483871,85.48387096774194,948.72
FOOD003670,2026-08-18,Lunch,Rice,240,198,36,27.39,6573.87,15.0,82.5,986.04
FOOD003671,2026-08-18,Lunch,Sambar,127,102,23,46.82,5945.99,18.11023622047244,80.31496062992126,1076.86
FOOD003672,2026-08-18,Lunch,Chapati,247,201,45,57.69,14248.78,18.218623481781375,81.37651821862349,2596.0499999999997
FOOD003673,2026-08-18,Snacks,Fried Rice,140,129,11,37.09,5192.44,7.857142857142857,92.14285714285714,407.99
FOOD003674,2026-08-18,Snacks,Rice,139,125,7,27.34,3800.77,5.0359712230215825,89.92805755395683,191.38
FOOD003675,2026-08-18,Snacks,Idli,64,51,12,35.84,2293.49,18.75,79.6875,430.08000000000004
FOOD003676,2026-08-18,Snacks,Vegetable Curry,228,200,24,45.85,10452.84,10.526315789473683,87.71929824561403,1100.4
FOOD003677,2026-08-18,Dinner,Noodles,156,137,13,38.23,5964.32,8.333333333333332,87.82051282051282,496.98999999999995
FOOD003678,2026-08-18,Dinner,Fried Rice,187,153,29,16.48,3081.05,15.508021390374333,81.81818181818183,477.92
FOOD003679,2026-08-18,Dinner,Sambar,165,132,30,68.15,11245.2,18.181818181818183,80.0,2044.5000000000002
FOOD003680,2026-08-18,Dinner,Rice,247,218,29,68.04,16805.92,11.740890688259109,88.25910931174089,1973.16
FOOD003681,2026-08-19,Breakfast,Dosa,180,169,10,62.17,11191.39,5.555555555555555,93.88888888888889,621.7
FOOD003682,2026-08-19,Breakfast,Chicken Curry,78,61,13,66.42,5180.95,16.666666666666664,78.2051282051282,863.46
FOOD003683,2026-08-19,Breakfast,Fried Rice,86,76,4,31.88,2741.84,4.651162790697675,88.37209302325581,127.52
FOOD003684,2026-08-19,Breakfast,Chapati,206,169,35,63.97,13177.59,16.990291262135923,82.03883495145631,2238.95
FOOD003685,2026-08-19,Lunch,Chicken Curry,138,118,15,55.3,7631.88,10.869565217391305,85.5072463768116,829.5
FOOD003686,2026-08-19,Lunch,Noodles,196,168,21,26.92,5275.44,10.714285714285714,85.71428571428571,565.32
FOOD003687,2026-08-19,Lunch,Dal,220,193,20,62.59,13768.74,9.090909090909092,87.72727272727273,1251.8000000000002
FOOD003688,2026-08-19,Lunch,Curd Rice,71,59,7,64.07,4548.98,9.859154929577464,83.09859154929578,448.48999999999995
FOOD003689,2026-08-19,Snacks,Curd Rice,145,132,11,58.68,8509.14,7.586206896551724,91.0344827586207,645.48
FOOD003690,2026-08-19,Snacks,Biryani,225,211,14,39.62,8914.44,6.222222222222222,93.77777777777779,554.68
FOOD003691,2026-08-19,Snacks,Noodles,87,82,4,29.28,2547.26,4.597701149425287,94.25287356321839,117.12
FOOD003692,2026-08-19,Snacks,Vegetable Curry,93,77,14,31.15,2897.32,15.053763440860216,82.79569892473118,436.09999999999997
FOOD003693,2026-08-19,Dinner,Noodles,61,47,11,19.24,1173.61,18.0327868852459,77.04918032786885,211.64
FOOD003694,2026-08-19,Dinner,Dal,248,216,32,36.56,9067.71,12.903225806451612,87.09677419354838,1169.92
FOOD003695,2026-08-19,Dinner,Fried Rice,63,49,7,54.59,3439.06,11.11111111111111,77.77777777777779,382.13
FOOD003696,2026-08-19,Dinner,Chicken Curry,129,108,19,16.94,2185.52,14.728682170542637,83.72093023255815,321.86
FOOD003697,2026-08-20,Breakfast,Idli,62,49,6,20.15,1249.25,9.67741935483871,79.03225806451613,120.89999999999999
FOOD003698,2026-08-20,Breakfast,Dosa,182,149,30,71.42,12998.48,16.483516483516482,81.86813186813187,2142.6
FOOD003699,2026-08-20,Breakfast,Chapati,229,205,18,77.37,17718.49,7.860262008733625,89.51965065502183,1392.66
FOOD003700,2026-08-20,Breakfast,Chicken Curry,177,141,31,23.34,4131.01,17.51412429378531,79.66101694915254,723.54
FOOD003701,2026-08-20,Lunch,Biryani,72,61,9,16.96,1221.15,12.5,84.72222222222221,152.64000000000001
FOOD003702,2026-08-20,Lunch,Vegetable Curry,171,142,26,31.75,5428.58,15.204678362573098,83.04093567251462,825.5
FOOD003703,2026-08-20,Lunch,Idli,62,49,11,34.59,2144.7,17.741935483870968,79.03225806451613,380.49
FOOD003704,2026-08-20,Lunch,Dosa,231,200,25,29.09,6719.53,10.822510822510822,86.58008658008657,727.25
FOOD003705,2026-08-20,Snacks,Vegetable Curry,150,116,28,29.82,4473.02,18.666666666666668,77.33333333333333,834.96
FOOD003706,2026-08-20,Snacks,Dal,199,185,14,68.96,13723.44,7.035175879396985,92.96482412060301,965.4399999999999
FOOD003707,2026-08-20,Snacks,Dosa,229,188,40,51.83,11868.94,17.46724890829694,82.09606986899564,2073.2
FOOD003708,2026-08-20,Snacks,Sambar,186,171,13,75.95,14126.68,6.989247311827956,91.93548387096774,987.35
FOOD003709,2026-08-20,Dinner,Dosa,247,216,26,57.75,14264.06,10.526315789473683,87.4493927125506,1501.5
FOOD003710,2026-08-20,Dinner,Biryani,111,92,14,23.77,2638.45,12.612612612612612,82.88288288288288,332.78
FOOD003711,2026-08-20,Dinner,Sambar,100,81,17,45.57,4556.84,17.0,81.0,774.69
FOOD003712,2026-08-20,Dinner,Chapati,230,184,40,62.0,14259.99,17.391304347826086,80.0,2480.0
FOOD003713,2026-08-21,Breakfast,Chicken Curry,61,52,8,43.47,2651.57,13.114754098360656,85.24590163934425,347.76
FOOD003714,2026-08-21,Breakfast,Biryani,172,157,13,70.26,12084.65,7.55813953488372,91.27906976744185,913.3800000000001
FOOD003715,2026-08-21,Breakfast,Sambar,173,144,26,33.0,5708.53,15.028901734104046,83.23699421965318,858.0
FOOD003716,2026-08-21,Breakfast,Rice,164,136,24,18.94,3106.74,14.634146341463413,82.92682926829268,454.56000000000006
FOOD003717,2026-08-21,Lunch,Rice,168,139,25,19.59,3291.05,14.880952380952381,82.73809523809523,489.75
FOOD003718,2026-08-21,Lunch,Idli,62,45,11,48.03,2977.64,17.741935483870968,72.58064516129032,528.33
FOOD003719,2026-08-21,Lunch,Vegetable Curry,174,152,16,40.18,6990.85,9.195402298850574,87.35632183908046,642.88
FOOD003720,2026-08-21,Lunch,Fried Rice,238,197,36,72.18,17179.32,15.126050420168067,82.77310924369748,2598.4800000000005
FOOD003721,2026-08-21,Snacks,Biryani,122,101,17,25.09,3061.4,13.934426229508196,82.78688524590164,426.53
FOOD003722,2026-08-21,Snacks,Chicken Curry,197,174,19,22.82,4495.58,9.644670050761421,88.3248730964467,433.58
FOOD003723,2026-08-21,Snacks,Curd Rice,108,88,20,26.1,2819.0,18.51851851851852,81.48148148148148,522.0
FOOD003724,2026-08-21,Snacks,Dosa,87,72,10,15.82,1376.66,11.494252873563218,82.75862068965517,158.2
FOOD003725,2026-08-21,Dinner,Fried Rice,183,167,13,47.66,8720.94,7.103825136612022,91.2568306010929,619.5799999999999
FOOD003726,2026-08-21,Dinner,Dosa,72,62,8,20.13,1449.17,11.11111111111111,86.11111111111111,161.04
FOOD003727,2026-08-21,Dinner,Chicken Curry,246,214,26,64.03,15751.91,10.569105691056912,86.99186991869918,1664.78
FOOD003728,2026-08-21,Dinner,Noodles,175,149,25,25.23,4414.43,14.285714285714285,85.14285714285714,630.75
FOOD003729,2026-08-22,Breakfast,Fried Rice,160,136,21,78.42,12547.09,13.125,85.0,1646.82
FOOD003730,2026-08-22,Breakfast,Chicken Curry,166,136,27,24.74,4106.03,16.265060240963855,81.92771084337349,667.9799999999999
FOOD003731,2026-08-22,Breakfast,Curd Rice,84,72,5,79.29,6660.73,5.952380952380952,85.71428571428571,396.45000000000005
FOOD003732,2026-08-22,Breakfast,Chapati,175,160,14,65.06,11384.99,8.0,91.42857142857143,910.84
FOOD003733,2026-08-22,Lunch,Curd Rice,124,102,21,65.98,8181.67,16.93548387096774,82.25806451612904,1385.5800000000002
FOOD003734,2026-08-22,Lunch,Biryani,193,163,25,29.08,5612.86,12.953367875647666,84.4559585492228,727.0
FOOD003735,2026-08-22,Lunch,Fried Rice,57,47,6,62.33,3552.76,10.526315789473683,82.45614035087719,373.98
FOOD003736,2026-08-22,Lunch,Idli,199,186,12,61.57,12253.09,6.030150753768844,93.46733668341709,738.84
FOOD003737,2026-08-22,Snacks,Chicken Curry,80,65,15,41.13,3290.04,18.75,81.25,616.95
FOOD003738,2026-08-22,Snacks,Chapati,111,86,18,73.58,8167.23,16.216216216216218,77.47747747747748,1324.44
FOOD003739,2026-08-22,Snacks,Rice,216,183,28,68.49,14794.57,12.962962962962962,84.72222222222221,1917.7199999999998
FOOD003740,2026-08-22,Snacks,Dosa,93,75,13,48.21,4483.78,13.978494623655912,80.64516129032258,626.73
FOOD003741,2026-08-22,Dinner,Rice,236,219,11,76.68,18097.55,4.661016949152542,92.79661016949152,843.48
FOOD003742,2026-08-22,Dinner,Curd Rice,169,151,17,43.45,7342.76,10.059171597633137,89.3491124260355,738.6500000000001
FOOD003743,2026-08-22,Dinner,Dal,182,162,14,77.16,14043.71,7.6923076923076925,89.01098901098901,1080.24
FOOD003744,2026-08-22,Dinner,Sambar,167,147,18,73.24,12230.83,10.778443113772456,88.02395209580838,1318.32
FOOD003745,2026-08-23,Breakfast,Curd Rice,204,188,12,65.38,13337.96,5.88235294117647,92.15686274509804,784.56
FOOD003746,2026-08-23,Breakfast,Chapati,89,78,4,40.44,3599.01,4.49438202247191,87.64044943820225,161.76
FOOD003747,2026-08-23,Breakfast,Fried Rice,225,180,39,25.38,5710.21,17.333333333333336,80.0,989.8199999999999
FOOD003748,2026-08-23,Breakfast,Dal,53,42,5,63.78,3380.37,9.433962264150944,79.24528301886792,318.9
FOOD003749,2026-08-23,Lunch,Curd Rice,246,224,15,29.92,7361.22,6.097560975609756,91.05691056910568,448.8
FOOD003750,2026-08-23,Lunch,Dal,206,185,17,72.61,14958.62,8.25242718446602,89.80582524271846,1234.37
FOOD003751,2026-08-23,Lunch,Fried Rice,123,113,6,24.19,2975.42,4.878048780487805,91.869918699187,145.14000000000001
FOOD003752,2026-08-23,Lunch,Idli,122,106,11,49.78,6073.01,9.01639344262295,86.88524590163934,547.58
FOOD003753,2026-08-23,Snacks,Chapati,90,78,12,23.51,2116.03,13.333333333333334,86.66666666666667,282.12
FOOD003754,2026-08-23,Snacks,Biryani,175,149,23,76.44,13377.71,13.142857142857142,85.14285714285714,1758.12
FOOD003755,2026-08-23,Snacks,Noodles,90,79,8,16.78,1510.22,8.88888888888889,87.77777777777777,134.24
FOOD003756,2026-08-23,Snacks,Curd Rice,131,112,18,35.12,4600.21,13.740458015267176,85.49618320610686,632.16
FOOD003757,2026-08-23,Dinner,Idli,239,225,13,43.2,10325.78,5.439330543933055,94.14225941422593,561.6
FOOD003758,2026-08-23,Dinner,Dosa,93,83,4,53.5,4975.56,4.301075268817205,89.24731182795699,214.0
FOOD003759,2026-08-23,Dinner,Fried Rice,100,86,9,36.35,3635.03,9.0,86.0,327.15000000000003
FOOD003760,2026-08-23,Dinner,Chicken Curry,140,123,17,44.86,6280.6,12.142857142857142,87.85714285714286,762.62
FOOD003761,2026-08-24,Breakfast,Rice,105,94,7,20.96,2201.11,6.666666666666667,89.52380952380953,146.72
FOOD003762,2026-08-24,Breakfast,Chapati,221,191,29,73.68,16283.57,13.122171945701359,86.42533936651584,2136.7200000000003
FOOD003763,2026-08-24,Breakfast,Vegetable Curry,57,44,10,46.01,2622.62,17.543859649122805,77.19298245614034,460.09999999999997
FOOD003764,2026-08-24,Breakfast,Chicken Curry,98,83,14,67.8,6644.72,14.285714285714285,84.6938775510204,949.1999999999999
FOOD003765,2026-08-24,Lunch,Chapati,65,53,9,72.22,4694.26,13.846153846153847,81.53846153846153,649.98
FOOD003766,2026-08-24,Lunch,Noodles,90,72,13,15.8,1422.44,14.444444444444443,80.0,205.4
FOOD003767,2026-08-24,Lunch,Dal,148,119,23,63.93,9462.01,15.54054054054054,80.4054054054054,1470.39
FOOD003768,2026-08-24,Lunch,Chicken Curry,121,96,22,62.34,7542.55,18.181818181818183,79.33884297520662,1371.48
FOOD003769,2026-08-24,Snacks,Chapati,234,210,20,22.4,5242.24,8.547008547008547,89.74358974358975,448.0
FOOD003770,2026-08-24,Snacks,Biryani,89,75,13,72.2,6425.5,14.606741573033707,84.26966292134831,938.6
FOOD003771,2026-08-24,Snacks,Fried Rice,105,96,9,65.35,6861.35,8.571428571428571,91.42857142857143,588.15
FOOD003772,2026-08-24,Snacks,Vegetable Curry,213,184,23,69.44,14791.35,10.7981220657277,86.3849765258216,1597.12
FOOD003773,2026-08-24,Dinner,Rice,103,85,15,29.21,3008.5,14.563106796116504,82.52427184466019,438.15000000000003
FOOD003774,2026-08-24,Dinner,Biryani,167,133,32,66.12,11041.48,19.16167664670659,79.64071856287424,2115.84
FOOD003775,2026-08-24,Dinner,Chicken Curry,181,157,20,53.92,9760.07,11.049723756906078,86.74033149171271,1078.4
FOOD003776,2026-08-24,Dinner,Noodles,210,189,18,72.1,15140.42,8.571428571428571,90.0,1297.8
FOOD003777,2026-08-25,Breakfast,Curd Rice,162,124,31,37.75,6116.28,19.1358024691358,76.5432098765432,1170.25
FOOD003778,2026-08-25,Breakfast,Sambar,160,132,22,49.93,7988.41,13.750000000000002,82.5,1098.46
FOOD003779,2026-08-25,Breakfast,Biryani,75,66,3,62.32,4674.09,4.0,88.0,186.96
FOOD003780,2026-08-25,Breakfast,Noodles,65,51,7,27.48,1786.36,10.76923076923077,78.46153846153847,192.36
FOOD003781,2026-08-25,Lunch,Chicken Curry,144,122,15,36.64,5276.53,10.416666666666668,84.72222222222221,549.6
FOOD003782,2026-08-25,Lunch,Dal,96,79,11,60.48,5806.09,11.458333333333332,82.29166666666666,665.28
FOOD003783,2026-08-25,Lunch,Biryani,133,123,7,34.15,4541.36,5.263157894736842,92.4812030075188,239.04999999999998
FOOD003784,2026-08-25,Lunch,Curd Rice,142,118,18,31.7,4501.54,12.676056338028168,83.09859154929578,570.6
FOOD003785,2026-08-25,Snacks,Rice,161,144,13,72.04,11598.55,8.074534161490684,89.44099378881988,936.5200000000001
FOOD003786,2026-08-25,Snacks,Vegetable Curry,81,68,9,53.26,4314.28,11.11111111111111,83.9506172839506,479.34
FOOD003787,2026-08-25,Snacks,Idli,110,96,10,23.69,2606.43,9.090909090909092,87.27272727272727,236.9
FOOD003788,2026-08-25,Snacks,Fried Rice,227,203,19,78.57,17835.17,8.370044052863436,89.42731277533039,1492.83
FOOD003789,2026-08-25,Dinner,Idli,152,121,24,78.65,11955.52,15.789473684210526,79.60526315789474,1887.6000000000001
FOOD003790,2026-08-25,Dinner,Sambar,122,99,20,63.12,7700.95,16.39344262295082,81.14754098360656,1262.3999999999999
FOOD003791,2026-08-25,Dinner,Fried Rice,52,39,7,44.67,2322.98,13.461538461538462,75.0,312.69
FOOD003792,2026-08-25,Dinner,Biryani,150,121,23,77.57,11635.3,15.333333333333332,80.66666666666666,1784.11
FOOD003793,2026-08-26,Breakfast,Chicken Curry,175,149,22,25.88,4528.6,12.571428571428573,85.14285714285714,569.36
FOOD003794,2026-08-26,Breakfast,Vegetable Curry,65,46,12,60.71,3945.91,18.461538461538463,70.76923076923077,728.52
FOOD003795,2026-08-26,Breakfast,Noodles,206,177,28,45.98,9470.96,13.592233009708737,85.92233009708737,1287.4399999999998
FOOD003796,2026-08-26,Breakfast,Fried Rice,129,120,9,47.38,6111.82,6.976744186046512,93.02325581395348,426.42
FOOD003797,2026-08-26,Lunch,Biryani,193,177,10,43.67,8429.01,5.181347150259067,91.70984455958549,436.70000000000005
FOOD003798,2026-08-26,Lunch,Rice,109,104,4,52.53,5726.19,3.669724770642202,95.41284403669725,210.12
FOOD003799,2026-08-26,Lunch,Dal,214,195,18,15.84,3390.03,8.411214953271028,91.1214953271028,285.12
FOOD003800,2026-08-26,Lunch,Vegetable Curry,245,198,42,26.83,6573.18,17.142857142857142,80.81632653061224,1126.86
FOOD003801,2026-08-26,Snacks,Idli,188,166,22,37.04,6964.45,11.702127659574469,88.29787234042553,814.88
FOOD003802,2026-08-26,Snacks,Dosa,184,151,28,62.03,11414.17,15.217391304347828,82.06521739130434,1736.8400000000001
FOOD003803,2026-08-26,Snacks,Vegetable Curry,163,142,20,26.69,4349.66,12.269938650306749,87.11656441717791,533.8000000000001
FOOD003804,2026-08-26,Snacks,Dal,238,194,42,25.72,6122.29,17.647058823529413,81.5126050420168,1080.24
FOOD003805,2026-08-26,Dinner,Dosa,133,117,10,29.82,3966.19,7.518796992481203,87.96992481203007,298.2
FOOD003806,2026-08-26,Dinner,Fried Rice,203,166,37,70.65,14341.58,18.226600985221676,81.77339901477832,2614.05
FOOD003807,2026-08-26,Dinner,Chapati,167,145,17,58.92,9838.9,10.179640718562874,86.82634730538922,1001.64
FOOD003808,2026-08-26,Dinner,Dal,244,213,26,33.86,8260.86,10.655737704918032,87.29508196721312,880.36
FOOD003809,2026-08-27,Breakfast,Biryani,180,140,33,22.21,3996.99,18.333333333333332,77.77777777777779,732.9300000000001
FOOD003810,2026-08-27,Breakfast,Chapati,100,87,13,26.72,2671.85,13.0,87.0,347.36
FOOD003811,2026-08-27,Breakfast,Sambar,93,77,15,60.27,5604.98,16.129032258064516,82.79569892473118,904.0500000000001
FOOD003812,2026-08-27,Breakfast,Rice,220,185,32,34.1,7501.03,14.545454545454545,84.0909090909091,1091.2
FOOD003813,2026-08-27,Lunch,Dal,232,211,15,28.35,6576.57,6.4655172413793105,90.94827586206897,425.25
FOOD003814,2026-08-27,Lunch,Sambar,124,113,5,72.32,8967.36,4.032258064516129,91.12903225806451,361.59999999999997
FOOD003815,2026-08-27,Lunch,Fried Rice,60,52,5,70.38,4222.83,8.333333333333332,86.66666666666667,351.9
FOOD003816,2026-08-27,Lunch,Idli,64,51,9,38.02,2433.26,14.0625,79.6875,342.18
FOOD003817,2026-08-27,Snacks,Dosa,115,102,8,68.45,7871.7,6.956521739130435,88.69565217391305,547.6
FOOD003818,2026-08-27,Snacks,Fried Rice,63,47,10,42.25,2661.82,15.873015873015872,74.60317460317461,422.5
FOOD003819,2026-08-27,Snacks,Idli,87,66,14,26.0,2262.08,16.091954022988507,75.86206896551724,364.0
FOOD003820,2026-08-27,Snacks,Curd Rice,107,95,11,34.05,3643.87,10.2803738317757,88.78504672897196,374.54999999999995
FOOD003821,2026-08-27,Dinner,Rice,67,55,6,27.07,1813.67,8.955223880597014,82.08955223880598,162.42000000000002
FOOD003822,2026-08-27,Dinner,Biryani,75,62,7,43.38,3253.26,9.333333333333334,82.66666666666667,303.66
FOOD003823,2026-08-27,Dinner,Fried Rice,220,177,36,71.44,15715.99,16.363636363636363,80.45454545454545,2571.84
FOOD003824,2026-08-27,Dinner,Dosa,178,138,34,21.79,3878.34,19.101123595505616,77.52808988764045,740.86
FOOD003825,2026-08-28,Breakfast,Dal,179,170,9,24.67,4416.47,5.027932960893855,94.97206703910615,222.03000000000003
FOOD003826,2026-08-28,Breakfast,Noodles,53,48,4,27.04,1433.01,7.547169811320755,90.56603773584906,108.16
FOOD003827,2026-08-28,Breakfast,Curd Rice,189,154,33,36.93,6980.49,17.46031746031746,81.48148148148148,1218.69
FOOD003828,2026-08-28,Breakfast,Biryani,57,48,5,68.99,3932.69,8.771929824561402,84.21052631578947,344.95
FOOD003829,2026-08-28,Lunch,Chapati,132,110,17,25.54,3371.65,12.878787878787879,83.33333333333334,434.18
FOOD003830,2026-08-28,Lunch,Fried Rice,135,113,17,34.06,4598.45,12.592592592592592,83.7037037037037,579.02
FOOD003831,2026-08-28,Lunch,Chicken Curry,135,110,19,63.95,8633.54,14.074074074074074,81.48148148148148,1215.05
FOOD003832,2026-08-28,Lunch,Noodles,168,151,10,46.61,7830.64,5.952380952380952,89.88095238095238,466.1
FOOD003833,2026-08-28,Snacks,Biryani,206,193,10,30.4,6262.04,4.854368932038835,93.68932038834951,304.0
FOOD003834,2026-08-28,Snacks,Idli,182,152,30,60.12,10941.6,16.483516483516482,83.51648351648352,1803.6
FOOD003835,2026-08-28,Snacks,Rice,247,205,42,60.35,14907.58,17.00404858299595,82.99595141700405,2534.7000000000003
FOOD003836,2026-08-28,Snacks,Sambar,50,40,4,21.91,1095.7,8.0,80.0,87.64
FOOD003837,2026-08-28,Dinner,Noodles,68,58,10,45.05,3063.38,14.705882352941178,85.29411764705883,450.5
FOOD003838,2026-08-28,Dinner,Curd Rice,193,185,8,73.3,14147.67,4.145077720207254,95.85492227979275,586.4
FOOD003839,2026-08-28,Dinner,Biryani,174,151,22,68.26,11876.81,12.643678160919542,86.7816091954023,1501.72
FOOD003840,2026-08-28,Dinner,Fried Rice,202,157,40,58.52,11820.95,19.801980198019802,77.72277227722772,2340.8
FOOD003841,2026-08-29,Breakfast,Biryani,192,179,9,66.87,12838.54,4.6875,93.22916666666666,601.83
FOOD003842,2026-08-29,Breakfast,Dal,189,164,21,51.94,9815.84,11.11111111111111,86.77248677248677,1090.74
FOOD003843,2026-08-29,Breakfast,Sambar,184,161,16,58.78,10815.48,8.695652173913043,87.5,940.48
FOOD003844,2026-08-29,Breakfast,Rice,57,53,3,16.68,950.92,5.263157894736842,92.98245614035088,50.04
FOOD003845,2026-08-29,Lunch,Vegetable Curry,199,183,14,41.44,8246.12,7.035175879396985,91.95979899497488,580.16
FOOD003846,2026-08-29,Lunch,Sambar,243,219,19,73.89,17955.48,7.818930041152264,90.12345679012346,1403.91
FOOD003847,2026-08-29,Lunch,Noodles,166,158,7,65.66,10900.0,4.216867469879518,95.18072289156626,459.62
FOOD003848,2026-08-29,Lunch,Chapati,243,227,14,62.55,15199.97,5.761316872427984,93.4156378600823,875.6999999999999
FOOD003849,2026-08-29,Snacks,Curd Rice,138,121,11,72.35,9984.42,7.971014492753622,87.68115942028986,795.8499999999999
FOOD003850,2026-08-29,Snacks,Dal,213,194,13,42.65,9084.59,6.103286384976526,91.07981220657277,554.4499999999999
FOOD003851,2026-08-29,Snacks,Sambar,117,106,9,30.96,3621.91,7.6923076923076925,90.5982905982906,278.64
FOOD003852,2026-08-29,Snacks,Vegetable Curry,106,95,5,67.29,7132.5,4.716981132075472,89.62264150943396,336.45000000000005
FOOD003853,2026-08-29,Dinner,Vegetable Curry,68,59,8,27.63,1878.83,11.76470588235294,86.76470588235294,221.04
FOOD003854,2026-08-29,Dinner,Dal,205,189,13,16.54,3391.22,6.341463414634147,92.19512195121952,215.01999999999998
FOOD003855,2026-08-29,Dinner,Curd Rice,156,125,29,75.87,11836.15,18.58974358974359,80.12820512820514,2200.23
FOOD003856,2026-08-29,Dinner,Rice,153,140,12,50.46,7720.72,7.8431372549019605,91.50326797385621,605.52
FOOD003857,2026-08-30,Breakfast,Biryani,205,164,38,33.33,6833.27,18.536585365853657,80.0,1266.54
FOOD003858,2026-08-30,Breakfast,Fried Rice,112,101,8,43.44,4864.77,7.142857142857142,90.17857142857143,347.52
FOOD003859,2026-08-30,Breakfast,Dosa,125,111,14,33.41,4176.77,11.200000000000001,88.8,467.73999999999995
FOOD003860,2026-08-30,Breakfast,Idli,99,90,5,48.3,4781.98,5.05050505050505,90.9090909090909,241.5
FOOD003861,2026-08-30,Lunch,Idli,208,179,29,72.34,15046.95,13.942307692307693,86.0576923076923,2097.86
FOOD003862,2026-08-30,Lunch,Fried Rice,180,151,22,57.18,10292.04,12.222222222222221,83.88888888888889,1257.96
FOOD003863,2026-08-30,Lunch,Dosa,166,126,33,61.2,10158.38,19.879518072289155,75.90361445783132,2019.6000000000001
FOOD003864,2026-08-30,Lunch,Curd Rice,154,125,25,26.6,4096.24,16.233766233766232,81.16883116883116,665.0
FOOD003865,2026-08-30,Snacks,Sambar,92,86,5,30.55,2810.43,5.434782608695652,93.47826086956522,152.75
FOOD003866,2026-08-30,Snacks,Chicken Curry,218,195,20,23.97,5224.48,9.174311926605505,89.44954128440367,479.4
FOOD003867,2026-08-30,Snacks,Noodles,101,91,7,61.37,6198.58,6.9306930693069315,90.0990099009901,429.59
FOOD003868,2026-08-30,Snacks,Curd Rice,159,128,28,60.83,9672.22,17.61006289308176,80.50314465408806,1703.24
FOOD003869,2026-08-30,Dinner,Chapati,243,224,16,66.03,16044.3,6.584362139917696,92.18106995884774,1056.48
FOOD003870,2026-08-30,Dinner,Fried Rice,66,61,5,59.1,3900.61,7.575757575757576,92.42424242424242,295.5
FOOD003871,2026-08-30,Dinner,Sambar,126,106,14,20.5,2582.74,11.11111111111111,84.12698412698413,287.0
FOOD003872,2026-08-30,Dinner,Dosa,177,158,18,48.92,8659.07,10.16949152542373,89.26553672316385,880.5600000000001
FOOD003873,2026-08-31,Breakfast,Curd Rice,156,121,29,49.68,7750.66,18.58974358974359,77.56410256410257,1440.72
FOOD003874,2026-08-31,Breakfast,Dosa,206,195,10,36.56,7531.42,4.854368932038835,94.66019417475728,365.6
FOOD003875,2026-08-31,Breakfast,Chapati,226,201,24,75.64,17095.26,10.619469026548673,88.93805309734513,1815.3600000000001
FOOD003876,2026-08-31,Breakfast,Fried Rice,151,126,25,70.39,10629.14,16.55629139072848,83.44370860927152,1759.75
FOOD003877,2026-08-31,Lunch,Vegetable Curry,140,108,25,48.78,6828.85,17.857142857142858,77.14285714285715,1219.5
FOOD003878,2026-08-31,Lunch,Dal,173,143,24,63.11,10918.15,13.872832369942195,82.65895953757226,1514.6399999999999
FOOD003879,2026-08-31,Lunch,Sambar,156,146,10,79.03,12329.15,6.41025641025641,93.58974358974359,790.3
FOOD003880,2026-08-31,Lunch,Dosa,74,64,8,64.98,4808.45,10.81081081081081,86.48648648648648,519.84
FOOD003881,2026-08-31,Snacks,Dal,65,60,3,28.19,1832.52,4.615384615384616,92.3076923076923,84.57000000000001
FOOD003882,2026-08-31,Snacks,Sambar,112,90,18,34.07,3815.56,16.071428571428573,80.35714285714286,613.26
FOOD003883,2026-08-31,Snacks,Curd Rice,247,216,24,41.65,10286.99,9.7165991902834,87.4493927125506,999.5999999999999
FOOD003884,2026-08-31,Snacks,Fried Rice,93,74,14,22.1,2054.97,15.053763440860216,79.56989247311827,309.40000000000003
FOOD003885,2026-08-31,Dinner,Vegetable Curry,97,80,14,44.94,4359.46,14.432989690721648,82.4742268041237,629.16
FOOD003886,2026-08-31,Dinner,Chapati,232,219,10,26.13,6061.11,4.310344827586207,94.39655172413794,261.3
FOOD003887,2026-08-31,Dinner,Dosa,61,54,5,70.07,4274.06,8.19672131147541,88.52459016393442,350.34999999999997
FOOD003888,2026-08-31,Dinner,Idli,79,63,10,65.09,5142.39,12.658227848101266,79.74683544303798,650.9000000000001
