energy_id,date,building,meter_id,units_consumed_kwh,electricity_cost,peak_hour_units
ENG000001,2026-01-01,Academic Block,MTR-01,775.14,5691.35,291.27
ENG000002,2026-01-01,Hostel A,MTR-02,1218.49,8544.08,543.62
ENG000003,2026-01-01,Hostel B,MTR-03,1148.57,10304.52,584.27
ENG000004,2026-01-01,Library,MTR-04,704.99,5863.02,292.82
ENG000005,2026-01-01,Canteen,MTR-05,535.81,4172.4,216.51
ENG000006,2026-01-01,Computer Lab,MTR-06,1169.12,10081.47,629.25
ENG000007,2026-01-01,Admin Block,MTR-07,300.71,2637.53,123.9
ENG000008,2026-01-02,Academic Block,MTR-01,971.58,8592.39,383.23
ENG000009,2026-01-02,Hostel A,MTR-02,805.7,5656.17,397.74
ENG000010,2026-01-02,Hostel B,MTR-03,1149.48,8846.4,481.27
ENG000011,2026-01-02,Library,MTR-04,643.34,5192.23,330.69
ENG000012,2026-01-02,Canteen,MTR-05,435.59,3441.21,152.93
ENG000013,2026-01-02,Computer Lab,MTR-06,1312.88,9230.84,616.0
ENG000014,2026-01-02,Admin Block,MTR-07,359.83,3161.79,164.93
ENG000015,2026-01-03,Academic Block,MTR-01,892.14,6534.32,470.58
ENG000016,2026-01-03,Hostel A,MTR-02,1175.5,10517.84,600.7
ENG000017,2026-01-03,Hostel B,MTR-03,989.06,7912.12,476.65
ENG000018,2026-01-03,Library,MTR-04,649.81,5431.2,235.57
ENG000019,2026-01-03,Canteen,MTR-05,430.82,3872.69,223.53
ENG000020,2026-01-03,Computer Lab,MTR-06,1541.75,10846.09,742.46
ENG000021,2026-01-03,Admin Block,MTR-07,356.82,2729.91,138.45
ENG000022,2026-01-04,Academic Block,MTR-01,856.16,6065.69,343.02
ENG000023,2026-01-04,Hostel A,MTR-02,1427.48,10742.38,749.83
ENG000024,2026-01-04,Hostel B,MTR-03,1067.83,8008.58,472.86
ENG000025,2026-01-04,Library,MTR-04,676.41,5328.4,239.09
ENG000026,2026-01-04,Canteen,MTR-05,389.89,2741.37,206.8
ENG000027,2026-01-04,Computer Lab,MTR-06,1077.34,8521.57,486.55
ENG000028,2026-01-04,Admin Block,MTR-07,389.55,3347.4,183.43
ENG000029,2026-01-05,Academic Block,MTR-01,1001.53,7309.68,422.57
ENG000030,2026-01-05,Hostel A,MTR-02,1162.48,10081.58,462.57
ENG000031,2026-01-05,Hostel B,MTR-03,1045.42,7776.11,385.31
ENG000032,2026-01-05,Library,MTR-04,687.46,5172.25,316.42
ENG000033,2026-01-05,Canteen,MTR-05,383.59,2757.96,209.78
ENG000034,2026-01-05,Computer Lab,MTR-06,1354.63,11414.4,588.43
ENG000035,2026-01-05,Admin Block,MTR-07,395.31,2970.38,188.99
ENG000036,2026-01-06,Academic Block,MTR-01,982.52,8294.65,523.08
ENG000037,2026-01-06,Hostel A,MTR-02,1057.94,8596.64,400.27
ENG000038,2026-01-06,Hostel B,MTR-03,1068.86,8739.47,571.53
ENG000039,2026-01-06,Library,MTR-04,500.92,4473.1,186.52
ENG000040,2026-01-06,Canteen,MTR-05,424.52,3198.52,227.4
ENG000041,2026-01-06,Computer Lab,MTR-06,1176.68,8588.52,617.18
ENG000042,2026-01-06,Admin Block,MTR-07,414.53,3127.58,203.4
ENG000043,2026-01-07,Academic Block,MTR-01,975.37,8117.75,365.88
ENG000044,2026-01-07,Hostel A,MTR-02,1028.23,9140.71,433.13
ENG000045,2026-01-07,Hostel B,MTR-03,1021.72,8866.36,492.55
ENG000046,2026-01-07,Library,MTR-04,671.43,4933.33,270.68
ENG000047,2026-01-07,Canteen,MTR-05,439.84,3362.95,173.51
ENG000048,2026-01-07,Computer Lab,MTR-06,1395.68,11271.55,562.7
ENG000049,2026-01-07,Admin Block,MTR-07,388.7,3268.0,173.32
ENG000050,2026-01-08,Academic Block,MTR-01,1115.51,8054.45,519.55
ENG000051,2026-01-08,Hostel A,MTR-02,1092.1,8878.78,568.58
ENG000052,2026-01-08,Hostel B,MTR-03,825.27,6113.73,360.5
ENG000053,2026-01-08,Library,MTR-04,679.47,5824.15,286.86
ENG000054,2026-01-08,Canteen,MTR-05,401.2,2934.27,150.4
ENG000055,2026-01-08,Computer Lab,MTR-06,1078.19,9373.6,584.93
ENG000056,2026-01-08,Admin Block,MTR-07,466.14,3529.59,186.35
ENG000057,2026-01-09,Academic Block,MTR-01,1028.58,7993.56,488.33
ENG000058,2026-01-09,Hostel A,MTR-02,993.44,7065.6,475.74
ENG000059,2026-01-09,Hostel B,MTR-03,946.54,7943.68,519.57
ENG000060,2026-01-09,Library,MTR-04,626.28,4854.1,257.97
ENG000061,2026-01-09,Canteen,MTR-05,525.74,4671.44,190.17
ENG000062,2026-01-09,Computer Lab,MTR-06,1155.6,8669.46,409.91
ENG000063,2026-01-09,Admin Block,MTR-07,361.59,2605.53,143.12
ENG000064,2026-01-10,Academic Block,MTR-01,862.21,6209.16,365.18
ENG000065,2026-01-10,Hostel A,MTR-02,983.66,7160.29,367.33
ENG000066,2026-01-10,Hostel B,MTR-03,1156.63,9558.55,588.51
ENG000067,2026-01-10,Library,MTR-04,747.62,6260.67,364.37
ENG000068,2026-01-10,Canteen,MTR-05,325.27,2812.47,137.64
ENG000069,2026-01-10,Computer Lab,MTR-06,1010.11,8070.32,529.0
ENG000070,2026-01-10,Admin Block,MTR-07,405.56,3326.4,194.01
ENG000071,2026-01-11,Academic Block,MTR-01,786.36,5804.19,375.8
ENG000072,2026-01-11,Hostel A,MTR-02,1379.29,10442.86,728.46
ENG000073,2026-01-11,Hostel B,MTR-03,1235.94,10923.02,497.14
ENG000074,2026-01-11,Library,MTR-04,705.59,6332.56,356.81
ENG000075,2026-01-11,Canteen,MTR-05,505.78,4180.95,243.86
ENG000076,2026-01-11,Computer Lab,MTR-06,1074.38,9225.84,552.59
ENG000077,2026-01-11,Admin Block,MTR-07,410.04,3644.02,207.61
ENG000078,2026-01-12,Academic Block,MTR-01,918.51,7217.4,461.51
ENG000079,2026-01-12,Hostel A,MTR-02,1111.92,8010.61,577.81
ENG000080,2026-01-12,Hostel B,MTR-03,916.84,7709.37,321.61
ENG000081,2026-01-12,Library,MTR-04,616.87,5270.03,267.51
ENG000082,2026-01-12,Canteen,MTR-05,477.66,4155.27,177.71
ENG000083,2026-01-12,Computer Lab,MTR-06,860.92,6756.14,344.99
ENG000084,2026-01-12,Admin Block,MTR-07,375.56,2858.67,184.83
ENG000085,2026-01-13,Academic Block,MTR-01,1008.16,8777.58,417.45
ENG000086,2026-01-13,Hostel A,MTR-02,1202.5,8857.23,571.27
ENG000087,2026-01-13,Hostel B,MTR-03,1199.42,8871.01,646.73
ENG000088,2026-01-13,Library,MTR-04,652.14,5692.88,304.65
ENG000089,2026-01-13,Canteen,MTR-05,462.46,4155.81,236.62
ENG000090,2026-01-13,Computer Lab,MTR-06,1047.67,8404.32,377.15
ENG000091,2026-01-13,Admin Block,MTR-07,516.31,4486.98,221.54
ENG000092,2026-01-14,Academic Block,MTR-01,905.48,6671.48,363.07
ENG000093,2026-01-14,Hostel A,MTR-02,1057.19,7408.41,424.43
ENG000094,2026-01-14,Hostel B,MTR-03,1061.97,9096.13,483.14
ENG000095,2026-01-14,Library,MTR-04,681.03,5844.44,286.8
ENG000096,2026-01-14,Canteen,MTR-05,440.26,3578.78,176.9
ENG000097,2026-01-14,Computer Lab,MTR-06,1211.57,9133.32,610.66
ENG000098,2026-01-14,Admin Block,MTR-07,452.31,4055.38,189.64
ENG000099,2026-01-15,Academic Block,MTR-01,926.76,7561.29,430.22
ENG000100,2026-01-15,Hostel A,MTR-02,1227.01,10120.24,526.65
ENG000101,2026-01-15,Hostel B,MTR-03,1143.76,8608.72,625.04
ENG000102,2026-01-15,Library,MTR-04,771.2,6104.1,371.74
ENG000103,2026-01-15,Canteen,MTR-05,419.03,3376.58,175.99
ENG000104,2026-01-15,Computer Lab,MTR-06,1145.51,8176.05,447.82
ENG000105,2026-01-15,Admin Block,MTR-07,355.26,2557.75,162.06
ENG000106,2026-01-16,Academic Block,MTR-01,1090.22,9102.2,546.69
ENG000107,2026-01-16,Hostel A,MTR-02,1123.83,9421.82,615.9
ENG000108,2026-01-16,Hostel B,MTR-03,952.09,7767.76,497.63
ENG000109,2026-01-16,Library,MTR-04,534.35,3825.67,226.25
ENG000110,2026-01-16,Canteen,MTR-05,540.76,4425.86,245.87
ENG000111,2026-01-16,Computer Lab,MTR-06,1280.96,10377.16,621.67
ENG000112,2026-01-16,Admin Block,MTR-07,349.83,2860.36,129.99
ENG000113,2026-01-17,Academic Block,MTR-01,1022.23,8884.41,381.49
ENG000114,2026-01-17,Hostel A,MTR-02,1226.41,9046.65,446.73
ENG000115,2026-01-17,Hostel B,MTR-03,1236.47,10965.63,585.53
ENG000116,2026-01-17,Library,MTR-04,613.79,4723.16,233.37
ENG000117,2026-01-17,Canteen,MTR-05,509.43,4430.53,207.8
ENG000118,2026-01-17,Computer Lab,MTR-06,1639.29,14224.68,648.01
ENG000119,2026-01-17,Admin Block,MTR-07,369.96,3208.12,168.5
ENG000120,2026-01-18,Academic Block,MTR-01,826.06,7137.24,366.11
ENG000121,2026-01-18,Hostel A,MTR-02,1143.96,8188.79,600.25
ENG000122,2026-01-18,Hostel B,MTR-03,1116.3,9217.31,495.83
ENG000123,2026-01-18,Library,MTR-04,705.71,5515.42,251.2
ENG000124,2026-01-18,Canteen,MTR-05,496.82,4184.82,268.24
ENG000125,2026-01-18,Computer Lab,MTR-06,1438.0,12364.74,659.87
ENG000126,2026-01-18,Admin Block,MTR-07,347.6,2888.37,188.28
ENG000127,2026-01-19,Academic Block,MTR-01,1028.32,9209.21,522.3
ENG000128,2026-01-19,Hostel A,MTR-02,1141.92,8923.75,452.2
ENG000129,2026-01-19,Hostel B,MTR-03,872.2,6773.21,305.68
ENG000130,2026-01-19,Library,MTR-04,617.42,4736.18,304.97
ENG000131,2026-01-19,Canteen,MTR-05,549.36,4602.3,262.49
ENG000132,2026-01-19,Computer Lab,MTR-06,1340.6,11079.89,713.96
ENG000133,2026-01-19,Admin Block,MTR-07,525.74,4556.38,195.5
ENG000134,2026-01-20,Academic Block,MTR-01,1014.73,8810.85,508.26
ENG000135,2026-01-20,Hostel A,MTR-02,1021.74,7607.93,432.93
ENG000136,2026-01-20,Hostel B,MTR-03,935.99,7655.49,471.95
ENG000137,2026-01-20,Library,MTR-04,460.84,3751.61,208.11
ENG000138,2026-01-20,Canteen,MTR-05,431.64,3212.19,234.54
ENG000139,2026-01-20,Computer Lab,MTR-06,1236.64,10315.49,655.31
ENG000140,2026-01-20,Admin Block,MTR-07,440.28,3640.44,214.43
ENG000141,2026-01-21,Academic Block,MTR-01,794.49,7073.18,364.18
ENG000142,2026-01-21,Hostel A,MTR-02,815.88,7280.88,350.17
ENG000143,2026-01-21,Hostel B,MTR-03,877.41,7025.06,324.13
ENG000144,2026-01-21,Library,MTR-04,671.32,5149.2,246.37
ENG000145,2026-01-21,Canteen,MTR-05,390.38,3339.62,179.97
ENG000146,2026-01-21,Computer Lab,MTR-06,1151.59,9405.74,619.4
ENG000147,2026-01-21,Admin Block,MTR-07,443.86,3973.89,218.5
ENG000148,2026-01-22,Academic Block,MTR-01,1021.2,8881.88,368.8
ENG000149,2026-01-22,Hostel A,MTR-02,1134.97,8535.08,530.2
ENG000150,2026-01-22,Hostel B,MTR-03,1167.5,9183.11,500.35
ENG000151,2026-01-22,Library,MTR-04,585.63,4736.98,222.11
ENG000152,2026-01-22,Canteen,MTR-05,464.04,3671.62,231.24
ENG000153,2026-01-22,Computer Lab,MTR-06,1149.75,9041.85,429.75
ENG000154,2026-01-22,Admin Block,MTR-07,364.59,3184.61,180.18
ENG000155,2026-01-23,Academic Block,MTR-01,888.4,7430.57,323.54
ENG000156,2026-01-23,Hostel A,MTR-02,1112.24,8412.49,463.55
ENG000157,2026-01-23,Hostel B,MTR-03,1132.67,10060.63,481.33
ENG000158,2026-01-23,Library,MTR-04,588.77,4736.26,258.75
ENG000159,2026-01-23,Canteen,MTR-05,464.11,3481.39,169.5
ENG000160,2026-01-23,Computer Lab,MTR-06,1320.54,9425.41,674.49
ENG000161,2026-01-23,Admin Block,MTR-07,334.17,2968.31,138.41
ENG000162,2026-01-24,Academic Block,MTR-01,935.71,6968.67,362.23
ENG000163,2026-01-24,Hostel A,MTR-02,1233.56,10265.13,462.68
ENG000164,2026-01-24,Hostel B,MTR-03,1082.95,8632.47,544.19
ENG000165,2026-01-24,Library,MTR-04,649.61,5092.09,318.34
ENG000166,2026-01-24,Canteen,MTR-05,458.18,3733.28,196.23
ENG000167,2026-01-24,Computer Lab,MTR-06,1220.91,10108.04,490.96
ENG000168,2026-01-24,Admin Block,MTR-07,481.49,3940.89,205.61
ENG000169,2026-01-25,Academic Block,MTR-01,984.38,8856.18,529.03
ENG000170,2026-01-25,Hostel A,MTR-02,1115.62,8770.7,540.29
ENG000171,2026-01-25,Hostel B,MTR-03,1258.66,11229.35,628.94
ENG000172,2026-01-25,Library,MTR-04,740.43,6472.59,269.84
ENG000173,2026-01-25,Canteen,MTR-05,445.13,3202.9,213.22
ENG000174,2026-01-25,Computer Lab,MTR-06,1572.87,11706.64,627.39
ENG000175,2026-01-25,Admin Block,MTR-07,376.22,3156.37,184.15
ENG000176,2026-01-26,Academic Block,MTR-01,1041.08,8652.69,570.17
ENG000177,2026-01-26,Hostel A,MTR-02,1233.13,10766.96,503.4
ENG000178,2026-01-26,Hostel B,MTR-03,1388.65,11838.43,608.98
ENG000179,2026-01-26,Library,MTR-04,528.49,4511.42,187.95
ENG000180,2026-01-26,Canteen,MTR-05,451.17,3850.21,225.85
ENG000181,2026-01-26,Computer Lab,MTR-06,1254.18,9218.75,657.2
ENG000182,2026-01-26,Admin Block,MTR-07,405.49,3224.25,203.13
ENG000183,2026-01-27,Academic Block,MTR-01,836.5,6453.79,305.88
ENG000184,2026-01-27,Hostel A,MTR-02,1160.67,8354.8,532.08
ENG000185,2026-01-27,Hostel B,MTR-03,926.63,7004.71,482.79
ENG000186,2026-01-27,Library,MTR-04,526.86,3866.89,197.51
ENG000187,2026-01-27,Canteen,MTR-05,516.24,4071.41,242.19
ENG000188,2026-01-27,Computer Lab,MTR-06,1362.7,11750.04,682.42
ENG000189,2026-01-27,Admin Block,MTR-07,446.8,3926.22,200.04
ENG000190,2026-01-28,Academic Block,MTR-01,1021.48,7276.49,547.23
ENG000191,2026-01-28,Hostel A,MTR-02,968.76,8664.06,412.12
ENG000192,2026-01-28,Hostel B,MTR-03,978.84,7471.69,374.99
ENG000193,2026-01-28,Library,MTR-04,592.65,4326.28,319.45
ENG000194,2026-01-28,Canteen,MTR-05,498.71,3965.86,225.0
ENG000195,2026-01-28,Computer Lab,MTR-06,1062.14,8584.41,558.91
ENG000196,2026-01-28,Admin Block,MTR-07,399.77,3480.99,192.63
ENG000197,2026-01-29,Academic Block,MTR-01,1100.37,8872.14,547.06
ENG000198,2026-01-29,Hostel A,MTR-02,1111.5,9176.31,472.44
ENG000199,2026-01-29,Hostel B,MTR-03,1064.08,8647.06,412.24
ENG000200,2026-01-29,Library,MTR-04,606.64,4531.02,272.32
ENG000201,2026-01-29,Canteen,MTR-05,427.56,3242.51,200.89
ENG000202,2026-01-29,Computer Lab,MTR-06,1212.14,10136.76,530.18
ENG000203,2026-01-29,Admin Block,MTR-07,349.63,2624.88,187.8
ENG000204,2026-01-30,Academic Block,MTR-01,1009.61,7097.84,424.13
ENG000205,2026-01-30,Hostel A,MTR-02,981.65,8483.16,402.18
ENG000206,2026-01-30,Hostel B,MTR-03,860.91,6824.19,430.82
ENG000207,2026-01-30,Library,MTR-04,707.64,6026.3,305.78
ENG000208,2026-01-30,Canteen,MTR-05,566.04,4846.5,223.6
ENG000209,2026-01-30,Computer Lab,MTR-06,1472.09,10893.29,591.18
ENG000210,2026-01-30,Admin Block,MTR-07,444.62,3818.68,233.56
ENG000211,2026-01-31,Academic Block,MTR-01,977.51,8223.01,376.83
ENG000212,2026-01-31,Hostel A,MTR-02,1101.48,7989.25,475.31
ENG000213,2026-01-31,Hostel B,MTR-03,1123.71,8422.64,492.81
ENG000214,2026-01-31,Library,MTR-04,561.53,4135.09,294.49
ENG000215,2026-01-31,Canteen,MTR-05,522.26,4094.64,233.43
ENG000216,2026-01-31,Computer Lab,MTR-06,1393.58,10328.89,622.54
ENG000217,2026-01-31,Admin Block,MTR-07,386.32,2863.51,151.53
ENG000218,2026-02-01,Academic Block,MTR-01,647.25,4899.53,323.78
ENG000219,2026-02-01,Hostel A,MTR-02,1291.26,10779.84,506.49
ENG000220,2026-02-01,Hostel B,MTR-03,1098.41,8177.28,477.0
ENG000221,2026-02-01,Library,MTR-04,626.68,5497.13,329.24
ENG000222,2026-02-01,Canteen,MTR-05,462.67,3484.66,251.24
ENG000223,2026-02-01,Computer Lab,MTR-06,1483.22,12645.31,638.56
ENG000224,2026-02-01,Admin Block,MTR-07,453.52,3634.5,193.52
ENG000225,2026-02-02,Academic Block,MTR-01,947.77,6875.69,410.07
ENG000226,2026-02-02,Hostel A,MTR-02,1098.72,9252.52,596.61
ENG000227,2026-02-02,Hostel B,MTR-03,952.45,7252.06,385.21
ENG000228,2026-02-02,Library,MTR-04,644.85,5316.68,240.07
ENG000229,2026-02-02,Canteen,MTR-05,435.43,3313.76,159.72
ENG000230,2026-02-02,Computer Lab,MTR-06,1358.75,9785.1,580.49
ENG000231,2026-02-02,Admin Block,MTR-07,326.31,2801.47,122.99
ENG000232,2026-02-03,Academic Block,MTR-01,996.53,7377.87,459.56
ENG000233,2026-02-03,Hostel A,MTR-02,1237.22,8875.27,567.53
ENG000234,2026-02-03,Hostel B,MTR-03,1249.26,10675.46,464.68
ENG000235,2026-02-03,Library,MTR-04,498.55,3565.47,228.96
ENG000236,2026-02-03,Canteen,MTR-05,372.95,2720.68,160.36
ENG000237,2026-02-03,Computer Lab,MTR-06,1394.09,12484.83,619.48
ENG000238,2026-02-03,Admin Block,MTR-07,469.85,3297.64,174.69
ENG000239,2026-02-04,Academic Block,MTR-01,993.85,7396.93,496.93
ENG000240,2026-02-04,Hostel A,MTR-02,1234.15,10954.49,462.57
ENG000241,2026-02-04,Hostel B,MTR-03,1030.12,8953.91,410.22
ENG000242,2026-02-04,Library,MTR-04,595.49,4245.11,323.71
ENG000243,2026-02-04,Canteen,MTR-05,493.52,3643.46,241.84
ENG000244,2026-02-04,Computer Lab,MTR-06,1074.77,9544.95,497.17
ENG000245,2026-02-04,Admin Block,MTR-07,368.03,3040.28,187.5
ENG000246,2026-02-05,Academic Block,MTR-01,1115.97,8211.72,554.7
ENG000247,2026-02-05,Hostel A,MTR-02,941.5,7072.24,335.77
ENG000248,2026-02-05,Hostel B,MTR-03,976.28,7754.77,425.96
ENG000249,2026-02-05,Library,MTR-04,475.7,3850.64,212.62
ENG000250,2026-02-05,Canteen,MTR-05,360.47,3161.08,126.49
ENG000251,2026-02-05,Computer Lab,MTR-06,1309.98,9820.41,711.09
ENG000252,2026-02-05,Admin Block,MTR-07,449.39,3403.71,199.85
ENG000253,2026-02-06,Academic Block,MTR-01,928.61,6835.27,443.56
ENG000254,2026-02-06,Hostel A,MTR-02,1220.01,9454.21,471.29
ENG000255,2026-02-06,Hostel B,MTR-03,1017.46,8456.69,512.35
ENG000256,2026-02-06,Library,MTR-04,666.44,4947.39,257.86
ENG000257,2026-02-06,Canteen,MTR-05,467.14,3831.5,247.79
ENG000258,2026-02-06,Computer Lab,MTR-06,1175.72,8393.37,599.81
ENG000259,2026-02-06,Admin Block,MTR-07,337.87,3006.32,168.55
ENG000260,2026-02-07,Academic Block,MTR-01,783.0,5499.73,321.58
ENG000261,2026-02-07,Hostel A,MTR-02,865.42,6448.24,464.17
ENG000262,2026-02-07,Hostel B,MTR-03,1191.94,8559.14,625.48
ENG000263,2026-02-07,Library,MTR-04,703.74,5796.64,344.24
ENG000264,2026-02-07,Canteen,MTR-05,453.24,3884.01,164.9
ENG000265,2026-02-07,Computer Lab,MTR-06,1081.3,8458.78,510.89
ENG000266,2026-02-07,Admin Block,MTR-07,393.26,3326.8,182.04
ENG000267,2026-02-08,Academic Block,MTR-01,1037.89,8742.88,450.09
ENG000268,2026-02-08,Hostel A,MTR-02,986.16,7848.63,405.69
ENG000269,2026-02-08,Hostel B,MTR-03,1035.5,8624.5,370.17
ENG000270,2026-02-08,Library,MTR-04,627.21,5522.47,337.68
ENG000271,2026-02-08,Canteen,MTR-05,461.9,3411.61,190.68
ENG000272,2026-02-08,Computer Lab,MTR-06,1234.59,9560.06,557.15
ENG000273,2026-02-08,Admin Block,MTR-07,294.83,2545.93,104.96
ENG000274,2026-02-09,Academic Block,MTR-01,904.46,6946.05,423.75
ENG000275,2026-02-09,Hostel A,MTR-02,982.61,7096.65,409.19
ENG000276,2026-02-09,Hostel B,MTR-03,1213.82,9030.97,494.05
ENG000277,2026-02-09,Library,MTR-04,634.22,5581.24,232.18
ENG000278,2026-02-09,Canteen,MTR-05,474.03,3665.7,205.64
ENG000279,2026-02-09,Computer Lab,MTR-06,1257.04,11092.28,666.09
ENG000280,2026-02-09,Admin Block,MTR-07,470.3,3548.06,240.51
ENG000281,2026-02-10,Academic Block,MTR-01,837.52,7186.53,459.7
ENG000282,2026-02-10,Hostel A,MTR-02,1023.68,8201.94,367.87
ENG000283,2026-02-10,Hostel B,MTR-03,966.45,7315.82,516.32
ENG000284,2026-02-10,Library,MTR-04,774.94,6959.51,367.54
ENG000285,2026-02-10,Canteen,MTR-05,453.19,3780.95,242.54
ENG000286,2026-02-10,Computer Lab,MTR-06,1206.88,9826.94,452.24
ENG000287,2026-02-10,Admin Block,MTR-07,417.94,3219.3,186.04
ENG000288,2026-02-11,Academic Block,MTR-01,705.53,6038.45,320.47
ENG000289,2026-02-11,Hostel A,MTR-02,819.81,7019.35,369.11
ENG000290,2026-02-11,Hostel B,MTR-03,1061.23,8756.79,559.05
ENG000291,2026-02-11,Library,MTR-04,735.96,5830.96,389.19
ENG000292,2026-02-11,Canteen,MTR-05,503.33,3845.69,236.24
ENG000293,2026-02-11,Computer Lab,MTR-06,1278.84,9341.87,623.55
ENG000294,2026-02-11,Admin Block,MTR-07,420.24,3551.84,227.63
ENG000295,2026-02-12,Academic Block,MTR-01,860.83,6513.27,332.21
ENG000296,2026-02-12,Hostel A,MTR-02,1367.63,9712.81,683.71
ENG000297,2026-02-12,Hostel B,MTR-03,819.29,5934.82,437.2
ENG000298,2026-02-12,Library,MTR-04,706.9,5099.67,381.73
ENG000299,2026-02-12,Canteen,MTR-05,393.84,3309.32,209.63
ENG000300,2026-02-12,Computer Lab,MTR-06,1259.25,9016.66,667.25
ENG000301,2026-02-12,Admin Block,MTR-07,444.13,3702.41,202.65
ENG000302,2026-02-13,Academic Block,MTR-01,968.2,8180.18,379.06
ENG000303,2026-02-13,Hostel A,MTR-02,1236.54,10651.26,491.54
ENG000304,2026-02-13,Hostel B,MTR-03,1193.16,8431.7,482.84
ENG000305,2026-02-13,Library,MTR-04,622.18,4986.52,283.75
ENG000306,2026-02-13,Canteen,MTR-05,463.86,3344.59,179.93
ENG000307,2026-02-13,Computer Lab,MTR-06,1436.33,11153.68,659.62
ENG000308,2026-02-13,Admin Block,MTR-07,414.66,2919.57,185.26
ENG000309,2026-02-14,Academic Block,MTR-01,971.71,7632.24,345.97
ENG000310,2026-02-14,Hostel A,MTR-02,1172.9,10204.09,422.41
ENG000311,2026-02-14,Hostel B,MTR-03,935.14,8015.2,448.16
ENG000312,2026-02-14,Library,MTR-04,597.45,4525.95,282.09
ENG000313,2026-02-14,Canteen,MTR-05,466.28,3813.24,228.26
ENG000314,2026-02-14,Computer Lab,MTR-06,1229.23,10557.74,625.35
ENG000315,2026-02-14,Admin Block,MTR-07,330.51,2566.65,132.96
ENG000316,2026-02-15,Academic Block,MTR-01,823.3,5871.09,391.92
ENG000317,2026-02-15,Hostel A,MTR-02,1039.79,8367.52,537.71
ENG000318,2026-02-15,Hostel B,MTR-03,1170.37,9067.77,514.78
ENG000319,2026-02-15,Library,MTR-04,662.46,5435.84,259.04
ENG000320,2026-02-15,Canteen,MTR-05,419.32,3416.29,149.05
ENG000321,2026-02-15,Computer Lab,MTR-06,1128.88,9353.28,609.89
ENG000322,2026-02-15,Admin Block,MTR-07,427.58,3547.38,169.17
ENG000323,2026-02-16,Academic Block,MTR-01,1112.11,8293.23,562.32
ENG000324,2026-02-16,Hostel A,MTR-02,961.73,7583.59,494.75
ENG000325,2026-02-16,Hostel B,MTR-03,908.02,8123.61,426.16
ENG000326,2026-02-16,Library,MTR-04,708.48,5577.49,342.11
ENG000327,2026-02-16,Canteen,MTR-05,438.48,3205.74,202.2
ENG000328,2026-02-16,Computer Lab,MTR-06,1232.56,10223.88,538.07
ENG000329,2026-02-16,Admin Block,MTR-07,431.77,3293.62,153.3
ENG000330,2026-02-17,Academic Block,MTR-01,1007.05,8091.43,359.73
ENG000331,2026-02-17,Hostel A,MTR-02,922.92,7750.86,477.12
ENG000332,2026-02-17,Hostel B,MTR-03,1181.05,9273.63,618.73
ENG000333,2026-02-17,Library,MTR-04,581.06,5052.35,229.1
ENG000334,2026-02-17,Canteen,MTR-05,502.61,4187.23,205.8
ENG000335,2026-02-17,Computer Lab,MTR-06,1433.18,10709.77,751.92
ENG000336,2026-02-17,Admin Block,MTR-07,360.36,2673.14,182.76
ENG000337,2026-02-18,Academic Block,MTR-01,888.34,6971.99,470.3
ENG000338,2026-02-18,Hostel A,MTR-02,711.16,5018.49,343.38
ENG000339,2026-02-18,Hostel B,MTR-03,1121.01,9950.75,577.87
ENG000340,2026-02-18,Library,MTR-04,592.04,4564.55,264.54
ENG000341,2026-02-18,Canteen,MTR-05,527.31,4058.61,253.69
ENG000342,2026-02-18,Computer Lab,MTR-06,1098.02,8396.94,442.66
ENG000343,2026-02-18,Admin Block,MTR-07,393.5,3328.53,179.35
ENG000344,2026-02-19,Academic Block,MTR-01,983.56,7197.13,436.32
ENG000345,2026-02-19,Hostel A,MTR-02,996.66,7997.37,440.04
ENG000346,2026-02-19,Hostel B,MTR-03,1021.49,7807.11,425.49
ENG000347,2026-02-19,Library,MTR-04,553.57,4904.38,289.65
ENG000348,2026-02-19,Canteen,MTR-05,394.55,3228.57,207.86
ENG000349,2026-02-19,Computer Lab,MTR-06,1449.55,12987.71,763.68
ENG000350,2026-02-19,Admin Block,MTR-07,449.37,3545.89,179.3
ENG000351,2026-02-20,Academic Block,MTR-01,1174.04,9396.44,587.57
ENG000352,2026-02-20,Hostel A,MTR-02,930.26,7282.33,378.78
ENG000353,2026-02-20,Hostel B,MTR-03,985.3,7397.44,474.01
ENG000354,2026-02-20,Library,MTR-04,610.34,5363.69,277.84
ENG000355,2026-02-20,Canteen,MTR-05,407.86,3046.86,176.66
ENG000356,2026-02-20,Computer Lab,MTR-06,1513.49,12910.04,776.22
ENG000357,2026-02-20,Admin Block,MTR-07,476.76,4262.45,202.25
ENG000358,2026-02-21,Academic Block,MTR-01,1206.33,8781.03,490.51
ENG000359,2026-02-21,Hostel A,MTR-02,1117.98,8731.74,553.11
ENG000360,2026-02-21,Hostel B,MTR-03,1031.85,7279.5,556.07
ENG000361,2026-02-21,Library,MTR-04,638.75,5473.15,295.26
ENG000362,2026-02-21,Canteen,MTR-05,364.68,3192.78,197.55
ENG000363,2026-02-21,Computer Lab,MTR-06,1235.07,8829.32,540.47
ENG000364,2026-02-21,Admin Block,MTR-07,415.69,3300.99,194.18
ENG000365,2026-02-22,Academic Block,MTR-01,1072.59,8021.55,377.13
ENG000366,2026-02-22,Hostel A,MTR-02,1232.56,9859.7,588.68
ENG000367,2026-02-22,Hostel B,MTR-03,1163.95,10417.3,423.54
ENG000368,2026-02-22,Library,MTR-04,596.04,4599.53,300.35
ENG000369,2026-02-22,Canteen,MTR-05,475.23,3566.2,211.29
ENG000370,2026-02-22,Computer Lab,MTR-06,1402.93,12209.76,658.71
ENG000371,2026-02-22,Admin Block,MTR-07,416.87,2974.1,202.6
ENG000372,2026-02-23,Academic Block,MTR-01,902.11,7486.89,472.68
ENG000373,2026-02-23,Hostel A,MTR-02,1000.61,7591.62,519.41
ENG000374,2026-02-23,Hostel B,MTR-03,866.44,7493.28,345.32
ENG000375,2026-02-23,Library,MTR-04,684.45,6114.0,344.34
ENG000376,2026-02-23,Canteen,MTR-05,438.87,3816.37,218.53
ENG000377,2026-02-23,Computer Lab,MTR-06,1080.32,8624.38,385.15
ENG000378,2026-02-23,Admin Block,MTR-07,332.27,2513.16,172.41
ENG000379,2026-02-24,Academic Block,MTR-01,1063.83,8663.59,583.87
ENG000380,2026-02-24,Hostel A,MTR-02,940.81,7831.15,332.0
ENG000381,2026-02-24,Hostel B,MTR-03,1028.52,9015.55,483.73
ENG000382,2026-02-24,Library,MTR-04,683.78,6096.29,274.83
ENG000383,2026-02-24,Canteen,MTR-05,474.8,3493.3,218.8
ENG000384,2026-02-24,Computer Lab,MTR-06,1272.64,10224.47,557.16
ENG000385,2026-02-24,Admin Block,MTR-07,315.99,2539.27,139.52
ENG000386,2026-02-25,Academic Block,MTR-01,877.73,6955.29,442.15
ENG000387,2026-02-25,Hostel A,MTR-02,1145.42,10055.31,429.88
ENG000388,2026-02-25,Hostel B,MTR-03,1043.06,9331.42,543.51
ENG000389,2026-02-25,Library,MTR-04,547.43,4847.32,220.68
ENG000390,2026-02-25,Canteen,MTR-05,375.22,3172.35,164.12
ENG000391,2026-02-25,Computer Lab,MTR-06,1473.58,10454.2,784.47
ENG000392,2026-02-25,Admin Block,MTR-07,398.7,3434.65,159.58
ENG000393,2026-02-26,Academic Block,MTR-01,1183.66,8916.71,571.61
ENG000394,2026-02-26,Hostel A,MTR-02,1192.06,8404.92,470.54
ENG000395,2026-02-26,Hostel B,MTR-03,1175.0,9965.1,499.06
ENG000396,2026-02-26,Library,MTR-04,706.77,5243.73,335.96
ENG000397,2026-02-26,Canteen,MTR-05,502.6,3621.03,274.86
ENG000398,2026-02-26,Computer Lab,MTR-06,1334.08,11402.03,479.56
ENG000399,2026-02-26,Admin Block,MTR-07,336.11,2852.07,140.53
ENG000400,2026-02-27,Academic Block,MTR-01,944.51,8303.53,416.44
ENG000401,2026-02-27,Hostel A,MTR-02,1359.98,11134.15,656.92
ENG000402,2026-02-27,Hostel B,MTR-03,1099.8,8355.54,478.59
ENG000403,2026-02-27,Library,MTR-04,734.79,6394.37,360.88
ENG000404,2026-02-27,Canteen,MTR-05,446.84,3415.73,184.43
ENG000405,2026-02-27,Computer Lab,MTR-06,1049.32,9378.75,512.94
ENG000406,2026-02-27,Admin Block,MTR-07,436.06,3163.44,163.48
ENG000407,2026-02-28,Academic Block,MTR-01,893.63,7741.07,490.37
ENG000408,2026-02-28,Hostel A,MTR-02,1166.05,8331.12,538.18
ENG000409,2026-02-28,Hostel B,MTR-03,976.36,8308.56,364.06
ENG000410,2026-02-28,Library,MTR-04,621.34,4682.21,231.51
ENG000411,2026-02-28,Canteen,MTR-05,451.99,3901.25,184.19
ENG000412,2026-02-28,Computer Lab,MTR-06,1268.09,10984.66,572.09
ENG000413,2026-02-28,Admin Block,MTR-07,461.93,3717.01,172.34
ENG000414,2026-03-01,Academic Block,MTR-01,819.07,6656.75,326.91
ENG000415,2026-03-01,Hostel A,MTR-02,1084.79,9631.92,396.46
ENG000416,2026-03-01,Hostel B,MTR-03,1175.26,9092.13,545.08
ENG000417,2026-03-01,Library,MTR-04,563.11,4566.74,277.47
ENG000418,2026-03-01,Canteen,MTR-05,400.17,3266.97,189.22
ENG000419,2026-03-01,Computer Lab,MTR-06,1190.01,10094.65,424.59
ENG000420,2026-03-01,Admin Block,MTR-07,454.92,3500.86,207.8
ENG000421,2026-03-02,Academic Block,MTR-01,866.39,6686.18,369.73
ENG000422,2026-03-02,Hostel A,MTR-02,1217.61,10335.93,528.16
ENG000423,2026-03-02,Hostel B,MTR-03,1040.81,8834.0,507.61
ENG000424,2026-03-02,Library,MTR-04,671.88,5416.36,359.09
ENG000425,2026-03-02,Canteen,MTR-05,437.96,3672.94,177.88
ENG000426,2026-03-02,Computer Lab,MTR-06,1219.16,9216.53,522.85
ENG000427,2026-03-02,Admin Block,MTR-07,429.67,3217.97,184.06
ENG000428,2026-03-03,Academic Block,MTR-01,1099.18,8287.19,557.05
ENG000429,2026-03-03,Hostel A,MTR-02,953.18,7706.51,339.34
ENG000430,2026-03-03,Hostel B,MTR-03,772.04,5470.5,385.49
ENG000431,2026-03-03,Library,MTR-04,605.4,4879.46,221.73
ENG000432,2026-03-03,Canteen,MTR-05,447.04,3726.42,169.07
ENG000433,2026-03-03,Computer Lab,MTR-06,1249.54,10444.54,443.73
ENG000434,2026-03-03,Admin Block,MTR-07,363.44,2633.65,169.66
ENG000435,2026-03-04,Academic Block,MTR-01,857.5,6809.16,310.3
ENG000436,2026-03-04,Hostel A,MTR-02,1254.49,9359.71,523.51
ENG000437,2026-03-04,Hostel B,MTR-03,1059.7,8774.21,451.86
ENG000438,2026-03-04,Library,MTR-04,600.64,4622.0,227.17
ENG000439,2026-03-04,Canteen,MTR-05,371.56,3148.76,133.75
ENG000440,2026-03-04,Computer Lab,MTR-06,1034.85,8960.67,548.77
ENG000441,2026-03-04,Admin Block,MTR-07,363.7,3005.82,156.51
ENG000442,2026-03-05,Academic Block,MTR-01,964.24,8058.16,445.84
ENG000443,2026-03-05,Hostel A,MTR-02,1092.49,9792.87,386.97
ENG000444,2026-03-05,Hostel B,MTR-03,922.63,7004.11,330.09
ENG000445,2026-03-05,Library,MTR-04,836.08,6567.67,399.44
ENG000446,2026-03-05,Canteen,MTR-05,361.09,2877.42,140.64
ENG000447,2026-03-05,Computer Lab,MTR-06,1475.23,12986.58,641.94
ENG000448,2026-03-05,Admin Block,MTR-07,464.83,3347.5,195.94
ENG000449,2026-03-06,Academic Block,MTR-01,1178.75,10210.52,526.58
ENG000450,2026-03-06,Hostel A,MTR-02,1303.86,10658.87,620.95
ENG000451,2026-03-06,Hostel B,MTR-03,832.71,6134.48,387.36
ENG000452,2026-03-06,Library,MTR-04,669.46,5875.23,275.77
ENG000453,2026-03-06,Canteen,MTR-05,452.9,3353.91,186.51
ENG000454,2026-03-06,Computer Lab,MTR-06,1368.14,11377.79,682.67
ENG000455,2026-03-06,Admin Block,MTR-07,384.07,2974.56,198.57
ENG000456,2026-03-07,Academic Block,MTR-01,780.68,5481.23,303.27
ENG000457,2026-03-07,Hostel A,MTR-02,1135.4,8665.79,422.61
ENG000458,2026-03-07,Hostel B,MTR-03,1173.76,10436.72,544.3
ENG000459,2026-03-07,Library,MTR-04,601.74,5393.91,313.4
ENG000460,2026-03-07,Canteen,MTR-05,422.65,3679.72,227.66
ENG000461,2026-03-07,Computer Lab,MTR-06,1202.34,10294.59,658.98
ENG000462,2026-03-07,Admin Block,MTR-07,436.95,3066.41,191.15
ENG000463,2026-03-08,Academic Block,MTR-01,1061.57,8610.78,381.19
ENG000464,2026-03-08,Hostel A,MTR-02,1162.23,8207.99,594.2
ENG000465,2026-03-08,Hostel B,MTR-03,1068.45,8229.58,409.66
ENG000466,2026-03-08,Library,MTR-04,531.26,4400.56,234.32
ENG000467,2026-03-08,Canteen,MTR-05,471.25,3617.17,254.35
ENG000468,2026-03-08,Computer Lab,MTR-06,1436.25,12923.61,696.1
ENG000469,2026-03-08,Admin Block,MTR-07,356.24,2972.59,156.21
ENG000470,2026-03-09,Academic Block,MTR-01,897.85,6730.25,385.18
ENG000471,2026-03-09,Hostel A,MTR-02,952.34,7984.92,450.27
ENG000472,2026-03-09,Hostel B,MTR-03,1087.32,8251.89,589.2
ENG000473,2026-03-09,Library,MTR-04,760.48,5948.02,287.04
ENG000474,2026-03-09,Canteen,MTR-05,430.82,3826.57,212.29
ENG000475,2026-03-09,Computer Lab,MTR-06,1149.88,10223.82,434.69
ENG000476,2026-03-09,Admin Block,MTR-07,339.16,2571.41,119.23
ENG000477,2026-03-10,Academic Block,MTR-01,1018.23,8573.55,416.58
ENG000478,2026-03-10,Hostel A,MTR-02,1076.79,8163.01,392.62
ENG000479,2026-03-10,Hostel B,MTR-03,1053.03,9188.51,431.38
ENG000480,2026-03-10,Library,MTR-04,704.4,5104.68,287.6
ENG000481,2026-03-10,Canteen,MTR-05,465.12,3336.43,244.27
ENG000482,2026-03-10,Computer Lab,MTR-06,1052.74,7896.15,482.19
ENG000483,2026-03-10,Admin Block,MTR-07,367.63,3190.74,144.23
ENG000484,2026-03-11,Academic Block,MTR-01,1094.17,9118.01,522.63
ENG000485,2026-03-11,Hostel A,MTR-02,1382.12,10740.81,640.59
ENG000486,2026-03-11,Hostel B,MTR-03,1139.95,9838.72,540.97
ENG000487,2026-03-11,Library,MTR-04,704.04,5262.36,366.48
ENG000488,2026-03-11,Canteen,MTR-05,458.42,3616.14,199.85
ENG000489,2026-03-11,Computer Lab,MTR-06,1362.2,11117.33,545.54
ENG000490,2026-03-11,Admin Block,MTR-07,397.88,2791.19,155.51
ENG000491,2026-03-12,Academic Block,MTR-01,929.97,7967.6,412.19
ENG000492,2026-03-12,Hostel A,MTR-02,953.64,8297.21,352.9
ENG000493,2026-03-12,Hostel B,MTR-03,1014.96,7285.38,467.24
ENG000494,2026-03-12,Library,MTR-04,801.77,7171.94,393.99
ENG000495,2026-03-12,Canteen,MTR-05,495.32,4120.02,206.84
ENG000496,2026-03-12,Computer Lab,MTR-06,1165.84,8292.28,458.42
ENG000497,2026-03-12,Admin Block,MTR-07,400.96,3287.5,216.68
ENG000498,2026-03-13,Academic Block,MTR-01,745.2,6168.24,332.51
ENG000499,2026-03-13,Hostel A,MTR-02,1145.8,8509.56,545.43
ENG000500,2026-03-13,Hostel B,MTR-03,1053.16,8077.79,425.79
ENG000501,2026-03-13,Library,MTR-04,626.12,4948.05,321.14
ENG000502,2026-03-13,Canteen,MTR-05,409.84,3296.71,168.41
ENG000503,2026-03-13,Computer Lab,MTR-06,1281.5,10292.64,681.16
ENG000504,2026-03-13,Admin Block,MTR-07,378.81,2663.75,186.31
ENG000505,2026-03-14,Academic Block,MTR-01,894.97,6685.97,327.73
ENG000506,2026-03-14,Hostel A,MTR-02,1033.25,9035.3,373.12
ENG000507,2026-03-14,Hostel B,MTR-03,1187.61,10430.18,555.15
ENG000508,2026-03-14,Library,MTR-04,632.39,5554.51,318.51
ENG000509,2026-03-14,Canteen,MTR-05,465.92,4171.08,248.16
ENG000510,2026-03-14,Computer Lab,MTR-06,1352.48,10484.66,719.15
ENG000511,2026-03-14,Admin Block,MTR-07,461.07,4096.08,178.66
ENG000512,2026-03-15,Academic Block,MTR-01,791.88,5800.08,343.54
ENG000513,2026-03-15,Hostel A,MTR-02,1049.44,8067.76,488.51
ENG000514,2026-03-15,Hostel B,MTR-03,1068.36,9369.88,476.98
ENG000515,2026-03-15,Library,MTR-04,647.53,4921.14,265.04
ENG000516,2026-03-15,Canteen,MTR-05,410.8,3358.64,199.93
ENG000517,2026-03-15,Computer Lab,MTR-06,1241.65,9630.12,470.06
ENG000518,2026-03-15,Admin Block,MTR-07,334.09,2522.44,131.99
ENG000519,2026-03-16,Academic Block,MTR-01,999.28,7337.76,392.78
ENG000520,2026-03-16,Hostel A,MTR-02,974.52,6868.41,411.91
ENG000521,2026-03-16,Hostel B,MTR-03,1248.25,10080.4,577.0
ENG000522,2026-03-16,Library,MTR-04,668.5,5063.56,247.64
ENG000523,2026-03-16,Canteen,MTR-05,466.86,3520.13,201.5
ENG000524,2026-03-16,Computer Lab,MTR-06,1286.02,10245.27,523.43
ENG000525,2026-03-16,Admin Block,MTR-07,399.12,3411.01,146.62
ENG000526,2026-03-17,Academic Block,MTR-01,917.77,8159.86,329.59
ENG000527,2026-03-17,Hostel A,MTR-02,1184.03,9309.02,458.64
ENG000528,2026-03-17,Hostel B,MTR-03,1020.64,8203.69,435.95
ENG000529,2026-03-17,Library,MTR-04,507.31,3690.98,278.85
ENG000530,2026-03-17,Canteen,MTR-05,531.61,4630.2,199.14
ENG000531,2026-03-17,Computer Lab,MTR-06,1361.83,10509.3,681.17
ENG000532,2026-03-17,Admin Block,MTR-07,441.16,3296.93,181.93
ENG000533,2026-03-18,Academic Block,MTR-01,978.49,7271.55,464.31
ENG000534,2026-03-18,Hostel A,MTR-02,1181.09,9737.58,505.91
ENG000535,2026-03-18,Hostel B,MTR-03,1012.71,8649.22,413.31
ENG000536,2026-03-18,Library,MTR-04,565.9,4042.03,292.28
ENG000537,2026-03-18,Canteen,MTR-05,387.9,2903.53,174.12
ENG000538,2026-03-18,Computer Lab,MTR-06,1244.39,8887.86,620.99
ENG000539,2026-03-18,Admin Block,MTR-07,376.21,2728.38,145.94
ENG000540,2026-03-19,Academic Block,MTR-01,1131.07,8902.21,498.42
ENG000541,2026-03-19,Hostel A,MTR-02,1129.3,9749.49,538.76
ENG000542,2026-03-19,Hostel B,MTR-03,1189.36,8700.77,652.36
ENG000543,2026-03-19,Library,MTR-04,555.24,3965.67,222.02
ENG000544,2026-03-19,Canteen,MTR-05,403.18,3418.4,157.72
ENG000545,2026-03-19,Computer Lab,MTR-06,1288.93,9663.96,701.6
ENG000546,2026-03-19,Admin Block,MTR-07,451.01,3257.43,196.26
ENG000547,2026-03-20,Academic Block,MTR-01,1041.69,8034.3,475.29
ENG000548,2026-03-20,Hostel A,MTR-02,1088.17,8437.33,463.93
ENG000549,2026-03-20,Hostel B,MTR-03,1161.05,9344.0,587.07
ENG000550,2026-03-20,Library,MTR-04,796.81,6749.74,332.81
ENG000551,2026-03-20,Canteen,MTR-05,438.2,3199.33,160.96
ENG000552,2026-03-20,Computer Lab,MTR-06,1213.28,10505.26,602.28
ENG000553,2026-03-20,Admin Block,MTR-07,468.81,3387.53,231.53
ENG000554,2026-03-21,Academic Block,MTR-01,965.83,7869.25,510.43
ENG000555,2026-03-21,Hostel A,MTR-02,1049.7,8320.74,524.82
ENG000556,2026-03-21,Hostel B,MTR-03,1052.9,7455.4,385.02
ENG000557,2026-03-21,Library,MTR-04,727.94,6133.52,317.9
ENG000558,2026-03-21,Canteen,MTR-05,438.42,3252.91,235.91
ENG000559,2026-03-21,Computer Lab,MTR-06,1125.12,8964.85,578.21
ENG000560,2026-03-21,Admin Block,MTR-07,430.14,3855.19,155.24
ENG000561,2026-03-22,Academic Block,MTR-01,923.27,8065.34,463.44
ENG000562,2026-03-22,Hostel A,MTR-02,1239.25,11000.58,676.95
ENG000563,2026-03-22,Hostel B,MTR-03,957.35,8147.16,341.53
ENG000564,2026-03-22,Library,MTR-04,681.14,5245.87,288.04
ENG000565,2026-03-22,Canteen,MTR-05,490.27,3741.02,237.64
ENG000566,2026-03-22,Computer Lab,MTR-06,1052.73,9269.84,403.22
ENG000567,2026-03-22,Admin Block,MTR-07,418.35,3735.97,188.89
ENG000568,2026-03-23,Academic Block,MTR-01,958.08,8441.67,494.4
ENG000569,2026-03-23,Hostel A,MTR-02,976.16,8170.56,469.02
ENG000570,2026-03-23,Hostel B,MTR-03,1157.29,8264.91,620.91
ENG000571,2026-03-23,Library,MTR-04,655.83,5064.22,256.24
ENG000572,2026-03-23,Canteen,MTR-05,381.78,2806.15,190.29
ENG000573,2026-03-23,Computer Lab,MTR-06,918.03,6884.43,351.12
ENG000574,2026-03-23,Admin Block,MTR-07,344.04,2955.17,154.44
ENG000575,2026-03-24,Academic Block,MTR-01,953.79,7678.48,444.57
ENG000576,2026-03-24,Hostel A,MTR-02,1292.56,10915.75,656.96
ENG000577,2026-03-24,Hostel B,MTR-03,1147.23,9393.65,586.72
ENG000578,2026-03-24,Library,MTR-04,702.05,5444.5,284.47
ENG000579,2026-03-24,Canteen,MTR-05,451.31,4038.45,182.94
ENG000580,2026-03-24,Computer Lab,MTR-06,1506.21,11954.63,691.63
ENG000581,2026-03-24,Admin Block,MTR-07,415.41,3210.16,211.73
ENG000582,2026-03-25,Academic Block,MTR-01,901.22,7664.8,428.66
ENG000583,2026-03-25,Hostel A,MTR-02,1059.76,7508.45,539.9
ENG000584,2026-03-25,Hostel B,MTR-03,1106.28,9025.14,511.25
ENG000585,2026-03-25,Library,MTR-04,638.85,5441.0,266.72
ENG000586,2026-03-25,Canteen,MTR-05,329.77,2316.54,133.53
ENG000587,2026-03-25,Computer Lab,MTR-06,1216.9,10532.61,519.61
ENG000588,2026-03-25,Admin Block,MTR-07,367.05,2727.62,138.48
ENG000589,2026-03-26,Academic Block,MTR-01,1027.26,8523.09,542.25
ENG000590,2026-03-26,Hostel A,MTR-02,1213.61,9782.58,525.01
ENG000591,2026-03-26,Hostel B,MTR-03,984.31,8546.75,376.61
ENG000592,2026-03-26,Library,MTR-04,700.34,5149.65,275.36
ENG000593,2026-03-26,Canteen,MTR-05,464.71,3594.61,216.28
ENG000594,2026-03-26,Computer Lab,MTR-06,1357.9,9825.67,553.08
ENG000595,2026-03-26,Admin Block,MTR-07,413.65,3567.31,197.83
ENG000596,2026-03-27,Academic Block,MTR-01,1177.66,10031.9,600.08
ENG000597,2026-03-27,Hostel A,MTR-02,768.96,6089.63,403.61
ENG000598,2026-03-27,Hostel B,MTR-03,968.62,7142.39,420.04
ENG000599,2026-03-27,Library,MTR-04,599.68,4431.27,247.19
ENG000600,2026-03-27,Canteen,MTR-05,375.02,2890.22,205.39
ENG000601,2026-03-27,Computer Lab,MTR-06,1133.93,9365.15,561.11
ENG000602,2026-03-27,Admin Block,MTR-07,392.94,3068.23,205.07
ENG000603,2026-03-28,Academic Block,MTR-01,1021.81,8145.7,533.78
ENG000604,2026-03-28,Hostel A,MTR-02,1171.49,8985.27,474.37
ENG000605,2026-03-28,Hostel B,MTR-03,985.57,7118.3,487.3
ENG000606,2026-03-28,Library,MTR-04,668.69,4942.77,336.02
ENG000607,2026-03-28,Canteen,MTR-05,524.64,4060.86,224.45
ENG000608,2026-03-28,Computer Lab,MTR-06,1101.8,8857.71,603.7
ENG000609,2026-03-28,Admin Block,MTR-07,418.36,3340.03,224.44
ENG000610,2026-03-29,Academic Block,MTR-01,941.58,7850.08,487.53
ENG000611,2026-03-29,Hostel A,MTR-02,1235.57,9265.74,609.25
ENG000612,2026-03-29,Hostel B,MTR-03,1004.55,8050.1,371.76
ENG000613,2026-03-29,Library,MTR-04,694.93,5983.49,345.21
ENG000614,2026-03-29,Canteen,MTR-05,484.48,4289.35,254.43
ENG000615,2026-03-29,Computer Lab,MTR-06,1160.42,8307.45,587.85
ENG000616,2026-03-29,Admin Block,MTR-07,347.28,2777.96,155.65
ENG000617,2026-03-30,Academic Block,MTR-01,1218.62,9612.38,569.92
ENG000618,2026-03-30,Hostel A,MTR-02,1175.27,9610.03,499.24
ENG000619,2026-03-30,Hostel B,MTR-03,1074.31,9510.28,380.39
ENG000620,2026-03-30,Library,MTR-04,592.17,4390.03,215.43
ENG000621,2026-03-30,Canteen,MTR-05,337.76,2904.34,183.52
ENG000622,2026-03-30,Computer Lab,MTR-06,1356.9,11736.54,535.84
ENG000623,2026-03-30,Admin Block,MTR-07,445.1,3414.23,176.96
ENG000624,2026-03-31,Academic Block,MTR-01,1094.39,8526.67,545.66
ENG000625,2026-03-31,Hostel A,MTR-02,1250.5,9418.15,576.99
ENG000626,2026-03-31,Hostel B,MTR-03,1064.99,9086.47,449.7
ENG000627,2026-03-31,Library,MTR-04,574.54,4091.19,256.15
ENG000628,2026-03-31,Canteen,MTR-05,449.5,3615.54,194.55
ENG000629,2026-03-31,Computer Lab,MTR-06,1034.84,8612.14,468.98
ENG000630,2026-03-31,Admin Block,MTR-07,388.19,3191.99,204.02
ENG000631,2026-04-01,Academic Block,MTR-01,1059.28,7922.94,410.14
ENG000632,2026-04-01,Hostel A,MTR-02,1007.48,7370.96,478.18
ENG000633,2026-04-01,Hostel B,MTR-03,1163.34,8699.89,421.21
ENG000634,2026-04-01,Library,MTR-04,590.97,4924.36,264.44
ENG000635,2026-04-01,Canteen,MTR-05,385.54,2909.53,173.76
ENG000636,2026-04-01,Computer Lab,MTR-06,1440.76,12779.84,636.84
ENG000637,2026-04-01,Admin Block,MTR-07,376.7,3122.61,139.15
ENG000638,2026-04-02,Academic Block,MTR-01,886.42,7635.96,457.19
ENG000639,2026-04-02,Hostel A,MTR-02,932.66,7722.36,362.68
ENG000640,2026-04-02,Hostel B,MTR-03,985.52,7565.74,409.94
ENG000641,2026-04-02,Library,MTR-04,705.67,6298.75,247.41
ENG000642,2026-04-02,Canteen,MTR-05,396.37,3110.54,148.38
ENG000643,2026-04-02,Computer Lab,MTR-06,1095.52,8525.13,399.46
ENG000644,2026-04-02,Admin Block,MTR-07,410.48,3382.39,200.92
ENG000645,2026-04-03,Academic Block,MTR-01,962.93,7967.21,338.5
ENG000646,2026-04-03,Hostel A,MTR-02,1167.38,8189.84,598.22
ENG000647,2026-04-03,Hostel B,MTR-03,958.42,7229.91,358.04
ENG000648,2026-04-03,Library,MTR-04,723.68,6080.65,396.4
ENG000649,2026-04-03,Canteen,MTR-05,406.33,2882.57,173.22
ENG000650,2026-04-03,Computer Lab,MTR-06,1280.77,9151.12,497.52
ENG000651,2026-04-03,Admin Block,MTR-07,332.85,2669.83,168.28
ENG000652,2026-04-04,Academic Block,MTR-01,981.22,7594.02,530.46
ENG000653,2026-04-04,Hostel A,MTR-02,1266.45,10198.56,452.82
ENG000654,2026-04-04,Hostel B,MTR-03,916.49,7541.68,351.23
ENG000655,2026-04-04,Library,MTR-04,615.0,4927.52,282.98
ENG000656,2026-04-04,Canteen,MTR-05,547.47,4670.48,204.7
ENG000657,2026-04-04,Computer Lab,MTR-06,1121.08,8349.3,550.32
ENG000658,2026-04-04,Admin Block,MTR-07,368.72,2692.26,146.57
ENG000659,2026-04-05,Academic Block,MTR-01,847.99,6111.62,432.29
ENG000660,2026-04-05,Hostel A,MTR-02,991.94,7822.49,400.99
ENG000661,2026-04-05,Hostel B,MTR-03,1008.25,7762.36,399.06
ENG000662,2026-04-05,Library,MTR-04,658.54,4912.63,276.29
ENG000663,2026-04-05,Canteen,MTR-05,514.29,4024.24,264.41
ENG000664,2026-04-05,Computer Lab,MTR-06,1395.88,11255.78,647.37
ENG000665,2026-04-05,Admin Block,MTR-07,433.11,3232.54,230.37
ENG000666,2026-04-06,Academic Block,MTR-01,1165.19,10399.99,630.91
ENG000667,2026-04-06,Hostel A,MTR-02,1065.22,9093.29,484.78
ENG000668,2026-04-06,Hostel B,MTR-03,990.0,7348.91,385.3
ENG000669,2026-04-06,Library,MTR-04,652.39,4577.29,319.92
ENG000670,2026-04-06,Canteen,MTR-05,325.27,2429.17,136.86
ENG000671,2026-04-06,Computer Lab,MTR-06,1210.15,9650.9,637.18
ENG000672,2026-04-06,Admin Block,MTR-07,381.85,2906.43,139.39
ENG000673,2026-04-07,Academic Block,MTR-01,846.99,6563.57,328.25
ENG000674,2026-04-07,Hostel A,MTR-02,1369.77,11852.36,540.02
ENG000675,2026-04-07,Hostel B,MTR-03,1004.55,7560.77,445.08
ENG000676,2026-04-07,Library,MTR-04,634.05,4482.84,288.52
ENG000677,2026-04-07,Canteen,MTR-05,447.25,3347.09,245.92
ENG000678,2026-04-07,Computer Lab,MTR-06,1361.38,12130.4,620.88
ENG000679,2026-04-07,Admin Block,MTR-07,380.96,3156.15,146.08
ENG000680,2026-04-08,Academic Block,MTR-01,894.17,7987.34,427.12
ENG000681,2026-04-08,Hostel A,MTR-02,1086.41,9611.38,578.82
ENG000682,2026-04-08,Hostel B,MTR-03,1052.72,7425.13,461.56
ENG000683,2026-04-08,Library,MTR-04,657.82,5029.48,306.11
ENG000684,2026-04-08,Canteen,MTR-05,393.18,3464.42,173.68
ENG000685,2026-04-08,Computer Lab,MTR-06,1062.53,8505.18,404.81
ENG000686,2026-04-08,Admin Block,MTR-07,388.37,3069.57,196.61
ENG000687,2026-04-09,Academic Block,MTR-01,878.3,7740.07,370.82
ENG000688,2026-04-09,Hostel A,MTR-02,1262.24,11104.36,535.44
ENG000689,2026-04-09,Hostel B,MTR-03,1100.8,8283.92,583.24
ENG000690,2026-04-09,Library,MTR-04,699.28,4897.75,337.59
ENG000691,2026-04-09,Canteen,MTR-05,551.55,3920.33,296.52
ENG000692,2026-04-09,Computer Lab,MTR-06,1484.83,10724.83,535.78
ENG000693,2026-04-09,Admin Block,MTR-07,430.71,3284.38,196.36
ENG000694,2026-04-10,Academic Block,MTR-01,1103.09,9438.16,464.01
ENG000695,2026-04-10,Hostel A,MTR-02,948.52,7818.15,381.79
ENG000696,2026-04-10,Hostel B,MTR-03,956.84,6851.35,401.09
ENG000697,2026-04-10,Library,MTR-04,660.76,4867.66,344.9
ENG000698,2026-04-10,Canteen,MTR-05,506.96,3898.18,202.77
ENG000699,2026-04-10,Computer Lab,MTR-06,1210.41,10527.06,660.34
ENG000700,2026-04-10,Admin Block,MTR-07,341.39,2893.81,146.55
ENG000701,2026-04-11,Academic Block,MTR-01,867.89,6766.38,355.95
ENG000702,2026-04-11,Hostel A,MTR-02,1181.14,8750.56,504.76
ENG000703,2026-04-11,Hostel B,MTR-03,1044.03,8118.98,441.48
ENG000704,2026-04-11,Library,MTR-04,681.16,4907.94,288.68
ENG000705,2026-04-11,Canteen,MTR-05,531.34,4243.84,249.5
ENG000706,2026-04-11,Computer Lab,MTR-06,1131.36,8604.38,459.49
ENG000707,2026-04-11,Admin Block,MTR-07,357.11,3141.02,131.97
ENG000708,2026-04-12,Academic Block,MTR-01,891.96,7678.72,373.52
ENG000709,2026-04-12,Hostel A,MTR-02,1133.73,9520.65,600.23
ENG000710,2026-04-12,Hostel B,MTR-03,983.95,8849.26,402.58
ENG000711,2026-04-12,Library,MTR-04,656.69,4670.7,358.99
ENG000712,2026-04-12,Canteen,MTR-05,481.39,4210.24,219.69
ENG000713,2026-04-12,Computer Lab,MTR-06,1320.13,9723.82,552.28
ENG000714,2026-04-12,Admin Block,MTR-07,358.9,2552.38,162.23
ENG000715,2026-04-13,Academic Block,MTR-01,1031.06,8636.59,408.27
ENG000716,2026-04-13,Hostel A,MTR-02,1069.15,7841.54,398.74
ENG000717,2026-04-13,Hostel B,MTR-03,1026.57,7688.58,464.54
ENG000718,2026-04-13,Library,MTR-04,589.08,4858.85,233.21
ENG000719,2026-04-13,Canteen,MTR-05,352.48,2475.4,166.15
ENG000720,2026-04-13,Computer Lab,MTR-06,1198.93,9943.04,565.82
ENG000721,2026-04-13,Admin Block,MTR-07,373.3,2883.49,199.85
ENG000722,2026-04-14,Academic Block,MTR-01,817.0,6999.16,333.0
ENG000723,2026-04-14,Hostel A,MTR-02,980.94,8618.55,491.46
ENG000724,2026-04-14,Hostel B,MTR-03,1342.46,9726.49,619.34
ENG000725,2026-04-14,Library,MTR-04,753.62,5786.69,339.84
ENG000726,2026-04-14,Canteen,MTR-05,530.34,4575.19,218.35
ENG000727,2026-04-14,Computer Lab,MTR-06,1345.06,9600.43,641.84
ENG000728,2026-04-14,Admin Block,MTR-07,423.36,2973.06,168.36
ENG000729,2026-04-15,Academic Block,MTR-01,903.57,7828.99,433.76
ENG000730,2026-04-15,Hostel A,MTR-02,1041.17,9123.63,424.34
ENG000731,2026-04-15,Hostel B,MTR-03,1057.99,8459.56,539.66
ENG000732,2026-04-15,Library,MTR-04,610.48,4634.95,224.56
ENG000733,2026-04-15,Canteen,MTR-05,453.12,3633.39,227.96
ENG000734,2026-04-15,Computer Lab,MTR-06,1613.3,14474.4,631.98
ENG000735,2026-04-15,Admin Block,MTR-07,325.89,2647.66,117.22
ENG000736,2026-04-16,Academic Block,MTR-01,943.37,7255.55,458.26
ENG000737,2026-04-16,Hostel A,MTR-02,1201.81,8446.39,623.59
ENG000738,2026-04-16,Hostel B,MTR-03,1038.25,7424.56,560.85
ENG000739,2026-04-16,Library,MTR-04,640.4,5616.46,255.8
ENG000740,2026-04-16,Canteen,MTR-05,362.25,2662.26,170.22
ENG000741,2026-04-16,Computer Lab,MTR-06,1387.94,9882.04,578.37
ENG000742,2026-04-16,Admin Block,MTR-07,331.4,2527.42,129.34
ENG000743,2026-04-17,Academic Block,MTR-01,1021.21,8580.72,439.65
ENG000744,2026-04-17,Hostel A,MTR-02,1283.04,10840.84,464.28
ENG000745,2026-04-17,Hostel B,MTR-03,1215.24,10818.26,431.36
ENG000746,2026-04-17,Library,MTR-04,669.65,5151.76,343.57
ENG000747,2026-04-17,Canteen,MTR-05,375.28,3080.22,147.73
ENG000748,2026-04-17,Computer Lab,MTR-06,1170.51,10048.8,515.61
ENG000749,2026-04-17,Admin Block,MTR-07,423.89,3384.37,196.96
ENG000750,2026-04-18,Academic Block,MTR-01,957.72,8025.67,400.03
ENG000751,2026-04-18,Hostel A,MTR-02,1051.78,7924.2,486.71
ENG000752,2026-04-18,Hostel B,MTR-03,1181.15,8931.97,477.33
ENG000753,2026-04-18,Library,MTR-04,693.86,5453.6,312.33
ENG000754,2026-04-18,Canteen,MTR-05,467.48,3339.91,207.37
ENG000755,2026-04-18,Computer Lab,MTR-06,1120.52,9571.7,569.12
ENG000756,2026-04-18,Admin Block,MTR-07,445.67,3285.46,189.87
ENG000757,2026-04-19,Academic Block,MTR-01,1064.71,8565.05,514.12
ENG000758,2026-04-19,Hostel A,MTR-02,949.89,8081.35,510.39
ENG000759,2026-04-19,Hostel B,MTR-03,1134.38,9725.14,482.06
ENG000760,2026-04-19,Library,MTR-04,763.0,5736.79,293.46
ENG000761,2026-04-19,Canteen,MTR-05,359.36,2569.75,132.77
ENG000762,2026-04-19,Computer Lab,MTR-06,969.48,7938.63,441.34
ENG000763,2026-04-19,Admin Block,MTR-07,371.05,3281.97,183.83
ENG000764,2026-04-20,Academic Block,MTR-01,848.58,6857.3,323.77
ENG000765,2026-04-20,Hostel A,MTR-02,1530.17,13685.74,560.92
ENG000766,2026-04-20,Hostel B,MTR-03,1018.12,7165.02,514.93
ENG000767,2026-04-20,Library,MTR-04,619.73,5552.82,287.65
ENG000768,2026-04-20,Canteen,MTR-05,386.95,3100.13,205.15
ENG000769,2026-04-20,Computer Lab,MTR-06,1156.1,9921.89,624.62
ENG000770,2026-04-20,Admin Block,MTR-07,453.95,4035.39,243.46
ENG000771,2026-04-21,Academic Block,MTR-01,1192.32,9928.48,513.25
ENG000772,2026-04-21,Hostel A,MTR-02,1194.81,9911.15,644.03
ENG000773,2026-04-21,Hostel B,MTR-03,1149.75,8633.7,414.09
ENG000774,2026-04-21,Library,MTR-04,530.0,3883.2,200.1
ENG000775,2026-04-21,Canteen,MTR-05,412.23,3698.65,154.69
ENG000776,2026-04-21,Computer Lab,MTR-06,888.68,6732.56,357.28
ENG000777,2026-04-21,Admin Block,MTR-07,432.04,3607.84,230.63
ENG000778,2026-04-22,Academic Block,MTR-01,759.53,5369.69,305.62
ENG000779,2026-04-22,Hostel A,MTR-02,1001.23,8187.56,541.19
ENG000780,2026-04-22,Hostel B,MTR-03,1273.9,8947.46,579.09
ENG000781,2026-04-22,Library,MTR-04,529.18,3813.05,203.31
ENG000782,2026-04-22,Canteen,MTR-05,495.45,4356.88,229.96
ENG000783,2026-04-22,Computer Lab,MTR-06,1123.12,8662.5,604.77
ENG000784,2026-04-22,Admin Block,MTR-07,425.56,3499.17,162.02
ENG000785,2026-04-23,Academic Block,MTR-01,826.32,7119.49,362.43
ENG000786,2026-04-23,Hostel A,MTR-02,1112.77,9414.55,589.01
ENG000787,2026-04-23,Hostel B,MTR-03,1136.89,8749.86,527.95
ENG000788,2026-04-23,Library,MTR-04,810.01,6146.88,380.11
ENG000789,2026-04-23,Canteen,MTR-05,387.62,3385.04,158.21
ENG000790,2026-04-23,Computer Lab,MTR-06,1273.44,10679.41,448.77
ENG000791,2026-04-23,Admin Block,MTR-07,436.46,3320.51,196.98
ENG000792,2026-04-24,Academic Block,MTR-01,957.56,7180.14,380.53
ENG000793,2026-04-24,Hostel A,MTR-02,1184.67,8745.01,559.35
ENG000794,2026-04-24,Hostel B,MTR-03,1066.42,8923.32,474.01
ENG000795,2026-04-24,Library,MTR-04,523.31,3869.84,201.18
ENG000796,2026-04-24,Canteen,MTR-05,440.67,3609.68,163.85
ENG000797,2026-04-24,Computer Lab,MTR-06,1008.98,9040.21,549.77
ENG000798,2026-04-24,Admin Block,MTR-07,377.84,2816.28,154.51
ENG000799,2026-04-25,Academic Block,MTR-01,1012.23,7326.48,540.5
ENG000800,2026-04-25,Hostel A,MTR-02,916.78,7212.11,434.2
ENG000801,2026-04-25,Hostel B,MTR-03,889.68,6912.84,457.5
ENG000802,2026-04-25,Library,MTR-04,669.11,4696.25,330.34
ENG000803,2026-04-25,Canteen,MTR-05,383.9,3436.2,185.4
ENG000804,2026-04-25,Computer Lab,MTR-06,1276.42,11347.69,604.84
ENG000805,2026-04-25,Admin Block,MTR-07,351.07,2554.99,161.81
ENG000806,2026-04-26,Academic Block,MTR-01,1172.35,10043.73,429.6
ENG000807,2026-04-26,Hostel A,MTR-02,1370.86,10914.74,498.69
ENG000808,2026-04-26,Hostel B,MTR-03,942.59,6910.21,374.41
ENG000809,2026-04-26,Library,MTR-04,595.5,5059.91,294.34
ENG000810,2026-04-26,Canteen,MTR-05,497.53,4297.14,232.75
ENG000811,2026-04-26,Computer Lab,MTR-06,1040.18,7662.7,478.67
ENG000812,2026-04-26,Admin Block,MTR-07,379.82,2955.75,197.31
ENG000813,2026-04-27,Academic Block,MTR-01,854.72,7321.1,429.87
ENG000814,2026-04-27,Hostel A,MTR-02,927.13,6587.32,345.71
ENG000815,2026-04-27,Hostel B,MTR-03,1228.76,9657.94,482.36
ENG000816,2026-04-27,Library,MTR-04,769.08,6212.51,367.07
ENG000817,2026-04-27,Canteen,MTR-05,552.92,4158.82,238.89
ENG000818,2026-04-27,Computer Lab,MTR-06,1024.84,8011.73,508.5
ENG000819,2026-04-27,Admin Block,MTR-07,407.08,3348.56,188.18
ENG000820,2026-04-28,Academic Block,MTR-01,925.98,7696.0,474.99
ENG000821,2026-04-28,Hostel A,MTR-02,1170.89,8768.11,584.9
ENG000822,2026-04-28,Hostel B,MTR-03,1099.43,7957.58,553.82
ENG000823,2026-04-28,Library,MTR-04,598.67,4913.08,327.04
ENG000824,2026-04-28,Canteen,MTR-05,453.63,3414.15,243.04
ENG000825,2026-04-28,Computer Lab,MTR-06,1442.8,10912.92,757.36
ENG000826,2026-04-28,Admin Block,MTR-07,364.97,3091.8,188.54
ENG000827,2026-04-29,Academic Block,MTR-01,972.22,8534.51,422.32
ENG000828,2026-04-29,Hostel A,MTR-02,1219.72,10659.32,485.57
ENG000829,2026-04-29,Hostel B,MTR-03,1053.05,8515.99,574.33
ENG000830,2026-04-29,Library,MTR-04,644.59,5097.84,339.77
ENG000831,2026-04-29,Canteen,MTR-05,382.19,3062.83,208.75
ENG000832,2026-04-29,Computer Lab,MTR-06,1322.28,10796.08,707.74
ENG000833,2026-04-29,Admin Block,MTR-07,435.99,3309.09,160.15
ENG000834,2026-04-30,Academic Block,MTR-01,1025.6,8086.71,562.99
ENG000835,2026-04-30,Hostel A,MTR-02,972.24,7236.05,484.26
ENG000836,2026-04-30,Hostel B,MTR-03,940.75,6739.29,356.96
ENG000837,2026-04-30,Library,MTR-04,717.13,6445.49,335.06
ENG000838,2026-04-30,Canteen,MTR-05,385.64,2967.1,164.34
ENG000839,2026-04-30,Computer Lab,MTR-06,1414.81,11555.55,738.66
ENG000840,2026-04-30,Admin Block,MTR-07,385.71,3055.03,167.09
ENG000841,2026-05-01,Academic Block,MTR-01,1054.28,8055.19,538.28
ENG000842,2026-05-01,Hostel A,MTR-02,1060.87,8261.72,484.51
ENG000843,2026-05-01,Hostel B,MTR-03,989.5,7287.59,352.86
ENG000844,2026-05-01,Library,MTR-04,617.16,5458.66,246.59
ENG000845,2026-05-01,Canteen,MTR-05,409.54,3636.44,206.97
ENG000846,2026-05-01,Computer Lab,MTR-06,1043.64,8255.99,416.97
ENG000847,2026-05-01,Admin Block,MTR-07,360.83,2654.43,139.45
ENG000848,2026-05-02,Academic Block,MTR-01,912.76,6963.64,364.4
ENG000849,2026-05-02,Hostel A,MTR-02,1083.99,8877.38,501.77
ENG000850,2026-05-02,Hostel B,MTR-03,1255.3,11295.54,508.81
ENG000851,2026-05-02,Library,MTR-04,451.25,3470.51,172.44
ENG000852,2026-05-02,Canteen,MTR-05,490.0,3977.73,176.15
ENG000853,2026-05-02,Computer Lab,MTR-06,1399.73,10412.21,661.43
ENG000854,2026-05-02,Admin Block,MTR-07,392.7,3161.76,139.14
ENG000855,2026-05-03,Academic Block,MTR-01,973.99,8325.42,421.72
ENG000856,2026-05-03,Hostel A,MTR-02,1236.25,9287.6,666.63
ENG000857,2026-05-03,Hostel B,MTR-03,1078.3,7677.79,517.96
ENG000858,2026-05-03,Library,MTR-04,736.81,5326.69,364.57
ENG000859,2026-05-03,Canteen,MTR-05,446.89,3275.83,195.02
ENG000860,2026-05-03,Computer Lab,MTR-06,1334.76,11061.16,675.48
ENG000861,2026-05-03,Admin Block,MTR-07,436.15,3653.07,171.87
ENG000862,2026-05-04,Academic Block,MTR-01,884.21,7137.37,399.69
ENG000863,2026-05-04,Hostel A,MTR-02,1038.77,8177.68,517.4
ENG000864,2026-05-04,Hostel B,MTR-03,1010.01,7568.15,492.82
ENG000865,2026-05-04,Library,MTR-04,666.62,5973.0,278.0
ENG000866,2026-05-04,Canteen,MTR-05,440.65,3533.13,227.28
ENG000867,2026-05-04,Computer Lab,MTR-06,1625.95,14510.9,741.98
ENG000868,2026-05-04,Admin Block,MTR-07,396.79,3384.56,173.7
ENG000869,2026-05-05,Academic Block,MTR-01,890.91,7308.6,461.07
ENG000870,2026-05-05,Hostel A,MTR-02,959.6,7934.08,382.52
ENG000871,2026-05-05,Hostel B,MTR-03,1088.25,9326.41,392.59
ENG000872,2026-05-05,Library,MTR-04,608.99,4533.36,223.95
ENG000873,2026-05-05,Canteen,MTR-05,563.07,4720.57,264.4
ENG000874,2026-05-05,Computer Lab,MTR-06,1225.72,10423.85,533.07
ENG000875,2026-05-05,Admin Block,MTR-07,417.68,3529.43,187.6
ENG000876,2026-05-06,Academic Block,MTR-01,883.53,6573.48,418.39
ENG000877,2026-05-06,Hostel A,MTR-02,978.27,7922.44,435.81
ENG000878,2026-05-06,Hostel B,MTR-03,1024.06,9215.17,515.36
ENG000879,2026-05-06,Library,MTR-04,638.87,4888.33,310.29
ENG000880,2026-05-06,Canteen,MTR-05,433.19,3530.02,222.19
ENG000881,2026-05-06,Computer Lab,MTR-06,1299.4,10646.84,544.41
ENG000882,2026-05-06,Admin Block,MTR-07,442.18,3887.22,177.3
ENG000883,2026-05-07,Academic Block,MTR-01,962.51,7602.71,447.38
ENG000884,2026-05-07,Hostel A,MTR-02,984.33,8516.07,440.64
ENG000885,2026-05-07,Hostel B,MTR-03,1057.84,7582.41,477.42
ENG000886,2026-05-07,Library,MTR-04,603.37,4228.77,278.13
ENG000887,2026-05-07,Canteen,MTR-05,440.85,3287.29,174.48
ENG000888,2026-05-07,Computer Lab,MTR-06,1298.27,11294.01,466.06
ENG000889,2026-05-07,Admin Block,MTR-07,399.82,3042.03,159.6
ENG000890,2026-05-08,Academic Block,MTR-01,984.08,7870.3,392.96
ENG000891,2026-05-08,Hostel A,MTR-02,1046.18,7743.6,394.88
ENG000892,2026-05-08,Hostel B,MTR-03,869.49,7693.44,433.38
ENG000893,2026-05-08,Library,MTR-04,524.72,3806.55,270.71
ENG000894,2026-05-08,Canteen,MTR-05,493.07,3726.15,206.53
ENG000895,2026-05-08,Computer Lab,MTR-06,1316.84,11562.12,603.43
ENG000896,2026-05-08,Admin Block,MTR-07,337.43,2410.67,134.42
ENG000897,2026-05-09,Academic Block,MTR-01,965.48,7577.0,380.24
ENG000898,2026-05-09,Hostel A,MTR-02,1062.34,9208.85,583.64
ENG000899,2026-05-09,Hostel B,MTR-03,1300.79,10623.1,525.06
ENG000900,2026-05-09,Library,MTR-04,733.83,6367.41,307.49
ENG000901,2026-05-09,Canteen,MTR-05,373.36,3054.71,146.42
ENG000902,2026-05-09,Computer Lab,MTR-06,1265.45,9628.63,639.39
ENG000903,2026-05-09,Admin Block,MTR-07,384.39,3255.47,175.78
ENG000904,2026-05-10,Academic Block,MTR-01,1178.51,9936.68,452.83
ENG000905,2026-05-10,Hostel A,MTR-02,1116.4,10046.39,490.26
ENG000906,2026-05-10,Hostel B,MTR-03,1074.85,8693.59,431.15
ENG000907,2026-05-10,Library,MTR-04,610.12,4745.86,328.68
ENG000908,2026-05-10,Canteen,MTR-05,506.24,4496.75,250.04
ENG000909,2026-05-10,Computer Lab,MTR-06,1495.01,12372.22,536.16
ENG000910,2026-05-10,Admin Block,MTR-07,430.78,3509.98,197.3
ENG000911,2026-05-11,Academic Block,MTR-01,894.72,7760.98,371.04
ENG000912,2026-05-11,Hostel A,MTR-02,928.98,7481.67,384.34
ENG000913,2026-05-11,Hostel B,MTR-03,1143.86,10095.32,600.27
ENG000914,2026-05-11,Library,MTR-04,492.43,4243.34,235.18
ENG000915,2026-05-11,Canteen,MTR-05,499.38,3909.36,239.51
ENG000916,2026-05-11,Computer Lab,MTR-06,1516.46,10913.34,623.4
ENG000917,2026-05-11,Admin Block,MTR-07,386.47,3079.59,177.27
ENG000918,2026-05-12,Academic Block,MTR-01,1054.05,8260.68,563.26
ENG000919,2026-05-12,Hostel A,MTR-02,1237.55,8904.79,553.02
ENG000920,2026-05-12,Hostel B,MTR-03,994.13,7121.55,459.35
ENG000921,2026-05-12,Library,MTR-04,659.21,5081.73,314.13
ENG000922,2026-05-12,Canteen,MTR-05,391.21,3389.06,175.29
ENG000923,2026-05-12,Computer Lab,MTR-06,997.88,8933.33,504.16
ENG000924,2026-05-12,Admin Block,MTR-07,405.38,3018.1,173.27
ENG000925,2026-05-13,Academic Block,MTR-01,871.79,6959.17,368.25
ENG000926,2026-05-13,Hostel A,MTR-02,1271.34,10910.63,560.4
ENG000927,2026-05-13,Hostel B,MTR-03,1080.24,9211.87,454.33
ENG000928,2026-05-13,Library,MTR-04,699.74,5537.09,319.72
ENG000929,2026-05-13,Canteen,MTR-05,480.0,3499.39,185.89
ENG000930,2026-05-13,Computer Lab,MTR-06,1456.98,10558.06,749.46
ENG000931,2026-05-13,Admin Block,MTR-07,426.18,3374.9,174.48
ENG000932,2026-05-14,Academic Block,MTR-01,1012.35,8346.54,480.69
ENG000933,2026-05-14,Hostel A,MTR-02,1231.25,9098.9,574.6
ENG000934,2026-05-14,Hostel B,MTR-03,927.82,7726.22,476.61
ENG000935,2026-05-14,Library,MTR-04,581.71,4262.45,208.76
ENG000936,2026-05-14,Canteen,MTR-05,532.51,4470.82,274.7
ENG000937,2026-05-14,Computer Lab,MTR-06,1455.62,10221.64,539.15
ENG000938,2026-05-14,Admin Block,MTR-07,417.35,3750.98,180.09
ENG000939,2026-05-15,Academic Block,MTR-01,963.84,6973.94,451.86
ENG000940,2026-05-15,Hostel A,MTR-02,1246.92,11003.22,629.72
ENG000941,2026-05-15,Hostel B,MTR-03,1002.58,8587.3,445.32
ENG000942,2026-05-15,Library,MTR-04,601.0,4915.37,272.65
ENG000943,2026-05-15,Canteen,MTR-05,468.3,3885.41,198.53
ENG000944,2026-05-15,Computer Lab,MTR-06,1167.1,8305.65,578.85
ENG000945,2026-05-15,Admin Block,MTR-07,321.76,2380.36,165.58
ENG000946,2026-05-16,Academic Block,MTR-01,1064.66,9266.01,459.89
ENG000947,2026-05-16,Hostel A,MTR-02,1017.46,7261.7,388.87
ENG000948,2026-05-16,Hostel B,MTR-03,1206.21,10278.22,663.08
ENG000949,2026-05-16,Library,MTR-04,728.22,5877.18,314.97
ENG000950,2026-05-16,Canteen,MTR-05,446.48,3867.71,158.92
ENG000951,2026-05-16,Computer Lab,MTR-06,1278.85,11498.89,686.68
ENG000952,2026-05-16,Admin Block,MTR-07,450.28,3180.32,179.76
ENG000953,2026-05-17,Academic Block,MTR-01,870.85,6737.07,469.24
ENG000954,2026-05-17,Hostel A,MTR-02,1246.14,9146.99,667.11
ENG000955,2026-05-17,Hostel B,MTR-03,925.09,7372.63,360.05
ENG000956,2026-05-17,Library,MTR-04,836.04,6289.65,453.61
ENG000957,2026-05-17,Canteen,MTR-05,516.91,4453.08,202.38
ENG000958,2026-05-17,Computer Lab,MTR-06,1225.0,10579.68,621.73
ENG000959,2026-05-17,Admin Block,MTR-07,496.83,4317.45,226.73
ENG000960,2026-05-18,Academic Block,MTR-01,886.3,6555.35,461.19
ENG000961,2026-05-18,Hostel A,MTR-02,1406.94,12591.03,559.62
ENG000962,2026-05-18,Hostel B,MTR-03,1129.36,9721.82,525.03
ENG000963,2026-05-18,Library,MTR-04,720.94,6452.49,340.79
ENG000964,2026-05-18,Canteen,MTR-05,390.4,3380.14,179.22
ENG000965,2026-05-18,Computer Lab,MTR-06,1234.0,10785.26,601.31
ENG000966,2026-05-18,Admin Block,MTR-07,459.53,3610.43,162.73
ENG000967,2026-05-19,Academic Block,MTR-01,1017.0,8879.13,376.5
ENG000968,2026-05-19,Hostel A,MTR-02,1003.93,7566.23,434.59
ENG000969,2026-05-19,Hostel B,MTR-03,1336.7,11496.16,539.89
ENG000970,2026-05-19,Library,MTR-04,718.53,5617.62,298.23
ENG000971,2026-05-19,Canteen,MTR-05,383.87,3122.27,173.93
ENG000972,2026-05-19,Computer Lab,MTR-06,1270.07,9319.78,477.68
ENG000973,2026-05-19,Admin Block,MTR-07,371.47,2624.98,186.64
ENG000974,2026-05-20,Academic Block,MTR-01,1022.64,8632.4,538.71
ENG000975,2026-05-20,Hostel A,MTR-02,1187.22,9184.27,540.38
ENG000976,2026-05-20,Hostel B,MTR-03,933.09,8235.95,499.95
ENG000977,2026-05-20,Library,MTR-04,588.94,4987.79,221.42
ENG000978,2026-05-20,Canteen,MTR-05,444.38,3314.72,206.86
ENG000979,2026-05-20,Computer Lab,MTR-06,1369.43,10105.56,516.04
ENG000980,2026-05-20,Admin Block,MTR-07,470.15,3550.15,185.49
ENG000981,2026-05-21,Academic Block,MTR-01,910.2,7433.5,336.13
ENG000982,2026-05-21,Hostel A,MTR-02,1162.53,9942.15,602.59
ENG000983,2026-05-21,Hostel B,MTR-03,1120.78,9576.02,459.98
ENG000984,2026-05-21,Library,MTR-04,624.55,4777.79,262.94
ENG000985,2026-05-21,Canteen,MTR-05,469.98,3945.43,168.76
ENG000986,2026-05-21,Computer Lab,MTR-06,1325.08,9916.44,580.09
ENG000987,2026-05-21,Admin Block,MTR-07,462.72,3535.92,198.31
ENG000988,2026-05-22,Academic Block,MTR-01,997.22,8459.25,495.88
ENG000989,2026-05-22,Hostel A,MTR-02,891.04,6871.46,336.93
ENG000990,2026-05-22,Hostel B,MTR-03,1046.87,9247.69,515.2
ENG000991,2026-05-22,Library,MTR-04,569.42,4241.12,204.27
ENG000992,2026-05-22,Canteen,MTR-05,379.83,2803.31,183.14
ENG000993,2026-05-22,Computer Lab,MTR-06,1376.9,12120.8,495.42
ENG000994,2026-05-22,Admin Block,MTR-07,338.75,2910.19,126.94
ENG000995,2026-05-23,Academic Block,MTR-01,1055.13,9384.68,398.38
ENG000996,2026-05-23,Hostel A,MTR-02,1271.94,10731.46,593.66
ENG000997,2026-05-23,Hostel B,MTR-03,1132.9,9349.6,414.86
ENG000998,2026-05-23,Library,MTR-04,552.03,4359.74,218.63
ENG000999,2026-05-23,Canteen,MTR-05,410.12,3125.17,146.24
ENG001000,2026-05-23,Computer Lab,MTR-06,1316.29,10666.16,486.56
ENG001001,2026-05-23,Admin Block,MTR-07,319.51,2860.56,135.38
ENG001002,2026-05-24,Academic Block,MTR-01,994.87,8317.0,392.02
ENG001003,2026-05-24,Hostel A,MTR-02,1171.63,9998.16,547.3
ENG001004,2026-05-24,Hostel B,MTR-03,1125.05,9223.01,549.03
ENG001005,2026-05-24,Library,MTR-04,574.82,5161.95,286.03
ENG001006,2026-05-24,Canteen,MTR-05,484.32,3661.72,261.15
ENG001007,2026-05-24,Computer Lab,MTR-06,1048.69,7486.79,576.29
ENG001008,2026-05-24,Admin Block,MTR-07,400.53,2986.06,206.79
ENG001009,2026-05-25,Academic Block,MTR-01,1024.35,8414.52,472.67
ENG001010,2026-05-25,Hostel A,MTR-02,1066.55,9593.81,466.06
ENG001011,2026-05-25,Hostel B,MTR-03,868.41,7423.43,321.38
ENG001012,2026-05-25,Library,MTR-04,739.38,6343.88,306.63
ENG001013,2026-05-25,Canteen,MTR-05,455.01,3492.35,186.76
ENG001014,2026-05-25,Computer Lab,MTR-06,912.46,7179.34,356.12
ENG001015,2026-05-25,Admin Block,MTR-07,448.09,3945.05,192.72
ENG001016,2026-05-26,Academic Block,MTR-01,1010.46,7544.08,552.41
ENG001017,2026-05-26,Hostel A,MTR-02,1323.62,11378.89,720.37
ENG001018,2026-05-26,Hostel B,MTR-03,1124.26,9110.61,509.07
ENG001019,2026-05-26,Library,MTR-04,756.3,5342.16,310.25
ENG001020,2026-05-26,Canteen,MTR-05,373.8,3119.86,189.17
ENG001021,2026-05-26,Computer Lab,MTR-06,1360.24,11911.06,534.21
ENG001022,2026-05-26,Admin Block,MTR-07,373.07,2786.09,198.89
ENG001023,2026-05-27,Academic Block,MTR-01,1089.3,8052.71,533.17
ENG001024,2026-05-27,Hostel A,MTR-02,1156.71,8563.63,491.19
ENG001025,2026-05-27,Hostel B,MTR-03,1075.81,9652.52,566.64
ENG001026,2026-05-27,Library,MTR-04,751.8,6374.95,345.2
ENG001027,2026-05-27,Canteen,MTR-05,530.94,4123.63,243.21
ENG001028,2026-05-27,Computer Lab,MTR-06,1337.07,9697.04,484.86
ENG001029,2026-05-27,Admin Block,MTR-07,338.54,2664.38,124.1
ENG001030,2026-05-28,Academic Block,MTR-01,1043.18,8838.86,494.95
ENG001031,2026-05-28,Hostel A,MTR-02,1265.97,9208.14,671.9
ENG001032,2026-05-28,Hostel B,MTR-03,966.54,8523.43,385.88
ENG001033,2026-05-28,Library,MTR-04,655.77,5162.78,255.72
ENG001034,2026-05-28,Canteen,MTR-05,526.06,3808.41,252.16
ENG001035,2026-05-28,Computer Lab,MTR-06,1248.98,9903.78,592.28
ENG001036,2026-05-28,Admin Block,MTR-07,409.26,3046.38,218.07
ENG001037,2026-05-29,Academic Block,MTR-01,936.26,7995.21,393.11
ENG001038,2026-05-29,Hostel A,MTR-02,984.73,8295.72,425.68
ENG001039,2026-05-29,Hostel B,MTR-03,1099.93,9323.92,425.12
ENG001040,2026-05-29,Library,MTR-04,733.86,5968.73,269.28
ENG001041,2026-05-29,Canteen,MTR-05,460.45,3740.19,170.34
ENG001042,2026-05-29,Computer Lab,MTR-06,1320.84,9485.73,631.72
ENG001043,2026-05-29,Admin Block,MTR-07,326.87,2330.63,120.51
ENG001044,2026-05-30,Academic Block,MTR-01,1144.33,9423.29,499.73
ENG001045,2026-05-30,Hostel A,MTR-02,1388.46,10184.42,604.12
ENG001046,2026-05-30,Hostel B,MTR-03,946.4,8125.73,366.03
ENG001047,2026-05-30,Library,MTR-04,545.8,4091.12,282.41
ENG001048,2026-05-30,Canteen,MTR-05,482.52,4113.89,171.12
ENG001049,2026-05-30,Computer Lab,MTR-06,1161.72,8342.92,472.78
ENG001050,2026-05-30,Admin Block,MTR-07,380.24,3351.06,141.42
ENG001051,2026-05-31,Academic Block,MTR-01,1051.98,8449.01,476.04
ENG001052,2026-05-31,Hostel A,MTR-02,1087.92,7849.19,421.4
ENG001053,2026-05-31,Hostel B,MTR-03,1056.77,8411.09,492.78
ENG001054,2026-05-31,Library,MTR-04,498.51,4356.91,256.87
ENG001055,2026-05-31,Canteen,MTR-05,366.77,2795.58,136.71
ENG001056,2026-05-31,Computer Lab,MTR-06,1287.78,9997.71,585.29
ENG001057,2026-05-31,Admin Block,MTR-07,421.88,3770.12,228.36
ENG001058,2026-06-01,Academic Block,MTR-01,1050.52,9380.61,415.07
ENG001059,2026-06-01,Hostel A,MTR-02,787.57,6593.88,425.02
ENG001060,2026-06-01,Hostel B,MTR-03,996.49,7542.51,539.6
ENG001061,2026-06-01,Library,MTR-04,539.14,4579.62,235.62
ENG001062,2026-06-01,Canteen,MTR-05,532.07,4666.23,279.99
ENG001063,2026-06-01,Computer Lab,MTR-06,1424.38,11479.06,754.75
ENG001064,2026-06-01,Admin Block,MTR-07,384.5,3122.41,143.66
ENG001065,2026-06-02,Academic Block,MTR-01,815.94,7148.43,306.35
ENG001066,2026-06-02,Hostel A,MTR-02,999.27,8567.84,490.79
ENG001067,2026-06-02,Hostel B,MTR-03,1201.27,8753.99,580.56
ENG001068,2026-06-02,Library,MTR-04,662.29,4697.42,261.72
ENG001069,2026-06-02,Canteen,MTR-05,434.89,3667.61,202.41
ENG001070,2026-06-02,Computer Lab,MTR-06,1172.01,9158.31,512.72
ENG001071,2026-06-02,Admin Block,MTR-07,408.18,2952.43,176.89
ENG001072,2026-06-03,Academic Block,MTR-01,1198.46,10340.04,525.91
ENG001073,2026-06-03,Hostel A,MTR-02,1326.05,10690.55,695.81
ENG001074,2026-06-03,Hostel B,MTR-03,1236.74,10824.92,621.57
ENG001075,2026-06-03,Library,MTR-04,594.17,4538.53,239.41
ENG001076,2026-06-03,Canteen,MTR-05,409.78,3232.17,158.11
ENG001077,2026-06-03,Computer Lab,MTR-06,1168.59,8532.85,506.85
ENG001078,2026-06-03,Admin Block,MTR-07,446.77,3842.73,216.65
ENG001079,2026-06-04,Academic Block,MTR-01,915.82,6821.72,370.9
ENG001080,2026-06-04,Hostel A,MTR-02,1263.63,9489.77,666.74
ENG001081,2026-06-04,Hostel B,MTR-03,956.34,8184.77,407.49
ENG001082,2026-06-04,Library,MTR-04,714.72,6077.96,370.83
ENG001083,2026-06-04,Canteen,MTR-05,502.2,3691.58,267.68
ENG001084,2026-06-04,Computer Lab,MTR-06,979.97,7906.27,451.49
ENG001085,2026-06-04,Admin Block,MTR-07,425.85,3268.87,212.24
ENG001086,2026-06-05,Academic Block,MTR-01,843.54,6670.38,408.04
ENG001087,2026-06-05,Hostel A,MTR-02,1343.05,11140.7,589.73
ENG001088,2026-06-05,Hostel B,MTR-03,1202.81,9629.77,659.32
ENG001089,2026-06-05,Library,MTR-04,655.3,5047.05,274.4
ENG001090,2026-06-05,Canteen,MTR-05,557.26,4275.9,272.28
ENG001091,2026-06-05,Computer Lab,MTR-06,1087.98,8992.47,401.37
ENG001092,2026-06-05,Admin Block,MTR-07,410.63,3278.05,210.22
ENG001093,2026-06-06,Academic Block,MTR-01,937.01,7838.43,496.42
ENG001094,2026-06-06,Hostel A,MTR-02,1064.76,8826.35,566.06
ENG001095,2026-06-06,Hostel B,MTR-03,1023.51,8449.5,516.41
ENG001096,2026-06-06,Library,MTR-04,616.43,5217.74,290.62
ENG001097,2026-06-06,Canteen,MTR-05,491.87,4047.84,176.84
ENG001098,2026-06-06,Computer Lab,MTR-06,1121.77,9537.85,554.4
ENG001099,2026-06-06,Admin Block,MTR-07,398.95,3207.31,207.16
ENG001100,2026-06-07,Academic Block,MTR-01,979.51,8102.26,343.81
ENG001101,2026-06-07,Hostel A,MTR-02,1070.13,7492.68,572.75
ENG001102,2026-06-07,Hostel B,MTR-03,1082.85,9099.83,537.87
ENG001103,2026-06-07,Library,MTR-04,571.91,5031.21,292.2
ENG001104,2026-06-07,Canteen,MTR-05,527.3,4471.77,245.76
ENG001105,2026-06-07,Computer Lab,MTR-06,1108.04,8094.93,397.47
ENG001106,2026-06-07,Admin Block,MTR-07,403.85,3265.23,206.64
ENG001107,2026-06-08,Academic Block,MTR-01,988.19,7084.23,483.16
ENG001108,2026-06-08,Hostel A,MTR-02,1106.69,8707.2,507.27
ENG001109,2026-06-08,Hostel B,MTR-03,857.62,6204.69,375.64
ENG001110,2026-06-08,Library,MTR-04,672.65,4887.14,319.81
ENG001111,2026-06-08,Canteen,MTR-05,359.19,2614.89,148.42
ENG001112,2026-06-08,Computer Lab,MTR-06,1118.93,10009.84,471.5
ENG001113,2026-06-08,Admin Block,MTR-07,461.14,3791.22,199.45
ENG001114,2026-06-09,Academic Block,MTR-01,879.38,7204.7,383.51
ENG001115,2026-06-09,Hostel A,MTR-02,1231.28,8745.15,470.96
ENG001116,2026-06-09,Hostel B,MTR-03,1087.52,9493.21,443.74
ENG001117,2026-06-09,Library,MTR-04,612.48,4293.97,333.04
ENG001118,2026-06-09,Canteen,MTR-05,416.62,3468.49,155.38
ENG001119,2026-06-09,Computer Lab,MTR-06,1368.71,10264.21,695.56
ENG001120,2026-06-09,Admin Block,MTR-07,415.68,3468.76,187.51
ENG001121,2026-06-10,Academic Block,MTR-01,712.6,5850.12,287.17
ENG001122,2026-06-10,Hostel A,MTR-02,1205.25,9122.08,542.15
ENG001123,2026-06-10,Hostel B,MTR-03,1000.45,8531.53,459.32
ENG001124,2026-06-10,Library,MTR-04,556.47,4092.4,230.68
ENG001125,2026-06-10,Canteen,MTR-05,499.43,4073.5,248.17
ENG001126,2026-06-10,Computer Lab,MTR-06,1410.77,10356.99,583.04
ENG001127,2026-06-10,Admin Block,MTR-07,460.03,3850.78,250.02
ENG001128,2026-06-11,Academic Block,MTR-01,1043.62,9010.03,449.73
ENG001129,2026-06-11,Hostel A,MTR-02,1266.66,10370.53,499.55
ENG001130,2026-06-11,Hostel B,MTR-03,918.88,8159.06,469.15
ENG001131,2026-06-11,Library,MTR-04,556.09,4512.85,301.77
ENG001132,2026-06-11,Canteen,MTR-05,469.03,3726.99,194.91
ENG001133,2026-06-11,Computer Lab,MTR-06,1554.55,11071.1,636.14
ENG001134,2026-06-11,Admin Block,MTR-07,437.9,3928.48,174.0
ENG001135,2026-06-12,Academic Block,MTR-01,844.1,7015.44,330.64
ENG001136,2026-06-12,Hostel A,MTR-02,1188.08,10059.45,540.46
ENG001137,2026-06-12,Hostel B,MTR-03,1233.09,10026.07,631.83
ENG001138,2026-06-12,Library,MTR-04,716.52,6437.79,393.47
ENG001139,2026-06-12,Canteen,MTR-05,514.64,3607.33,219.16
ENG001140,2026-06-12,Computer Lab,MTR-06,1327.5,9979.43,546.0
ENG001141,2026-06-12,Admin Block,MTR-07,345.0,2589.47,144.1
ENG001142,2026-06-13,Academic Block,MTR-01,926.77,7774.95,352.61
ENG001143,2026-06-13,Hostel A,MTR-02,1072.54,9148.16,571.88
ENG001144,2026-06-13,Hostel B,MTR-03,1084.77,8193.03,554.4
ENG001145,2026-06-13,Library,MTR-04,756.43,5506.97,369.06
ENG001146,2026-06-13,Canteen,MTR-05,431.75,3157.66,219.16
ENG001147,2026-06-13,Computer Lab,MTR-06,1449.59,12715.3,515.53
ENG001148,2026-06-13,Admin Block,MTR-07,380.14,3374.77,172.77
ENG001149,2026-06-14,Academic Block,MTR-01,845.15,6252.45,396.87
ENG001150,2026-06-14,Hostel A,MTR-02,1107.5,9190.4,424.37
ENG001151,2026-06-14,Hostel B,MTR-03,847.05,7019.73,382.2
ENG001152,2026-06-14,Library,MTR-04,579.19,4613.33,240.52
ENG001153,2026-06-14,Canteen,MTR-05,412.95,3283.3,176.37
ENG001154,2026-06-14,Computer Lab,MTR-06,1174.93,9946.78,630.4
ENG001155,2026-06-14,Admin Block,MTR-07,440.95,3454.28,162.45
ENG001156,2026-06-15,Academic Block,MTR-01,957.87,7088.79,402.82
ENG001157,2026-06-15,Hostel A,MTR-02,1155.43,10078.99,535.44
ENG001158,2026-06-15,Hostel B,MTR-03,917.98,6586.9,359.87
ENG001159,2026-06-15,Library,MTR-04,547.9,3914.18,214.37
ENG001160,2026-06-15,Canteen,MTR-05,602.64,5377.24,256.26
ENG001161,2026-06-15,Computer Lab,MTR-06,1363.22,11167.05,500.0
ENG001162,2026-06-15,Admin Block,MTR-07,408.44,3323.26,151.01
ENG001163,2026-06-16,Academic Block,MTR-01,999.89,8200.51,430.18
ENG001164,2026-06-16,Hostel A,MTR-02,1090.84,9139.94,459.69
ENG001165,2026-06-16,Hostel B,MTR-03,859.86,7075.86,417.47
ENG001166,2026-06-16,Library,MTR-04,578.78,4166.76,228.88
ENG001167,2026-06-16,Canteen,MTR-05,404.88,2919.68,158.94
ENG001168,2026-06-16,Computer Lab,MTR-06,1275.27,10495.4,683.94
ENG001169,2026-06-16,Admin Block,MTR-07,383.25,2980.97,143.97
ENG001170,2026-06-17,Academic Block,MTR-01,871.96,7416.06,336.46
ENG001171,2026-06-17,Hostel A,MTR-02,1090.88,8111.99,540.74
ENG001172,2026-06-17,Hostel B,MTR-03,1124.75,9128.15,476.08
ENG001173,2026-06-17,Library,MTR-04,698.22,6108.2,360.43
ENG001174,2026-06-17,Canteen,MTR-05,441.26,3625.61,225.03
ENG001175,2026-06-17,Computer Lab,MTR-06,1213.85,9112.15,500.72
ENG001176,2026-06-17,Admin Block,MTR-07,393.09,3242.05,185.04
ENG001177,2026-06-18,Academic Block,MTR-01,918.77,7036.49,457.94
ENG001178,2026-06-18,Hostel A,MTR-02,1221.41,8765.09,449.38
ENG001179,2026-06-18,Hostel B,MTR-03,1222.09,8912.18,434.76
ENG001180,2026-06-18,Library,MTR-04,599.7,4828.26,240.29
ENG001181,2026-06-18,Canteen,MTR-05,425.58,3666.39,156.52
ENG001182,2026-06-18,Computer Lab,MTR-06,1306.64,10329.6,689.89
ENG001183,2026-06-18,Admin Block,MTR-07,324.83,2550.4,175.62
ENG001184,2026-06-19,Academic Block,MTR-01,858.81,6201.91,350.58
ENG001185,2026-06-19,Hostel A,MTR-02,1160.84,10205.32,474.12
ENG001186,2026-06-19,Hostel B,MTR-03,1196.17,9278.26,531.32
ENG001187,2026-06-19,Library,MTR-04,602.47,5131.83,293.78
ENG001188,2026-06-19,Canteen,MTR-05,473.46,4075.85,246.96
ENG001189,2026-06-19,Computer Lab,MTR-06,1442.44,12288.98,762.09
ENG001190,2026-06-19,Admin Block,MTR-07,446.98,3620.49,215.66
ENG001191,2026-06-20,Academic Block,MTR-01,961.79,8328.97,516.07
ENG001192,2026-06-20,Hostel A,MTR-02,1067.7,9177.75,402.24
ENG001193,2026-06-20,Hostel B,MTR-03,1098.37,9629.9,588.98
ENG001194,2026-06-20,Library,MTR-04,705.32,5023.84,321.42
ENG001195,2026-06-20,Canteen,MTR-05,397.58,3318.53,201.63
ENG001196,2026-06-20,Computer Lab,MTR-06,1183.83,9619.17,561.8
ENG001197,2026-06-20,Admin Block,MTR-07,407.04,2912.89,167.77
ENG001198,2026-06-21,Academic Block,MTR-01,724.87,6140.37,262.39
ENG001199,2026-06-21,Hostel A,MTR-02,1033.88,8686.75,550.23
ENG001200,2026-06-21,Hostel B,MTR-03,1062.38,7751.29,556.04
ENG001201,2026-06-21,Library,MTR-04,589.43,4549.84,322.87
ENG001202,2026-06-21,Canteen,MTR-05,433.83,3325.42,237.45
ENG001203,2026-06-21,Computer Lab,MTR-06,1266.01,9567.17,614.32
ENG001204,2026-06-21,Admin Block,MTR-07,469.56,3845.54,254.1
ENG001205,2026-06-22,Academic Block,MTR-01,824.69,7181.62,305.74
ENG001206,2026-06-22,Hostel A,MTR-02,1130.28,8751.43,431.7
ENG001207,2026-06-22,Hostel B,MTR-03,1178.25,8830.5,500.4
ENG001208,2026-06-22,Library,MTR-04,775.86,6768.29,309.34
ENG001209,2026-06-22,Canteen,MTR-05,512.34,4303.12,194.59
ENG001210,2026-06-22,Computer Lab,MTR-06,1346.78,10577.48,585.61
ENG001211,2026-06-22,Admin Block,MTR-07,473.67,3845.87,244.61
ENG001212,2026-06-23,Academic Block,MTR-01,1123.84,9307.91,609.91
ENG001213,2026-06-23,Hostel A,MTR-02,1269.79,11306.45,584.42
ENG001214,2026-06-23,Hostel B,MTR-03,1100.48,8896.48,570.07
ENG001215,2026-06-23,Library,MTR-04,771.61,5584.64,274.08
ENG001216,2026-06-23,Canteen,MTR-05,449.3,3666.99,230.99
ENG001217,2026-06-23,Computer Lab,MTR-06,1234.99,10522.2,568.5
ENG001218,2026-06-23,Admin Block,MTR-07,454.65,3436.88,221.33
ENG001219,2026-06-24,Academic Block,MTR-01,850.38,7060.74,327.66
ENG001220,2026-06-24,Hostel A,MTR-02,929.99,6744.64,486.78
ENG001221,2026-06-24,Hostel B,MTR-03,1247.06,10609.42,586.04
ENG001222,2026-06-24,Library,MTR-04,612.55,5177.67,237.17
ENG001223,2026-06-24,Canteen,MTR-05,434.22,3376.05,195.5
ENG001224,2026-06-24,Computer Lab,MTR-06,1164.89,9749.59,623.88
ENG001225,2026-06-24,Admin Block,MTR-07,367.27,3110.17,161.44
ENG001226,2026-06-25,Academic Block,MTR-01,991.8,8742.26,378.81
ENG001227,2026-06-25,Hostel A,MTR-02,962.86,7644.16,457.91
ENG001228,2026-06-25,Hostel B,MTR-03,988.2,7382.76,529.5
ENG001229,2026-06-25,Library,MTR-04,479.46,3581.93,216.15
ENG001230,2026-06-25,Canteen,MTR-05,503.0,3933.43,207.64
ENG001231,2026-06-25,Computer Lab,MTR-06,1212.69,8891.3,639.09
ENG001232,2026-06-25,Admin Block,MTR-07,406.25,3016.92,189.51
ENG001233,2026-06-26,Academic Block,MTR-01,912.66,7382.71,326.33
ENG001234,2026-06-26,Hostel A,MTR-02,983.77,6906.13,444.32
ENG001235,2026-06-26,Hostel B,MTR-03,984.87,7537.39,370.52
ENG001236,2026-06-26,Library,MTR-04,849.86,6193.26,321.03
ENG001237,2026-06-26,Canteen,MTR-05,377.11,2828.73,161.07
ENG001238,2026-06-26,Computer Lab,MTR-06,1217.79,9438.24,555.61
ENG001239,2026-06-26,Admin Block,MTR-07,355.16,3069.28,194.88
ENG001240,2026-06-27,Academic Block,MTR-01,840.66,7319.56,410.01
ENG001241,2026-06-27,Hostel A,MTR-02,1130.57,8860.42,516.52
ENG001242,2026-06-27,Hostel B,MTR-03,953.9,7163.83,425.93
ENG001243,2026-06-27,Library,MTR-04,477.14,3495.79,204.01
ENG001244,2026-06-27,Canteen,MTR-05,476.39,3473.93,169.06
ENG001245,2026-06-27,Computer Lab,MTR-06,1209.84,9493.83,487.21
ENG001246,2026-06-27,Admin Block,MTR-07,383.63,3260.73,168.85
ENG001247,2026-06-28,Academic Block,MTR-01,916.32,6513.71,368.91
ENG001248,2026-06-28,Hostel A,MTR-02,1086.06,9264.62,559.53
ENG001249,2026-06-28,Hostel B,MTR-03,1081.56,9105.22,511.7
ENG001250,2026-06-28,Library,MTR-04,553.56,4266.03,293.12
ENG001251,2026-06-28,Canteen,MTR-05,438.2,3198.23,225.18
ENG001252,2026-06-28,Computer Lab,MTR-06,1484.94,10614.74,581.9
ENG001253,2026-06-28,Admin Block,MTR-07,404.35,3601.82,185.09
ENG001254,2026-06-29,Academic Block,MTR-01,1064.63,9208.87,489.31
ENG001255,2026-06-29,Hostel A,MTR-02,972.93,7887.03,403.24
ENG001256,2026-06-29,Hostel B,MTR-03,854.52,7654.99,343.74
ENG001257,2026-06-29,Library,MTR-04,745.65,6665.36,402.13
ENG001258,2026-06-29,Canteen,MTR-05,513.54,4500.31,197.22
ENG001259,2026-06-29,Computer Lab,MTR-06,1215.19,8598.38,667.17
ENG001260,2026-06-29,Admin Block,MTR-07,536.14,3845.28,203.53
ENG001261,2026-06-30,Academic Block,MTR-01,820.17,7250.55,297.45
ENG001262,2026-06-30,Hostel A,MTR-02,1147.09,8610.86,418.51
ENG001263,2026-06-30,Hostel B,MTR-03,1125.4,9390.15,491.66
ENG001264,2026-06-30,Library,MTR-04,679.21,5879.98,273.16
ENG001265,2026-06-30,Canteen,MTR-05,515.5,4099.89,225.17
ENG001266,2026-06-30,Computer Lab,MTR-06,1232.0,10736.54,596.89
ENG001267,2026-06-30,Admin Block,MTR-07,433.88,3094.25,216.21
ENG001268,2026-07-01,Academic Block,MTR-01,909.53,8020.48,424.05
ENG001269,2026-07-01,Hostel A,MTR-02,981.13,8177.61,433.7
ENG001270,2026-07-01,Hostel B,MTR-03,1087.32,8324.68,486.79
ENG001271,2026-07-01,Library,MTR-04,479.67,4006.79,202.72
ENG001272,2026-07-01,Canteen,MTR-05,425.67,3347.86,181.22
ENG001273,2026-07-01,Computer Lab,MTR-06,1249.62,9681.25,628.89
ENG001274,2026-07-01,Admin Block,MTR-07,308.95,2729.71,162.82
ENG001275,2026-07-02,Academic Block,MTR-01,1013.46,8148.1,551.68
ENG001276,2026-07-02,Hostel A,MTR-02,1089.35,8432.76,518.14
ENG001277,2026-07-02,Hostel B,MTR-03,965.1,8556.15,499.08
ENG001278,2026-07-02,Library,MTR-04,665.4,5469.05,360.86
ENG001279,2026-07-02,Canteen,MTR-05,452.51,3183.67,223.69
ENG001280,2026-07-02,Computer Lab,MTR-06,1226.54,8662.0,429.78
ENG001281,2026-07-02,Admin Block,MTR-07,414.4,3461.45,208.6
ENG001282,2026-07-03,Academic Block,MTR-01,974.38,8662.28,504.75
ENG001283,2026-07-03,Hostel A,MTR-02,1088.68,9166.75,558.9
ENG001284,2026-07-03,Hostel B,MTR-03,1204.73,9811.83,455.19
ENG001285,2026-07-03,Library,MTR-04,613.82,4827.83,271.81
ENG001286,2026-07-03,Canteen,MTR-05,426.23,3510.76,223.99
ENG001287,2026-07-03,Computer Lab,MTR-06,1184.21,9286.48,540.85
ENG001288,2026-07-03,Admin Block,MTR-07,388.57,2811.43,151.87
ENG001289,2026-07-04,Academic Block,MTR-01,1006.84,8644.01,436.5
ENG001290,2026-07-04,Hostel A,MTR-02,918.54,6753.06,381.55
ENG001291,2026-07-04,Hostel B,MTR-03,1319.37,10427.64,709.51
ENG001292,2026-07-04,Library,MTR-04,682.7,5471.64,302.32
ENG001293,2026-07-04,Canteen,MTR-05,480.97,4137.52,243.3
ENG001294,2026-07-04,Computer Lab,MTR-06,1520.73,13652.53,553.04
ENG001295,2026-07-04,Admin Block,MTR-07,393.65,3116.68,208.83
ENG001296,2026-07-05,Academic Block,MTR-01,1044.15,7975.7,507.46
ENG001297,2026-07-05,Hostel A,MTR-02,930.8,8338.08,496.03
ENG001298,2026-07-05,Hostel B,MTR-03,1112.23,8868.41,571.54
ENG001299,2026-07-05,Library,MTR-04,600.32,5195.45,269.96
ENG001300,2026-07-05,Canteen,MTR-05,548.89,4514.31,243.27
ENG001301,2026-07-05,Computer Lab,MTR-06,1347.94,11066.15,655.41
ENG001302,2026-07-05,Admin Block,MTR-07,424.04,3311.1,229.96
ENG001303,2026-07-06,Academic Block,MTR-01,1044.88,8561.24,468.75
ENG001304,2026-07-06,Hostel A,MTR-02,1199.94,10195.92,583.39
ENG001305,2026-07-06,Hostel B,MTR-03,1155.03,9066.82,607.62
ENG001306,2026-07-06,Library,MTR-04,615.77,4936.8,232.61
ENG001307,2026-07-06,Canteen,MTR-05,400.42,3503.51,167.59
ENG001308,2026-07-06,Computer Lab,MTR-06,1095.77,7689.64,504.14
ENG001309,2026-07-06,Admin Block,MTR-07,407.86,3167.0,142.84
ENG001310,2026-07-07,Academic Block,MTR-01,1047.65,8958.51,367.34
ENG001311,2026-07-07,Hostel A,MTR-02,1210.18,10142.95,659.34
ENG001312,2026-07-07,Hostel B,MTR-03,986.62,8068.82,388.77
ENG001313,2026-07-07,Library,MTR-04,783.64,6910.95,388.32
ENG001314,2026-07-07,Canteen,MTR-05,425.12,3373.0,190.7
ENG001315,2026-07-07,Computer Lab,MTR-06,1162.87,9907.92,483.94
ENG001316,2026-07-07,Admin Block,MTR-07,385.32,3039.49,143.45
ENG001317,2026-07-08,Academic Block,MTR-01,1039.27,7876.03,405.18
ENG001318,2026-07-08,Hostel A,MTR-02,1119.12,8952.18,430.47
ENG001319,2026-07-08,Hostel B,MTR-03,868.13,7759.73,454.55
ENG001320,2026-07-08,Library,MTR-04,624.61,5047.94,248.01
ENG001321,2026-07-08,Canteen,MTR-05,535.72,3832.9,252.82
ENG001322,2026-07-08,Computer Lab,MTR-06,1196.44,9436.52,448.45
ENG001323,2026-07-08,Admin Block,MTR-07,330.6,2743.52,163.91
ENG001324,2026-07-09,Academic Block,MTR-01,942.63,7088.97,516.67
ENG001325,2026-07-09,Hostel A,MTR-02,1075.27,8773.87,546.79
ENG001326,2026-07-09,Hostel B,MTR-03,790.27,6925.53,364.24
ENG001327,2026-07-09,Library,MTR-04,726.23,6349.09,272.13
ENG001328,2026-07-09,Canteen,MTR-05,435.28,3200.54,178.53
ENG001329,2026-07-09,Computer Lab,MTR-06,1179.92,8904.66,449.04
ENG001330,2026-07-09,Admin Block,MTR-07,367.0,2699.75,168.59
ENG001331,2026-07-10,Academic Block,MTR-01,900.03,6950.98,361.77
ENG001332,2026-07-10,Hostel A,MTR-02,1184.71,10242.71,633.84
ENG001333,2026-07-10,Hostel B,MTR-03,1012.78,7455.2,544.7
ENG001334,2026-07-10,Library,MTR-04,795.78,7121.22,375.82
ENG001335,2026-07-10,Canteen,MTR-05,436.99,3135.5,233.14
ENG001336,2026-07-10,Computer Lab,MTR-06,1405.06,10341.45,760.36
ENG001337,2026-07-10,Admin Block,MTR-07,381.42,2908.42,176.12
ENG001338,2026-07-11,Academic Block,MTR-01,993.37,7062.97,363.7
ENG001339,2026-07-11,Hostel A,MTR-02,1489.53,11543.99,738.74
ENG001340,2026-07-11,Hostel B,MTR-03,1102.15,8490.7,408.58
ENG001341,2026-07-11,Library,MTR-04,578.98,4381.57,260.0
ENG001342,2026-07-11,Canteen,MTR-05,549.82,4523.82,257.03
ENG001343,2026-07-11,Computer Lab,MTR-06,1616.68,14188.14,577.3
ENG001344,2026-07-11,Admin Block,MTR-07,483.47,4197.34,215.66
ENG001345,2026-07-12,Academic Block,MTR-01,899.04,6778.29,485.96
ENG001346,2026-07-12,Hostel A,MTR-02,939.94,8107.18,402.87
ENG001347,2026-07-12,Hostel B,MTR-03,978.96,7832.95,367.04
ENG001348,2026-07-12,Library,MTR-04,655.08,5197.07,289.77
ENG001349,2026-07-12,Canteen,MTR-05,539.14,4169.07,231.76
ENG001350,2026-07-12,Computer Lab,MTR-06,1430.67,12674.07,697.52
ENG001351,2026-07-12,Admin Block,MTR-07,489.32,3602.52,215.33
ENG001352,2026-07-13,Academic Block,MTR-01,937.13,7782.51,371.74
ENG001353,2026-07-13,Hostel A,MTR-02,1096.32,9854.64,582.03
ENG001354,2026-07-13,Hostel B,MTR-03,1072.84,9368.82,558.21
ENG001355,2026-07-13,Library,MTR-04,494.12,3885.43,259.19
ENG001356,2026-07-13,Canteen,MTR-05,466.46,4051.22,240.71
ENG001357,2026-07-13,Computer Lab,MTR-06,1277.53,9678.01,476.96
ENG001358,2026-07-13,Admin Block,MTR-07,388.3,3405.11,171.15
ENG001359,2026-07-14,Academic Block,MTR-01,932.48,7207.65,377.18
ENG001360,2026-07-14,Hostel A,MTR-02,1243.37,11119.56,457.66
ENG001361,2026-07-14,Hostel B,MTR-03,1163.14,10324.85,505.62
ENG001362,2026-07-14,Library,MTR-04,648.05,5461.59,280.89
ENG001363,2026-07-14,Canteen,MTR-05,473.34,3316.53,252.15
ENG001364,2026-07-14,Computer Lab,MTR-06,1112.78,7805.25,450.33
ENG001365,2026-07-14,Admin Block,MTR-07,390.33,3093.58,184.99
ENG001366,2026-07-15,Academic Block,MTR-01,608.28,5021.32,331.6
ENG001367,2026-07-15,Hostel A,MTR-02,1066.71,8899.52,419.19
ENG001368,2026-07-15,Hostel B,MTR-03,956.32,8423.8,511.14
ENG001369,2026-07-15,Library,MTR-04,522.3,3836.66,196.67
ENG001370,2026-07-15,Canteen,MTR-05,466.72,3563.14,211.8
ENG001371,2026-07-15,Computer Lab,MTR-06,1533.91,11371.22,731.86
ENG001372,2026-07-15,Admin Block,MTR-07,374.12,2995.75,171.39
ENG001373,2026-07-16,Academic Block,MTR-01,1071.99,8707.86,430.49
ENG001374,2026-07-16,Hostel A,MTR-02,923.02,6585.14,485.36
ENG001375,2026-07-16,Hostel B,MTR-03,1111.54,8339.27,440.92
ENG001376,2026-07-16,Library,MTR-04,653.4,5497.74,286.85
ENG001377,2026-07-16,Canteen,MTR-05,433.02,3115.86,155.32
ENG001378,2026-07-16,Computer Lab,MTR-06,1351.66,10286.24,717.53
ENG001379,2026-07-16,Admin Block,MTR-07,392.11,3371.21,152.7
ENG001380,2026-07-17,Academic Block,MTR-01,908.63,6646.96,453.94
ENG001381,2026-07-17,Hostel A,MTR-02,1179.27,9928.82,511.81
ENG001382,2026-07-17,Hostel B,MTR-03,973.83,7951.98,491.65
ENG001383,2026-07-17,Library,MTR-04,692.12,5820.59,362.8
ENG001384,2026-07-17,Canteen,MTR-05,386.4,2750.82,149.84
ENG001385,2026-07-17,Computer Lab,MTR-06,1051.89,7832.5,570.21
ENG001386,2026-07-17,Admin Block,MTR-07,442.92,3919.63,182.15
ENG001387,2026-07-18,Academic Block,MTR-01,1158.37,10304.61,452.48
ENG001388,2026-07-18,Hostel A,MTR-02,1120.43,9711.01,468.84
ENG001389,2026-07-18,Hostel B,MTR-03,844.43,7374.04,332.36
ENG001390,2026-07-18,Library,MTR-04,689.05,5032.95,363.31
ENG001391,2026-07-18,Canteen,MTR-05,415.14,2952.16,205.3
ENG001392,2026-07-18,Computer Lab,MTR-06,1349.66,10372.22,696.93
ENG001393,2026-07-18,Admin Block,MTR-07,424.28,3705.58,203.34
ENG001394,2026-07-19,Academic Block,MTR-01,917.6,7984.3,377.93
ENG001395,2026-07-19,Hostel A,MTR-02,1118.83,9256.37,467.68
ENG001396,2026-07-19,Hostel B,MTR-03,1186.46,10645.63,583.85
ENG001397,2026-07-19,Library,MTR-04,569.39,5017.66,255.43
ENG001398,2026-07-19,Canteen,MTR-05,445.36,3743.1,165.94
ENG001399,2026-07-19,Computer Lab,MTR-06,1130.37,8475.96,589.1
ENG001400,2026-07-19,Admin Block,MTR-07,392.33,2937.88,151.06
ENG001401,2026-07-20,Academic Block,MTR-01,700.93,5784.91,316.16
ENG001402,2026-07-20,Hostel A,MTR-02,720.93,6029.69,329.17
ENG001403,2026-07-20,Hostel B,MTR-03,803.55,6923.56,390.12
ENG001404,2026-07-20,Library,MTR-04,695.72,4998.8,340.57
ENG001405,2026-07-20,Canteen,MTR-05,476.55,4224.41,215.08
ENG001406,2026-07-20,Computer Lab,MTR-06,1341.24,12070.96,676.48
ENG001407,2026-07-20,Admin Block,MTR-07,438.28,3672.95,185.67
ENG001408,2026-07-21,Academic Block,MTR-01,889.27,7167.49,471.03
ENG001409,2026-07-21,Hostel A,MTR-02,1055.05,9186.06,375.83
ENG001410,2026-07-21,Hostel B,MTR-03,976.62,7706.61,356.5
ENG001411,2026-07-21,Library,MTR-04,747.54,6178.71,404.55
ENG001412,2026-07-21,Canteen,MTR-05,452.1,3933.76,215.61
ENG001413,2026-07-21,Computer Lab,MTR-06,1451.76,12179.19,750.53
ENG001414,2026-07-21,Admin Block,MTR-07,390.32,3475.73,206.07
ENG001415,2026-07-22,Academic Block,MTR-01,729.33,6075.81,349.28
ENG001416,2026-07-22,Hostel A,MTR-02,1098.96,7997.03,539.84
ENG001417,2026-07-22,Hostel B,MTR-03,987.86,7437.68,380.83
ENG001418,2026-07-22,Library,MTR-04,554.35,3957.28,208.09
ENG001419,2026-07-22,Canteen,MTR-05,534.03,4528.71,292.32
ENG001420,2026-07-22,Computer Lab,MTR-06,985.82,8249.27,404.82
ENG001421,2026-07-22,Admin Block,MTR-07,409.29,3029.94,195.44
ENG001422,2026-07-23,Academic Block,MTR-01,1183.46,8712.85,567.84
ENG001423,2026-07-23,Hostel A,MTR-02,1072.75,8153.69,422.37
ENG001424,2026-07-23,Hostel B,MTR-03,948.02,7893.03,379.11
ENG001425,2026-07-23,Library,MTR-04,729.21,5986.1,305.58
ENG001426,2026-07-23,Canteen,MTR-05,519.18,3758.7,187.79
ENG001427,2026-07-23,Computer Lab,MTR-06,1363.47,12267.69,709.12
ENG001428,2026-07-23,Admin Block,MTR-07,439.27,3491.8,199.19
ENG001429,2026-07-24,Academic Block,MTR-01,869.88,7077.14,449.39
ENG001430,2026-07-24,Hostel A,MTR-02,1123.59,8795.41,466.08
ENG001431,2026-07-24,Hostel B,MTR-03,1016.36,8005.82,366.03
ENG001432,2026-07-24,Library,MTR-04,663.56,4683.62,241.15
ENG001433,2026-07-24,Canteen,MTR-05,597.49,4241.63,230.85
ENG001434,2026-07-24,Computer Lab,MTR-06,1246.06,11075.87,672.51
ENG001435,2026-07-24,Admin Block,MTR-07,447.21,3964.94,215.74
ENG001436,2026-07-25,Academic Block,MTR-01,1022.71,8327.19,390.11
ENG001437,2026-07-25,Hostel A,MTR-02,1199.28,10577.39,452.17
ENG001438,2026-07-25,Hostel B,MTR-03,981.22,8516.34,425.61
ENG001439,2026-07-25,Library,MTR-04,612.41,5388.04,334.59
ENG001440,2026-07-25,Canteen,MTR-05,524.55,4659.27,288.39
ENG001441,2026-07-25,Computer Lab,MTR-06,1393.94,10978.27,690.46
ENG001442,2026-07-25,Admin Block,MTR-07,397.71,3203.78,152.36
ENG001443,2026-07-26,Academic Block,MTR-01,869.51,7783.13,374.87
ENG001444,2026-07-26,Hostel A,MTR-02,1150.5,8791.75,459.16
ENG001445,2026-07-26,Hostel B,MTR-03,1130.11,8797.29,616.28
ENG001446,2026-07-26,Library,MTR-04,751.97,6728.91,272.7
ENG001447,2026-07-26,Canteen,MTR-05,449.32,4022.19,169.15
ENG001448,2026-07-26,Computer Lab,MTR-06,1327.31,11945.07,559.18
ENG001449,2026-07-26,Admin Block,MTR-07,462.05,4031.79,250.55
ENG001450,2026-07-27,Academic Block,MTR-01,1053.61,9034.55,422.83
ENG001451,2026-07-27,Hostel A,MTR-02,1120.87,9840.38,525.22
ENG001452,2026-07-27,Hostel B,MTR-03,1046.86,8971.62,370.03
ENG001453,2026-07-27,Library,MTR-04,608.52,4483.73,252.6
ENG001454,2026-07-27,Canteen,MTR-05,484.06,3480.07,263.38
ENG001455,2026-07-27,Computer Lab,MTR-06,1308.63,9671.9,695.0
ENG001456,2026-07-27,Admin Block,MTR-07,415.15,3533.42,184.77
ENG001457,2026-07-28,Academic Block,MTR-01,804.29,6979.95,289.44
ENG001458,2026-07-28,Hostel A,MTR-02,1000.64,7846.91,460.77
ENG001459,2026-07-28,Hostel B,MTR-03,887.37,6928.03,464.14
ENG001460,2026-07-28,Library,MTR-04,774.63,6232.47,333.9
ENG001461,2026-07-28,Canteen,MTR-05,518.36,4192.05,247.12
ENG001462,2026-07-28,Computer Lab,MTR-06,1216.74,8547.61,484.28
ENG001463,2026-07-28,Admin Block,MTR-07,375.18,2691.23,188.68
ENG001464,2026-07-29,Academic Block,MTR-01,956.96,7573.84,441.47
ENG001465,2026-07-29,Hostel A,MTR-02,1019.27,8891.99,479.98
ENG001466,2026-07-29,Hostel B,MTR-03,963.9,8625.86,444.98
ENG001467,2026-07-29,Library,MTR-04,770.0,6519.48,342.31
ENG001468,2026-07-29,Canteen,MTR-05,489.25,3493.22,223.66
ENG001469,2026-07-29,Computer Lab,MTR-06,1272.35,11089.14,483.76
ENG001470,2026-07-29,Admin Block,MTR-07,438.67,3589.09,215.73
ENG001471,2026-07-30,Academic Block,MTR-01,1093.87,9557.93,385.33
ENG001472,2026-07-30,Hostel A,MTR-02,1189.09,9624.01,506.4
ENG001473,2026-07-30,Hostel B,MTR-03,1182.9,8944.47,638.25
ENG001474,2026-07-30,Library,MTR-04,604.54,4303.25,259.02
ENG001475,2026-07-30,Canteen,MTR-05,519.74,4297.76,202.41
ENG001476,2026-07-30,Computer Lab,MTR-06,1187.94,8752.83,436.39
ENG001477,2026-07-30,Admin Block,MTR-07,417.9,3309.83,151.79
ENG001478,2026-07-31,Academic Block,MTR-01,949.34,6838.52,500.27
ENG001479,2026-07-31,Hostel A,MTR-02,903.67,6749.33,331.92
ENG001480,2026-07-31,Hostel B,MTR-03,1193.39,10261.9,639.71
ENG001481,2026-07-31,Library,MTR-04,615.48,5293.26,290.23
ENG001482,2026-07-31,Canteen,MTR-05,452.42,3890.7,218.3
ENG001483,2026-07-31,Computer Lab,MTR-06,1090.95,7639.69,503.39
ENG001484,2026-07-31,Admin Block,MTR-07,345.25,2539.41,131.49
ENG001485,2026-08-01,Academic Block,MTR-01,982.63,8654.33,353.74
ENG001486,2026-08-01,Hostel A,MTR-02,1174.38,8435.91,532.71
ENG001487,2026-08-01,Hostel B,MTR-03,1182.57,10560.7,431.22
ENG001488,2026-08-01,Library,MTR-04,603.06,4444.09,292.25
ENG001489,2026-08-01,Canteen,MTR-05,335.19,2649.42,174.11
ENG001490,2026-08-01,Computer Lab,MTR-06,992.16,8758.42,441.15
ENG001491,2026-08-01,Admin Block,MTR-07,512.7,4569.66,247.5
ENG001492,2026-08-02,Academic Block,MTR-01,999.91,8231.94,357.05
ENG001493,2026-08-02,Hostel A,MTR-02,1201.87,10216.26,638.58
ENG001494,2026-08-02,Hostel B,MTR-03,1171.22,9025.45,446.12
ENG001495,2026-08-02,Library,MTR-04,833.37,6141.71,452.49
ENG001496,2026-08-02,Canteen,MTR-05,504.09,3659.62,203.03
ENG001497,2026-08-02,Computer Lab,MTR-06,1205.73,10771.09,538.56
ENG001498,2026-08-02,Admin Block,MTR-07,421.27,3572.76,165.55
ENG001499,2026-08-03,Academic Block,MTR-01,1128.74,9667.78,608.94
ENG001500,2026-08-03,Hostel A,MTR-02,885.49,7344.71,352.79
ENG001501,2026-08-03,Hostel B,MTR-03,1154.05,8262.24,553.23
ENG001502,2026-08-03,Library,MTR-04,706.89,5508.95,252.65
ENG001503,2026-08-03,Canteen,MTR-05,299.24,2457.66,160.07
ENG001504,2026-08-03,Computer Lab,MTR-06,1216.88,9284.79,552.52
ENG001505,2026-08-03,Admin Block,MTR-07,364.38,3147.36,145.84
ENG001506,2026-08-04,Academic Block,MTR-01,1005.84,7968.36,442.26
ENG001507,2026-08-04,Hostel A,MTR-02,927.26,6513.99,428.94
ENG001508,2026-08-04,Hostel B,MTR-03,845.38,7351.78,429.26
ENG001509,2026-08-04,Library,MTR-04,552.23,4789.11,246.12
ENG001510,2026-08-04,Canteen,MTR-05,385.87,3397.1,139.0
ENG001511,2026-08-04,Computer Lab,MTR-06,1419.26,10355.69,699.06
ENG001512,2026-08-04,Admin Block,MTR-07,383.38,2875.99,207.95
ENG001513,2026-08-05,Academic Block,MTR-01,971.66,7373.52,462.32
ENG001514,2026-08-05,Hostel A,MTR-02,1050.25,8075.64,396.05
ENG001515,2026-08-05,Hostel B,MTR-03,958.56,7804.15,466.42
ENG001516,2026-08-05,Library,MTR-04,611.91,5202.14,329.19
ENG001517,2026-08-05,Canteen,MTR-05,392.95,3180.25,138.41
ENG001518,2026-08-05,Computer Lab,MTR-06,1194.24,10458.56,426.16
ENG001519,2026-08-05,Admin Block,MTR-07,421.24,3106.98,213.89
ENG001520,2026-08-06,Academic Block,MTR-01,876.53,6325.62,379.9
ENG001521,2026-08-06,Hostel A,MTR-02,1215.87,10765.03,521.79
ENG001522,2026-08-06,Hostel B,MTR-03,1120.58,9707.44,434.81
ENG001523,2026-08-06,Library,MTR-04,749.28,6146.06,344.33
ENG001524,2026-08-06,Canteen,MTR-05,483.02,3578.36,182.89
ENG001525,2026-08-06,Computer Lab,MTR-06,1515.84,12671.9,708.71
ENG001526,2026-08-06,Admin Block,MTR-07,359.01,2691.01,141.26
ENG001527,2026-08-07,Academic Block,MTR-01,1134.53,9456.89,526.66
ENG001528,2026-08-07,Hostel A,MTR-02,1050.66,9016.42,435.89
ENG001529,2026-08-07,Hostel B,MTR-03,974.24,7109.34,352.77
ENG001530,2026-08-07,Library,MTR-04,702.53,5371.44,379.79
ENG001531,2026-08-07,Canteen,MTR-05,507.2,4300.15,257.28
ENG001532,2026-08-07,Computer Lab,MTR-06,1174.95,9209.98,447.05
ENG001533,2026-08-07,Admin Block,MTR-07,422.38,3389.99,176.92
ENG001534,2026-08-08,Academic Block,MTR-01,817.03,7059.41,336.21
ENG001535,2026-08-08,Hostel A,MTR-02,1079.93,8833.01,567.61
ENG001536,2026-08-08,Hostel B,MTR-03,922.39,7020.86,393.42
ENG001537,2026-08-08,Library,MTR-04,630.23,4896.99,332.44
ENG001538,2026-08-08,Canteen,MTR-05,415.34,3446.12,152.87
ENG001539,2026-08-08,Computer Lab,MTR-06,1149.28,8996.27,474.43
ENG001540,2026-08-08,Admin Block,MTR-07,343.36,2585.8,125.0
ENG001541,2026-08-09,Academic Block,MTR-01,1001.62,7772.39,445.48
ENG001542,2026-08-09,Hostel A,MTR-02,1157.21,9947.84,599.24
ENG001543,2026-08-09,Hostel B,MTR-03,956.5,7885.18,478.66
ENG001544,2026-08-09,Library,MTR-04,631.53,5146.51,255.98
ENG001545,2026-08-09,Canteen,MTR-05,379.34,3094.7,160.26
ENG001546,2026-08-09,Computer Lab,MTR-06,1207.5,10843.38,425.63
ENG001547,2026-08-09,Admin Block,MTR-07,399.89,3157.72,167.68
ENG001548,2026-08-10,Academic Block,MTR-01,930.9,6752.44,358.09
ENG001549,2026-08-10,Hostel A,MTR-02,1042.82,7830.0,373.02
ENG001550,2026-08-10,Hostel B,MTR-03,1225.16,8727.72,453.98
ENG001551,2026-08-10,Library,MTR-04,731.16,6349.07,353.6
ENG001552,2026-08-10,Canteen,MTR-05,397.7,3539.66,150.39
ENG001553,2026-08-10,Computer Lab,MTR-06,1096.53,8157.24,426.69
ENG001554,2026-08-10,Admin Block,MTR-07,414.99,3191.16,154.87
ENG001555,2026-08-11,Academic Block,MTR-01,837.56,6931.8,409.93
ENG001556,2026-08-11,Hostel A,MTR-02,1149.28,9655.99,588.33
ENG001557,2026-08-11,Hostel B,MTR-03,1000.75,8732.34,458.31
ENG001558,2026-08-11,Library,MTR-04,676.8,5670.31,304.98
ENG001559,2026-08-11,Canteen,MTR-05,425.58,3500.34,181.48
ENG001560,2026-08-11,Computer Lab,MTR-06,1363.21,11893.91,527.33
ENG001561,2026-08-11,Admin Block,MTR-07,407.94,3270.94,210.94
ENG001562,2026-08-12,Academic Block,MTR-01,855.14,6246.25,306.6
ENG001563,2026-08-12,Hostel A,MTR-02,1139.97,9580.78,607.37
ENG001564,2026-08-12,Hostel B,MTR-03,862.55,7294.88,374.57
ENG001565,2026-08-12,Library,MTR-04,598.86,4674.43,261.71
ENG001566,2026-08-12,Canteen,MTR-05,459.65,4121.32,181.48
ENG001567,2026-08-12,Computer Lab,MTR-06,1380.25,10128.23,667.83
ENG001568,2026-08-12,Admin Block,MTR-07,456.17,4028.47,177.73
ENG001569,2026-08-13,Academic Block,MTR-01,812.46,6064.29,334.9
ENG001570,2026-08-13,Hostel A,MTR-02,1000.15,7485.57,359.99
ENG001571,2026-08-13,Hostel B,MTR-03,888.9,7448.21,343.18
ENG001572,2026-08-13,Library,MTR-04,654.93,4639.77,280.58
ENG001573,2026-08-13,Canteen,MTR-05,589.29,4794.25,301.91
ENG001574,2026-08-13,Computer Lab,MTR-06,1114.75,7999.98,437.74
ENG001575,2026-08-13,Admin Block,MTR-07,426.52,3003.54,216.3
ENG001576,2026-08-14,Academic Block,MTR-01,885.67,7520.9,364.53
ENG001577,2026-08-14,Hostel A,MTR-02,815.34,6477.59,422.03
ENG001578,2026-08-14,Hostel B,MTR-03,943.43,7323.29,435.79
ENG001579,2026-08-14,Library,MTR-04,586.72,4715.19,289.3
ENG001580,2026-08-14,Canteen,MTR-05,498.48,3586.31,247.38
ENG001581,2026-08-14,Computer Lab,MTR-06,1005.7,8269.31,466.78
ENG001582,2026-08-14,Admin Block,MTR-07,413.53,3261.61,187.58
ENG001583,2026-08-15,Academic Block,MTR-01,953.18,7604.74,460.63
ENG001584,2026-08-15,Hostel A,MTR-02,1210.23,10700.94,491.45
ENG001585,2026-08-15,Hostel B,MTR-03,1224.27,9592.87,655.01
ENG001586,2026-08-15,Library,MTR-04,563.12,4125.94,250.25
ENG001587,2026-08-15,Canteen,MTR-05,492.72,3633.42,235.09
ENG001588,2026-08-15,Computer Lab,MTR-06,1228.05,9745.93,491.86
ENG001589,2026-08-15,Admin Block,MTR-07,370.85,2890.26,155.6
ENG001590,2026-08-16,Academic Block,MTR-01,895.46,7612.86,366.4
ENG001591,2026-08-16,Hostel A,MTR-02,1228.29,9322.55,537.49
ENG001592,2026-08-16,Hostel B,MTR-03,1003.13,8138.51,551.45
ENG001593,2026-08-16,Library,MTR-04,725.97,5440.73,284.46
ENG001594,2026-08-16,Canteen,MTR-05,538.25,4448.72,276.12
ENG001595,2026-08-16,Computer Lab,MTR-06,1325.45,11663.92,538.83
ENG001596,2026-08-16,Admin Block,MTR-07,434.95,3812.01,226.85
ENG001597,2026-08-17,Academic Block,MTR-01,1074.22,7913.3,386.89
ENG001598,2026-08-17,Hostel A,MTR-02,1001.52,8488.4,501.44
ENG001599,2026-08-17,Hostel B,MTR-03,976.3,7199.78,499.59
ENG001600,2026-08-17,Library,MTR-04,566.21,4214.54,261.43
ENG001601,2026-08-17,Canteen,MTR-05,456.88,3374.27,174.41
ENG001602,2026-08-17,Computer Lab,MTR-06,1296.42,10296.98,631.28
ENG001603,2026-08-17,Admin Block,MTR-07,438.3,3909.39,189.07
ENG001604,2026-08-18,Academic Block,MTR-01,1062.02,8471.11,552.51
ENG001605,2026-08-18,Hostel A,MTR-02,1073.31,8204.7,516.74
ENG001606,2026-08-18,Hostel B,MTR-03,1052.01,9229.52,463.51
ENG001607,2026-08-18,Library,MTR-04,718.83,5279.59,342.0
ENG001608,2026-08-18,Canteen,MTR-05,447.95,3850.81,227.01
ENG001609,2026-08-18,Computer Lab,MTR-06,1238.65,10300.55,488.49
ENG001610,2026-08-18,Admin Block,MTR-07,296.16,2277.93,150.82
ENG001611,2026-08-19,Academic Block,MTR-01,903.27,6519.92,407.27
ENG001612,2026-08-19,Hostel A,MTR-02,1172.39,9428.14,589.33
ENG001613,2026-08-19,Hostel B,MTR-03,1172.15,8536.48,625.53
ENG001614,2026-08-19,Library,MTR-04,661.68,4975.97,320.59
ENG001615,2026-08-19,Canteen,MTR-05,483.36,3969.19,193.87
ENG001616,2026-08-19,Computer Lab,MTR-06,1378.15,10404.98,488.86
ENG001617,2026-08-19,Admin Block,MTR-07,419.83,3289.08,147.18
ENG001618,2026-08-20,Academic Block,MTR-01,876.99,7630.95,375.28
ENG001619,2026-08-20,Hostel A,MTR-02,1052.08,7370.06,569.99
ENG001620,2026-08-20,Hostel B,MTR-03,979.88,7362.76,343.92
ENG001621,2026-08-20,Library,MTR-04,631.24,5004.85,328.53
ENG001622,2026-08-20,Canteen,MTR-05,407.69,3433.07,209.03
ENG001623,2026-08-20,Computer Lab,MTR-06,885.58,7245.62,385.51
ENG001624,2026-08-20,Admin Block,MTR-07,493.71,3848.71,186.13
ENG001625,2026-08-21,Academic Block,MTR-01,942.99,6743.68,376.32
ENG001626,2026-08-21,Hostel A,MTR-02,1185.98,9483.25,497.07
ENG001627,2026-08-21,Hostel B,MTR-03,1136.33,9489.07,607.26
ENG001628,2026-08-21,Library,MTR-04,663.72,4868.12,312.26
ENG001629,2026-08-21,Canteen,MTR-05,424.07,3275.02,181.52
ENG001630,2026-08-21,Computer Lab,MTR-06,1337.33,10945.86,524.74
ENG001631,2026-08-21,Admin Block,MTR-07,295.24,2244.71,120.52
ENG001632,2026-08-22,Academic Block,MTR-01,1147.29,8783.26,528.95
ENG001633,2026-08-22,Hostel A,MTR-02,1177.57,8489.34,576.47
ENG001634,2026-08-22,Hostel B,MTR-03,767.89,5384.71,320.5
ENG001635,2026-08-22,Library,MTR-04,681.12,5004.32,352.58
ENG001636,2026-08-22,Canteen,MTR-05,521.65,3946.55,257.23
ENG001637,2026-08-22,Computer Lab,MTR-06,1224.2,10579.25,663.83
ENG001638,2026-08-22,Admin Block,MTR-07,399.3,3430.1,140.55
ENG001639,2026-08-23,Academic Block,MTR-01,1067.6,7946.01,419.5
ENG001640,2026-08-23,Hostel A,MTR-02,1056.99,8165.56,420.86
ENG001641,2026-08-23,Hostel B,MTR-03,1072.17,9205.24,555.43
ENG001642,2026-08-23,Library,MTR-04,688.17,5442.91,253.27
ENG001643,2026-08-23,Canteen,MTR-05,490.34,4201.11,224.21
ENG001644,2026-08-23,Computer Lab,MTR-06,1645.63,13282.75,776.15
ENG001645,2026-08-23,Admin Block,MTR-07,449.87,3569.57,217.99
ENG001646,2026-08-24,Academic Block,MTR-01,748.02,6310.39,385.27
ENG001647,2026-08-24,Hostel A,MTR-02,1225.02,8667.95,547.49
ENG001648,2026-08-24,Hostel B,MTR-03,1155.65,9345.78,630.54
ENG001649,2026-08-24,Library,MTR-04,694.72,4942.71,245.93
ENG001650,2026-08-24,Canteen,MTR-05,410.77,3247.59,209.88
ENG001651,2026-08-24,Computer Lab,MTR-06,1247.69,10633.75,595.17
ENG001652,2026-08-24,Admin Block,MTR-07,373.18,2909.63,194.55
ENG001653,2026-08-25,Academic Block,MTR-01,867.52,6078.41,395.19
ENG001654,2026-08-25,Hostel A,MTR-02,1145.77,8588.67,522.91
ENG001655,2026-08-25,Hostel B,MTR-03,1289.81,10518.9,490.94
ENG001656,2026-08-25,Library,MTR-04,608.29,4413.17,323.4
ENG001657,2026-08-25,Canteen,MTR-05,490.44,4038.37,248.72
ENG001658,2026-08-25,Computer Lab,MTR-06,1353.99,11732.41,697.86
ENG001659,2026-08-25,Admin Block,MTR-07,405.56,3046.88,222.4
ENG001660,2026-08-26,Academic Block,MTR-01,1124.37,7921.44,563.56
ENG001661,2026-08-26,Hostel A,MTR-02,1095.63,8444.41,453.38
ENG001662,2026-08-26,Hostel B,MTR-03,1098.05,8876.66,484.01
ENG001663,2026-08-26,Library,MTR-04,580.31,5015.39,281.62
ENG001664,2026-08-26,Canteen,MTR-05,474.66,4192.29,229.09
ENG001665,2026-08-26,Computer Lab,MTR-06,1380.15,11654.08,616.14
ENG001666,2026-08-26,Admin Block,MTR-07,378.36,3166.23,156.8
ENG001667,2026-08-27,Academic Block,MTR-01,912.04,7769.05,366.32
ENG001668,2026-08-27,Hostel A,MTR-02,1083.54,7822.56,459.31
ENG001669,2026-08-27,Hostel B,MTR-03,1130.87,9321.34,555.58
ENG001670,2026-08-27,Library,MTR-04,593.12,5206.75,273.79
ENG001671,2026-08-27,Canteen,MTR-05,479.24,4098.62,253.83
ENG001672,2026-08-27,Computer Lab,MTR-06,1534.62,11855.79,610.36
ENG001673,2026-08-27,Admin Block,MTR-07,460.58,3909.04,240.37
ENG001674,2026-08-28,Academic Block,MTR-01,834.27,7056.17,380.32
ENG001675,2026-08-28,Hostel A,MTR-02,1058.07,9225.14,395.95
ENG001676,2026-08-28,Hostel B,MTR-03,959.62,7343.12,526.43
ENG001677,2026-08-28,Library,MTR-04,600.89,4401.04,216.3
ENG001678,2026-08-28,Canteen,MTR-05,484.89,3483.79,227.73
ENG001679,2026-08-28,Computer Lab,MTR-06,928.46,6594.34,464.41
ENG001680,2026-08-28,Admin Block,MTR-07,426.97,3253.34,173.75
ENG001681,2026-08-29,Academic Block,MTR-01,850.13,6629.09,349.94
ENG001682,2026-08-29,Hostel A,MTR-02,1106.96,7914.15,524.31
ENG001683,2026-08-29,Hostel B,MTR-03,1005.87,8640.42,484.55
ENG001684,2026-08-29,Library,MTR-04,564.08,4825.01,289.38
ENG001685,2026-08-29,Canteen,MTR-05,447.41,3505.66,240.41
ENG001686,2026-08-29,Computer Lab,MTR-06,1473.21,12283.34,692.04
ENG001687,2026-08-29,Admin Block,MTR-07,444.73,3373.01,207.77
ENG001688,2026-08-30,Academic Block,MTR-01,1067.4,7514.39,522.01
ENG001689,2026-08-30,Hostel A,MTR-02,1213.1,9822.11,448.25
ENG001690,2026-08-30,Hostel B,MTR-03,1043.35,7372.16,416.3
ENG001691,2026-08-30,Library,MTR-04,572.96,5063.85,217.88
ENG001692,2026-08-30,Canteen,MTR-05,454.23,3625.36,201.9
ENG001693,2026-08-30,Computer Lab,MTR-06,1453.91,11252.06,562.75
ENG001694,2026-08-30,Admin Block,MTR-07,448.63,3501.54,162.26
ENG001695,2026-08-31,Academic Block,MTR-01,1023.53,8598.79,476.56
ENG001696,2026-08-31,Hostel A,MTR-02,1083.1,8655.78,426.16
ENG001697,2026-08-31,Hostel B,MTR-03,1346.8,10887.5,603.09
ENG001698,2026-08-31,Library,MTR-04,557.09,4587.52,215.25
ENG001699,2026-08-31,Canteen,MTR-05,442.4,3874.43,229.84
ENG001700,2026-08-31,Computer Lab,MTR-06,1339.82,11607.12,499.82
ENG001701,2026-08-31,Admin Block,MTR-07,401.11,3004.54,169.31
