cost_id,date,department,expense_category,amount,cost_month
COST000001,2026-01-01,Administration,Food,13906.55,2026-01
COST000002,2026-01-01,Administration,Cleaning,3915.57,2026-01
COST000003,2026-01-01,Hostel,Internet,2448.2,2026-01
COST000004,2026-01-01,Hostel,Electricity,17252.7,2026-01
COST000005,2026-01-01,Canteen,Transport,5178.77,2026-01
COST000006,2026-01-01,Canteen,Water,6293.57,2026-01
COST000007,2026-01-01,Academic,Food,13392.12,2026-01
COST000008,2026-01-01,Academic,Internet,2602.33,2026-01
COST000009,2026-01-01,Maintenance,Water,5072.74,2026-01
COST000010,2026-01-01,Maintenance,Maintenance,7720.58,2026-01
COST000011,2026-01-01,Transport,Water,6264.73,2026-01
COST000012,2026-01-01,Transport,Food,16094.52,2026-01
COST000013,2026-01-02,Administration,Food,12052.39,2026-01
COST000014,2026-01-02,Administration,Internet,2201.79,2026-01
COST000015,2026-01-02,Hostel,Maintenance,9263.63,2026-01
COST000016,2026-01-02,Hostel,Other,3534.09,2026-01
COST000017,2026-01-02,Canteen,Internet,2964.72,2026-01
COST000018,2026-01-02,Canteen,Maintenance,7221.81,2026-01
COST000019,2026-01-02,Academic,Internet,2480.09,2026-01
COST000020,2026-01-02,Academic,Transport,7782.7,2026-01
COST000021,2026-01-02,Maintenance,Maintenance,11240.93,2026-01
COST000022,2026-01-02,Maintenance,Transport,7135.09,2026-01
COST000023,2026-01-02,Transport,Food,10466.3,2026-01
COST000024,2026-01-02,Transport,Cleaning,4103.14,2026-01
COST000025,2026-01-03,Administration,Internet,3099.08,2026-01
COST000026,2026-01-03,Administration,Transport,7022.25,2026-01
COST000027,2026-01-03,Hostel,Electricity,8867.58,2026-01
COST000028,2026-01-03,Hostel,Cleaning,4182.76,2026-01
COST000029,2026-01-03,Canteen,Water,5579.16,2026-01
COST000030,2026-01-03,Canteen,Food,12560.92,2026-01
COST000031,2026-01-03,Academic,Food,12887.44,2026-01
COST000032,2026-01-03,Academic,Other,3311.67,2026-01
COST000033,2026-01-03,Maintenance,Maintenance,5698.24,2026-01
COST000034,2026-01-03,Maintenance,Other,4136.67,2026-01
COST000035,2026-01-03,Transport,Food,12242.66,2026-01
COST000036,2026-01-03,Transport,Maintenance,7112.31,2026-01
COST000037,2026-01-04,Administration,Other,3385.55,2026-01
COST000038,2026-01-04,Administration,Water,4759.79,2026-01
COST000039,2026-01-04,Hostel,Maintenance,8256.35,2026-01
COST000040,2026-01-04,Hostel,Water,7633.71,2026-01
COST000041,2026-01-04,Canteen,Food,13733.15,2026-01
COST000042,2026-01-04,Canteen,Maintenance,8785.69,2026-01
COST000043,2026-01-04,Academic,Food,12012.45,2026-01
COST000044,2026-01-04,Academic,Water,3755.51,2026-01
COST000045,2026-01-04,Maintenance,Water,5483.09,2026-01
COST000046,2026-01-04,Maintenance,Cleaning,3118.88,2026-01
COST000047,2026-01-04,Transport,Water,4732.95,2026-01
COST000048,2026-01-04,Transport,Food,8396.1,2026-01
COST000049,2026-01-05,Administration,Maintenance,8521.55,2026-01
COST000050,2026-01-05,Administration,Other,3401.17,2026-01
COST000051,2026-01-05,Hostel,Food,8648.64,2026-01
COST000052,2026-01-05,Hostel,Internet,2453.66,2026-01
COST000053,2026-01-05,Canteen,Electricity,14132.72,2026-01
COST000054,2026-01-05,Canteen,Cleaning,2864.95,2026-01
COST000055,2026-01-05,Academic,Internet,3018.56,2026-01
COST000056,2026-01-05,Academic,Transport,6614.24,2026-01
COST000057,2026-01-05,Maintenance,Electricity,12648.43,2026-01
COST000058,2026-01-05,Maintenance,Internet,2254.94,2026-01
COST000059,2026-01-05,Transport,Maintenance,6341.87,2026-01
COST000060,2026-01-05,Transport,Cleaning,4361.81,2026-01
COST000061,2026-01-06,Administration,Food,11579.62,2026-01
COST000062,2026-01-06,Administration,Cleaning,2954.75,2026-01
COST000063,2026-01-06,Hostel,Internet,2482.18,2026-01
COST000064,2026-01-06,Hostel,Electricity,15173.93,2026-01
COST000065,2026-01-06,Canteen,Maintenance,7217.54,2026-01
COST000066,2026-01-06,Canteen,Water,4015.64,2026-01
COST000067,2026-01-06,Academic,Transport,5919.38,2026-01
COST000068,2026-01-06,Academic,Maintenance,8421.27,2026-01
COST000069,2026-01-06,Maintenance,Cleaning,3932.3,2026-01
COST000070,2026-01-06,Maintenance,Transport,7625.1,2026-01
COST000071,2026-01-06,Transport,Other,2831.03,2026-01
COST000072,2026-01-06,Transport,Transport,7122.72,2026-01
COST000073,2026-01-07,Administration,Internet,2168.93,2026-01
COST000074,2026-01-07,Administration,Food,12162.83,2026-01
COST000075,2026-01-07,Hostel,Internet,2482.0,2026-01
COST000076,2026-01-07,Hostel,Water,6536.41,2026-01
COST000077,2026-01-07,Canteen,Other,2746.58,2026-01
COST000078,2026-01-07,Canteen,Electricity,12195.94,2026-01
COST000079,2026-01-07,Academic,Transport,3961.58,2026-01
COST000080,2026-01-07,Academic,Food,13326.87,2026-01
COST000081,2026-01-07,Maintenance,Electricity,12835.2,2026-01
COST000082,2026-01-07,Maintenance,Maintenance,10801.98,2026-01
COST000083,2026-01-07,Transport,Water,4332.87,2026-01
COST000084,2026-01-07,Transport,Cleaning,4323.8,2026-01
COST000085,2026-01-08,Administration,Internet,2817.38,2026-01
COST000086,2026-01-08,Administration,Cleaning,4524.21,2026-01
COST000087,2026-01-08,Hostel,Maintenance,8423.67,2026-01
COST000088,2026-01-08,Hostel,Internet,2989.37,2026-01
COST000089,2026-01-08,Canteen,Electricity,13183.46,2026-01
COST000090,2026-01-08,Canteen,Transport,4540.23,2026-01
COST000091,2026-01-08,Academic,Water,3836.57,2026-01
COST000092,2026-01-08,Academic,Other,3222.03,2026-01
COST000093,2026-01-08,Maintenance,Food,10595.66,2026-01
COST000094,2026-01-08,Maintenance,Water,2839.31,2026-01
COST000095,2026-01-08,Transport,Electricity,12547.19,2026-01
COST000096,2026-01-08,Transport,Cleaning,3072.25,2026-01
COST000097,2026-01-09,Administration,Internet,2321.28,2026-01
COST000098,2026-01-09,Administration,Food,11206.73,2026-01
COST000099,2026-01-09,Hostel,Electricity,15018.01,2026-01
COST000100,2026-01-09,Hostel,Transport,7481.02,2026-01
COST000101,2026-01-09,Canteen,Cleaning,2995.85,2026-01
COST000102,2026-01-09,Canteen,Maintenance,8043.47,2026-01
COST000103,2026-01-09,Academic,Food,10299.39,2026-01
COST000104,2026-01-09,Academic,Transport,8401.29,2026-01
COST000105,2026-01-09,Maintenance,Cleaning,4442.45,2026-01
COST000106,2026-01-09,Maintenance,Transport,9895.46,2026-01
COST000107,2026-01-09,Transport,Electricity,16535.13,2026-01
COST000108,2026-01-09,Transport,Cleaning,4378.88,2026-01
COST000109,2026-01-10,Administration,Cleaning,4452.91,2026-01
COST000110,2026-01-10,Administration,Other,3549.84,2026-01
COST000111,2026-01-10,Hostel,Transport,7527.68,2026-01
COST000112,2026-01-10,Hostel,Maintenance,6567.04,2026-01
COST000113,2026-01-10,Canteen,Food,10716.52,2026-01
COST000114,2026-01-10,Canteen,Internet,2967.64,2026-01
COST000115,2026-01-10,Academic,Internet,3415.47,2026-01
COST000116,2026-01-10,Academic,Water,6099.81,2026-01
COST000117,2026-01-10,Maintenance,Food,15515.37,2026-01
COST000118,2026-01-10,Maintenance,Cleaning,5208.61,2026-01
COST000119,2026-01-10,Transport,Internet,2866.17,2026-01
COST000120,2026-01-10,Transport,Food,12951.82,2026-01
COST000121,2026-01-11,Administration,Transport,7277.06,2026-01
COST000122,2026-01-11,Administration,Water,6809.49,2026-01
COST000123,2026-01-11,Hostel,Water,3499.62,2026-01
COST000124,2026-01-11,Hostel,Maintenance,7414.05,2026-01
COST000125,2026-01-11,Canteen,Electricity,14783.49,2026-01
COST000126,2026-01-11,Canteen,Internet,2675.47,2026-01
COST000127,2026-01-11,Academic,Electricity,13392.22,2026-01
COST000128,2026-01-11,Academic,Transport,5056.95,2026-01
COST000129,2026-01-11,Maintenance,Internet,2415.75,2026-01
COST000130,2026-01-11,Maintenance,Water,4726.96,2026-01
COST000131,2026-01-11,Transport,Cleaning,3867.92,2026-01
COST000132,2026-01-11,Transport,Water,6047.65,2026-01
COST000133,2026-01-12,Administration,Water,4561.7,2026-01
COST000134,2026-01-12,Administration,Cleaning,2094.17,2026-01
COST000135,2026-01-12,Hostel,Maintenance,10018.17,2026-01
COST000136,2026-01-12,Hostel,Electricity,16422.05,2026-01
COST000137,2026-01-12,Canteen,Water,7332.12,2026-01
COST000138,2026-01-12,Canteen,Maintenance,7859.87,2026-01
COST000139,2026-01-12,Academic,Other,2859.99,2026-01
COST000140,2026-01-12,Academic,Food,9336.81,2026-01
COST000141,2026-01-12,Maintenance,Electricity,13773.15,2026-01
COST000142,2026-01-12,Maintenance,Cleaning,3944.2,2026-01
COST000143,2026-01-12,Transport,Cleaning,4447.57,2026-01
COST000144,2026-01-12,Transport,Water,5396.73,2026-01
COST000145,2026-01-13,Administration,Other,2288.16,2026-01
COST000146,2026-01-13,Administration,Cleaning,5691.42,2026-01
COST000147,2026-01-13,Hostel,Other,3569.51,2026-01
COST000148,2026-01-13,Hostel,Food,11813.61,2026-01
COST000149,2026-01-13,Canteen,Food,10781.01,2026-01
COST000150,2026-01-13,Canteen,Water,6086.3,2026-01
COST000151,2026-01-13,Academic,Cleaning,4036.42,2026-01
COST000152,2026-01-13,Academic,Maintenance,8351.64,2026-01
COST000153,2026-01-13,Maintenance,Electricity,14527.0,2026-01
COST000154,2026-01-13,Maintenance,Maintenance,7111.96,2026-01
COST000155,2026-01-13,Transport,Other,3530.7,2026-01
COST000156,2026-01-13,Transport,Cleaning,3978.02,2026-01
COST000157,2026-01-14,Administration,Electricity,15859.89,2026-01
COST000158,2026-01-14,Administration,Transport,4479.7,2026-01
COST000159,2026-01-14,Hostel,Transport,7102.78,2026-01
COST000160,2026-01-14,Hostel,Maintenance,9679.45,2026-01
COST000161,2026-01-14,Canteen,Water,6209.81,2026-01
COST000162,2026-01-14,Canteen,Food,10535.57,2026-01
COST000163,2026-01-14,Academic,Electricity,20635.09,2026-01
COST000164,2026-01-14,Academic,Water,5012.66,2026-01
COST000165,2026-01-14,Maintenance,Internet,1923.18,2026-01
COST000166,2026-01-14,Maintenance,Water,5461.73,2026-01
COST000167,2026-01-14,Transport,Transport,6973.39,2026-01
COST000168,2026-01-14,Transport,Food,13606.27,2026-01
COST000169,2026-01-15,Administration,Internet,2731.5,2026-01
COST000170,2026-01-15,Administration,Transport,8763.88,2026-01
COST000171,2026-01-15,Hostel,Water,4127.38,2026-01
COST000172,2026-01-15,Hostel,Food,12027.43,2026-01
COST000173,2026-01-15,Canteen,Cleaning,3979.24,2026-01
COST000174,2026-01-15,Canteen,Transport,6908.5,2026-01
COST000175,2026-01-15,Academic,Other,3792.38,2026-01
COST000176,2026-01-15,Academic,Water,5247.73,2026-01
COST000177,2026-01-15,Maintenance,Transport,6742.11,2026-01
COST000178,2026-01-15,Maintenance,Other,2439.83,2026-01
COST000179,2026-01-15,Transport,Cleaning,3468.47,2026-01
COST000180,2026-01-15,Transport,Internet,2329.61,2026-01
COST000181,2026-01-16,Administration,Food,13047.59,2026-01
COST000182,2026-01-16,Administration,Maintenance,10933.32,2026-01
COST000183,2026-01-16,Hostel,Maintenance,9896.09,2026-01
COST000184,2026-01-16,Hostel,Transport,6513.88,2026-01
COST000185,2026-01-16,Canteen,Water,5801.14,2026-01
COST000186,2026-01-16,Canteen,Food,8901.72,2026-01
COST000187,2026-01-16,Academic,Electricity,17883.14,2026-01
COST000188,2026-01-16,Academic,Internet,3008.45,2026-01
COST000189,2026-01-16,Maintenance,Transport,8352.67,2026-01
COST000190,2026-01-16,Maintenance,Maintenance,9732.4,2026-01
COST000191,2026-01-16,Transport,Internet,1844.38,2026-01
COST000192,2026-01-16,Transport,Maintenance,7364.48,2026-01
COST000193,2026-01-17,Administration,Food,10277.68,2026-01
COST000194,2026-01-17,Administration,Transport,6739.59,2026-01
COST000195,2026-01-17,Hostel,Electricity,9865.45,2026-01
COST000196,2026-01-17,Hostel,Maintenance,6324.56,2026-01
COST000197,2026-01-17,Canteen,Other,3548.33,2026-01
COST000198,2026-01-17,Canteen,Electricity,13342.78,2026-01
COST000199,2026-01-17,Academic,Other,3277.9,2026-01
COST000200,2026-01-17,Academic,Transport,7131.5,2026-01
COST000201,2026-01-17,Maintenance,Cleaning,3536.35,2026-01
COST000202,2026-01-17,Maintenance,Electricity,10796.54,2026-01
COST000203,2026-01-17,Transport,Electricity,11853.81,2026-01
COST000204,2026-01-17,Transport,Food,13893.22,2026-01
COST000205,2026-01-18,Administration,Water,5865.96,2026-01
COST000206,2026-01-18,Administration,Maintenance,7432.42,2026-01
COST000207,2026-01-18,Hostel,Electricity,14494.48,2026-01
COST000208,2026-01-18,Hostel,Cleaning,3110.64,2026-01
COST000209,2026-01-18,Canteen,Water,4047.07,2026-01
COST000210,2026-01-18,Canteen,Other,2487.43,2026-01
COST000211,2026-01-18,Academic,Cleaning,5027.69,2026-01
COST000212,2026-01-18,Academic,Maintenance,6834.38,2026-01
COST000213,2026-01-18,Maintenance,Cleaning,5300.37,2026-01
COST000214,2026-01-18,Maintenance,Other,3609.16,2026-01
COST000215,2026-01-18,Transport,Cleaning,2648.18,2026-01
COST000216,2026-01-18,Transport,Electricity,18053.02,2026-01
COST000217,2026-01-19,Administration,Maintenance,7256.36,2026-01
COST000218,2026-01-19,Administration,Transport,7409.04,2026-01
COST000219,2026-01-19,Hostel,Food,12303.62,2026-01
COST000220,2026-01-19,Hostel,Maintenance,10656.64,2026-01
COST000221,2026-01-19,Canteen,Maintenance,9064.15,2026-01
COST000222,2026-01-19,Canteen,Water,6208.25,2026-01
COST000223,2026-01-19,Academic,Electricity,10853.14,2026-01
COST000224,2026-01-19,Academic,Transport,7515.33,2026-01
COST000225,2026-01-19,Maintenance,Water,6647.9,2026-01
COST000226,2026-01-19,Maintenance,Maintenance,4951.66,2026-01
COST000227,2026-01-19,Transport,Water,5168.86,2026-01
COST000228,2026-01-19,Transport,Electricity,11943.11,2026-01
COST000229,2026-01-20,Administration,Other,3032.38,2026-01
COST000230,2026-01-20,Administration,Transport,4399.88,2026-01
COST000231,2026-01-20,Hostel,Water,3985.88,2026-01
COST000232,2026-01-20,Hostel,Cleaning,3902.36,2026-01
COST000233,2026-01-20,Canteen,Electricity,14583.62,2026-01
COST000234,2026-01-20,Canteen,Other,2153.29,2026-01
COST000235,2026-01-20,Academic,Electricity,13901.98,2026-01
COST000236,2026-01-20,Academic,Water,5496.54,2026-01
COST000237,2026-01-20,Maintenance,Other,2703.41,2026-01
COST000238,2026-01-20,Maintenance,Electricity,14352.3,2026-01
COST000239,2026-01-20,Transport,Water,5542.43,2026-01
COST000240,2026-01-20,Transport,Transport,7601.72,2026-01
COST000241,2026-01-21,Administration,Electricity,17443.31,2026-01
COST000242,2026-01-21,Administration,Transport,7416.87,2026-01
COST000243,2026-01-21,Hostel,Electricity,17334.51,2026-01
COST000244,2026-01-21,Hostel,Other,2573.0,2026-01
COST000245,2026-01-21,Canteen,Maintenance,8872.79,2026-01
COST000246,2026-01-21,Canteen,Internet,2991.04,2026-01
COST000247,2026-01-21,Academic,Other,4147.72,2026-01
COST000248,2026-01-21,Academic,Water,4727.82,2026-01
COST000249,2026-01-21,Maintenance,Maintenance,6598.88,2026-01
COST000250,2026-01-21,Maintenance,Internet,2754.09,2026-01
COST000251,2026-01-21,Transport,Transport,5498.77,2026-01
COST000252,2026-01-21,Transport,Cleaning,3864.01,2026-01
COST000253,2026-01-22,Administration,Other,2673.52,2026-01
COST000254,2026-01-22,Administration,Transport,6068.19,2026-01
COST000255,2026-01-22,Hostel,Internet,2044.16,2026-01
COST000256,2026-01-22,Hostel,Transport,8787.68,2026-01
COST000257,2026-01-22,Canteen,Electricity,19654.92,2026-01
COST000258,2026-01-22,Canteen,Transport,5796.69,2026-01
COST000259,2026-01-22,Academic,Cleaning,3564.64,2026-01
COST000260,2026-01-22,Academic,Water,4551.01,2026-01
COST000261,2026-01-22,Maintenance,Maintenance,7746.66,2026-01
COST000262,2026-01-22,Maintenance,Transport,8729.44,2026-01
COST000263,2026-01-22,Transport,Transport,7198.73,2026-01
COST000264,2026-01-22,Transport,Internet,1895.32,2026-01
COST000265,2026-01-23,Administration,Food,8047.1,2026-01
COST000266,2026-01-23,Administration,Water,4623.62,2026-01
COST000267,2026-01-23,Hostel,Electricity,17744.44,2026-01
COST000268,2026-01-23,Hostel,Other,2296.08,2026-01
COST000269,2026-01-23,Canteen,Electricity,14354.83,2026-01
COST000270,2026-01-23,Canteen,Maintenance,9095.16,2026-01
COST000271,2026-01-23,Academic,Internet,2624.07,2026-01
COST000272,2026-01-23,Academic,Cleaning,3899.08,2026-01
COST000273,2026-01-23,Maintenance,Water,5622.17,2026-01
COST000274,2026-01-23,Maintenance,Transport,6344.56,2026-01
COST000275,2026-01-23,Transport,Maintenance,5582.29,2026-01
COST000276,2026-01-23,Transport,Transport,7682.49,2026-01
COST000277,2026-01-24,Administration,Internet,2994.1,2026-01
COST000278,2026-01-24,Administration,Food,14090.64,2026-01
COST000279,2026-01-24,Hostel,Other,2893.23,2026-01
COST000280,2026-01-24,Hostel,Internet,2008.19,2026-01
COST000281,2026-01-24,Canteen,Food,9752.98,2026-01
COST000282,2026-01-24,Canteen,Transport,3522.68,2026-01
COST000283,2026-01-24,Academic,Transport,8676.86,2026-01
COST000284,2026-01-24,Academic,Food,12084.77,2026-01
COST000285,2026-01-24,Maintenance,Transport,8125.69,2026-01
COST000286,2026-01-24,Maintenance,Maintenance,8757.17,2026-01
COST000287,2026-01-24,Transport,Cleaning,4297.7,2026-01
COST000288,2026-01-24,Transport,Food,11440.08,2026-01
COST000289,2026-01-25,Administration,Electricity,14749.61,2026-01
COST000290,2026-01-25,Administration,Other,2649.76,2026-01
COST000291,2026-01-25,Hostel,Maintenance,8717.63,2026-01
COST000292,2026-01-25,Hostel,Electricity,16316.22,2026-01
COST000293,2026-01-25,Canteen,Other,3084.24,2026-01
COST000294,2026-01-25,Canteen,Transport,7306.88,2026-01
COST000295,2026-01-25,Academic,Transport,5973.43,2026-01
COST000296,2026-01-25,Academic,Electricity,11012.03,2026-01
COST000297,2026-01-25,Maintenance,Transport,7286.5,2026-01
COST000298,2026-01-25,Maintenance,Cleaning,3781.73,2026-01
COST000299,2026-01-25,Transport,Electricity,18418.16,2026-01
COST000300,2026-01-25,Transport,Maintenance,9686.95,2026-01
COST000301,2026-01-26,Administration,Other,2533.38,2026-01
COST000302,2026-01-26,Administration,Maintenance,10490.61,2026-01
COST000303,2026-01-26,Hostel,Electricity,10707.47,2026-01
COST000304,2026-01-26,Hostel,Food,9152.13,2026-01
COST000305,2026-01-26,Canteen,Internet,3160.02,2026-01
COST000306,2026-01-26,Canteen,Maintenance,7273.11,2026-01
COST000307,2026-01-26,Academic,Internet,2850.94,2026-01
COST000308,2026-01-26,Academic,Cleaning,3280.68,2026-01
COST000309,2026-01-26,Maintenance,Electricity,13803.08,2026-01
COST000310,2026-01-26,Maintenance,Other,2163.98,2026-01
COST000311,2026-01-26,Transport,Cleaning,2916.39,2026-01
COST000312,2026-01-26,Transport,Internet,2158.76,2026-01
COST000313,2026-01-27,Administration,Internet,2633.62,2026-01
COST000314,2026-01-27,Administration,Electricity,11543.44,2026-01
COST000315,2026-01-27,Hostel,Water,7075.81,2026-01
COST000316,2026-01-27,Hostel,Cleaning,3892.32,2026-01
COST000317,2026-01-27,Canteen,Internet,2857.3,2026-01
COST000318,2026-01-27,Canteen,Water,7804.78,2026-01
COST000319,2026-01-27,Academic,Electricity,20241.56,2026-01
COST000320,2026-01-27,Academic,Other,2796.03,2026-01
COST000321,2026-01-27,Maintenance,Internet,1409.72,2026-01
COST000322,2026-01-27,Maintenance,Electricity,16473.24,2026-01
COST000323,2026-01-27,Transport,Cleaning,3920.85,2026-01
COST000324,2026-01-27,Transport,Internet,1919.07,2026-01
COST000325,2026-01-28,Administration,Transport,6811.92,2026-01
COST000326,2026-01-28,Administration,Water,5957.23,2026-01
COST000327,2026-01-28,Hostel,Food,9180.13,2026-01
COST000328,2026-01-28,Hostel,Electricity,12389.37,2026-01
COST000329,2026-01-28,Canteen,Electricity,18551.38,2026-01
COST000330,2026-01-28,Canteen,Transport,8394.78,2026-01
COST000331,2026-01-28,Academic,Water,3331.83,2026-01
COST000332,2026-01-28,Academic,Maintenance,8603.48,2026-01
COST000333,2026-01-28,Maintenance,Food,11413.47,2026-01
COST000334,2026-01-28,Maintenance,Transport,5309.79,2026-01
COST000335,2026-01-28,Transport,Transport,4798.42,2026-01
COST000336,2026-01-28,Transport,Water,6088.13,2026-01
COST000337,2026-01-29,Administration,Transport,8340.23,2026-01
COST000338,2026-01-29,Administration,Cleaning,4331.32,2026-01
COST000339,2026-01-29,Hostel,Water,6399.62,2026-01
COST000340,2026-01-29,Hostel,Transport,7886.58,2026-01
COST000341,2026-01-29,Canteen,Maintenance,7174.63,2026-01
COST000342,2026-01-29,Canteen,Transport,7243.4,2026-01
COST000343,2026-01-29,Academic,Cleaning,4163.27,2026-01
COST000344,2026-01-29,Academic,Maintenance,8223.05,2026-01
COST000345,2026-01-29,Maintenance,Other,2916.02,2026-01
COST000346,2026-01-29,Maintenance,Electricity,14429.29,2026-01
COST000347,2026-01-29,Transport,Maintenance,5562.74,2026-01
COST000348,2026-01-29,Transport,Internet,2968.51,2026-01
COST000349,2026-01-30,Administration,Cleaning,5562.35,2026-01
COST000350,2026-01-30,Administration,Water,7092.94,2026-01
COST000351,2026-01-30,Hostel,Other,1659.6,2026-01
COST000352,2026-01-30,Hostel,Internet,2661.69,2026-01
COST000353,2026-01-30,Canteen,Internet,3073.54,2026-01
COST000354,2026-01-30,Canteen,Cleaning,3637.84,2026-01
COST000355,2026-01-30,Academic,Water,5799.38,2026-01
COST000356,2026-01-30,Academic,Food,10706.19,2026-01
COST000357,2026-01-30,Maintenance,Electricity,6789.44,2026-01
COST000358,2026-01-30,Maintenance,Food,13279.35,2026-01
COST000359,2026-01-30,Transport,Water,5545.76,2026-01
COST000360,2026-01-30,Transport,Internet,2750.99,2026-01
COST000361,2026-01-31,Administration,Maintenance,8558.1,2026-01
COST000362,2026-01-31,Administration,Electricity,11671.75,2026-01
COST000363,2026-01-31,Hostel,Cleaning,4273.38,2026-01
COST000364,2026-01-31,Hostel,Water,4543.59,2026-01
COST000365,2026-01-31,Canteen,Water,4825.74,2026-01
COST000366,2026-01-31,Canteen,Other,2038.94,2026-01
COST000367,2026-01-31,Academic,Other,3730.05,2026-01
COST000368,2026-01-31,Academic,Cleaning,4744.8,2026-01
COST000369,2026-01-31,Maintenance,Cleaning,3787.89,2026-01
COST000370,2026-01-31,Maintenance,Food,10330.59,2026-01
COST000371,2026-01-31,Transport,Other,3154.35,2026-01
COST000372,2026-01-31,Transport,Transport,8224.84,2026-01
COST000373,2026-02-01,Administration,Other,2892.71,2026-02
COST000374,2026-02-01,Administration,Electricity,13297.23,2026-02
COST000375,2026-02-01,Hostel,Water,5566.38,2026-02
COST000376,2026-02-01,Hostel,Cleaning,5032.98,2026-02
COST000377,2026-02-01,Canteen,Internet,2510.82,2026-02
COST000378,2026-02-01,Canteen,Maintenance,6290.45,2026-02
COST000379,2026-02-01,Academic,Transport,7110.9,2026-02
COST000380,2026-02-01,Academic,Food,10205.04,2026-02
COST000381,2026-02-01,Maintenance,Other,4007.11,2026-02
COST000382,2026-02-01,Maintenance,Water,5415.0,2026-02
COST000383,2026-02-01,Transport,Other,2908.8,2026-02
COST000384,2026-02-01,Transport,Transport,6706.8,2026-02
COST000385,2026-02-02,Administration,Electricity,13051.8,2026-02
COST000386,2026-02-02,Administration,Cleaning,4841.83,2026-02
COST000387,2026-02-02,Hostel,Maintenance,8365.45,2026-02
COST000388,2026-02-02,Hostel,Other,3516.89,2026-02
COST000389,2026-02-02,Canteen,Maintenance,6756.99,2026-02
COST000390,2026-02-02,Canteen,Water,7424.46,2026-02
COST000391,2026-02-02,Academic,Internet,2410.36,2026-02
COST000392,2026-02-02,Academic,Electricity,15107.63,2026-02
COST000393,2026-02-02,Maintenance,Transport,9581.98,2026-02
COST000394,2026-02-02,Maintenance,Maintenance,10186.67,2026-02
COST000395,2026-02-02,Transport,Electricity,13723.99,2026-02
COST000396,2026-02-02,Transport,Internet,2712.11,2026-02
COST000397,2026-02-03,Administration,Food,11194.72,2026-02
COST000398,2026-02-03,Administration,Water,5839.66,2026-02
COST000399,2026-02-03,Hostel,Maintenance,8695.19,2026-02
COST000400,2026-02-03,Hostel,Electricity,15142.54,2026-02
COST000401,2026-02-03,Canteen,Maintenance,9343.36,2026-02
COST000402,2026-02-03,Canteen,Internet,1845.87,2026-02
COST000403,2026-02-03,Academic,Maintenance,7018.55,2026-02
COST000404,2026-02-03,Academic,Internet,2570.88,2026-02
COST000405,2026-02-03,Maintenance,Maintenance,7259.22,2026-02
COST000406,2026-02-03,Maintenance,Transport,7486.46,2026-02
COST000407,2026-02-03,Transport,Other,3913.0,2026-02
COST000408,2026-02-03,Transport,Electricity,13984.67,2026-02
COST000409,2026-02-04,Administration,Water,4956.47,2026-02
COST000410,2026-02-04,Administration,Electricity,10888.48,2026-02
COST000411,2026-02-04,Hostel,Internet,2160.27,2026-02
COST000412,2026-02-04,Hostel,Transport,6669.8,2026-02
COST000413,2026-02-04,Canteen,Internet,2745.22,2026-02
COST000414,2026-02-04,Canteen,Transport,5538.78,2026-02
COST000415,2026-02-04,Academic,Electricity,15331.31,2026-02
COST000416,2026-02-04,Academic,Other,3387.9,2026-02
COST000417,2026-02-04,Maintenance,Transport,4874.97,2026-02
COST000418,2026-02-04,Maintenance,Water,4218.42,2026-02
COST000419,2026-02-04,Transport,Cleaning,2995.92,2026-02
COST000420,2026-02-04,Transport,Other,2046.45,2026-02
COST000421,2026-02-05,Administration,Internet,2694.07,2026-02
COST000422,2026-02-05,Administration,Water,4459.37,2026-02
COST000423,2026-02-05,Hostel,Internet,2121.19,2026-02
COST000424,2026-02-05,Hostel,Maintenance,6627.47,2026-02
COST000425,2026-02-05,Canteen,Maintenance,9773.45,2026-02
COST000426,2026-02-05,Canteen,Cleaning,4839.96,2026-02
COST000427,2026-02-05,Academic,Electricity,17341.01,2026-02
COST000428,2026-02-05,Academic,Transport,8459.51,2026-02
COST000429,2026-02-05,Maintenance,Electricity,16537.15,2026-02
COST000430,2026-02-05,Maintenance,Other,2351.78,2026-02
COST000431,2026-02-05,Transport,Cleaning,4338.97,2026-02
COST000432,2026-02-05,Transport,Electricity,14230.21,2026-02
COST000433,2026-02-06,Administration,Other,2562.92,2026-02
COST000434,2026-02-06,Administration,Transport,4275.28,2026-02
COST000435,2026-02-06,Hostel,Water,4119.11,2026-02
COST000436,2026-02-06,Hostel,Other,2265.96,2026-02
COST000437,2026-02-06,Canteen,Water,3187.76,2026-02
COST000438,2026-02-06,Canteen,Maintenance,9732.74,2026-02
COST000439,2026-02-06,Academic,Other,2131.58,2026-02
COST000440,2026-02-06,Academic,Cleaning,4412.19,2026-02
COST000441,2026-02-06,Maintenance,Food,12437.48,2026-02
COST000442,2026-02-06,Maintenance,Maintenance,7702.86,2026-02
COST000443,2026-02-06,Transport,Internet,2564.95,2026-02
COST000444,2026-02-06,Transport,Cleaning,4323.5,2026-02
COST000445,2026-02-07,Administration,Food,11875.5,2026-02
COST000446,2026-02-07,Administration,Internet,2779.58,2026-02
COST000447,2026-02-07,Hostel,Electricity,13891.95,2026-02
COST000448,2026-02-07,Hostel,Water,5551.6,2026-02
COST000449,2026-02-07,Canteen,Food,12580.51,2026-02
COST000450,2026-02-07,Canteen,Transport,6211.32,2026-02
COST000451,2026-02-07,Academic,Cleaning,4399.61,2026-02
COST000452,2026-02-07,Academic,Internet,2874.79,2026-02
COST000453,2026-02-07,Maintenance,Internet,2599.75,2026-02
COST000454,2026-02-07,Maintenance,Water,4657.21,2026-02
COST000455,2026-02-07,Transport,Maintenance,8669.89,2026-02
COST000456,2026-02-07,Transport,Other,2491.23,2026-02
COST000457,2026-02-08,Administration,Electricity,16070.29,2026-02
COST000458,2026-02-08,Administration,Water,3539.65,2026-02
COST000459,2026-02-08,Hostel,Other,2555.51,2026-02
COST000460,2026-02-08,Hostel,Cleaning,4812.66,2026-02
COST000461,2026-02-08,Canteen,Food,13366.86,2026-02
COST000462,2026-02-08,Canteen,Electricity,13158.62,2026-02
COST000463,2026-02-08,Academic,Food,7352.28,2026-02
COST000464,2026-02-08,Academic,Electricity,16769.32,2026-02
COST000465,2026-02-08,Maintenance,Maintenance,9934.24,2026-02
COST000466,2026-02-08,Maintenance,Internet,2641.07,2026-02
COST000467,2026-02-08,Transport,Food,12871.47,2026-02
COST000468,2026-02-08,Transport,Water,5214.98,2026-02
COST000469,2026-02-09,Administration,Cleaning,3691.8,2026-02
COST000470,2026-02-09,Administration,Maintenance,9233.1,2026-02
COST000471,2026-02-09,Hostel,Water,5572.76,2026-02
COST000472,2026-02-09,Hostel,Electricity,14584.4,2026-02
COST000473,2026-02-09,Canteen,Maintenance,8845.54,2026-02
COST000474,2026-02-09,Canteen,Food,10389.48,2026-02
COST000475,2026-02-09,Academic,Water,4530.67,2026-02
COST000476,2026-02-09,Academic,Transport,11409.51,2026-02
COST000477,2026-02-09,Maintenance,Internet,2818.46,2026-02
COST000478,2026-02-09,Maintenance,Other,3225.74,2026-02
COST000479,2026-02-09,Transport,Water,5076.5,2026-02
COST000480,2026-02-09,Transport,Electricity,14137.65,2026-02
COST000481,2026-02-10,Administration,Food,7369.91,2026-02
COST000482,2026-02-10,Administration,Other,2996.3,2026-02
COST000483,2026-02-10,Hostel,Cleaning,4211.35,2026-02
COST000484,2026-02-10,Hostel,Internet,2391.93,2026-02
COST000485,2026-02-10,Canteen,Water,3893.44,2026-02
COST000486,2026-02-10,Canteen,Cleaning,4286.3,2026-02
COST000487,2026-02-10,Academic,Transport,4840.3,2026-02
COST000488,2026-02-10,Academic,Maintenance,5928.4,2026-02
COST000489,2026-02-10,Maintenance,Transport,6569.27,2026-02
COST000490,2026-02-10,Maintenance,Cleaning,4674.85,2026-02
COST000491,2026-02-10,Transport,Internet,2758.78,2026-02
COST000492,2026-02-10,Transport,Water,3561.42,2026-02
COST000493,2026-02-11,Administration,Cleaning,2330.32,2026-02
COST000494,2026-02-11,Administration,Internet,3364.5,2026-02
COST000495,2026-02-11,Hostel,Maintenance,9142.3,2026-02
COST000496,2026-02-11,Hostel,Transport,8628.7,2026-02
COST000497,2026-02-11,Canteen,Maintenance,6897.02,2026-02
COST000498,2026-02-11,Canteen,Cleaning,4631.49,2026-02
COST000499,2026-02-11,Academic,Water,4944.97,2026-02
COST000500,2026-02-11,Academic,Internet,3733.71,2026-02
COST000501,2026-02-11,Maintenance,Internet,2156.09,2026-02
COST000502,2026-02-11,Maintenance,Other,2660.46,2026-02
COST000503,2026-02-11,Transport,Water,5224.47,2026-02
COST000504,2026-02-11,Transport,Transport,5485.36,2026-02
COST000505,2026-02-12,Administration,Water,6426.02,2026-02
COST000506,2026-02-12,Administration,Internet,2415.94,2026-02
COST000507,2026-02-12,Hostel,Other,3936.32,2026-02
COST000508,2026-02-12,Hostel,Food,10239.84,2026-02
COST000509,2026-02-12,Canteen,Transport,7043.84,2026-02
COST000510,2026-02-12,Canteen,Electricity,17760.73,2026-02
COST000511,2026-02-12,Academic,Maintenance,8650.39,2026-02
COST000512,2026-02-12,Academic,Electricity,10269.06,2026-02
COST000513,2026-02-12,Maintenance,Electricity,18459.13,2026-02
COST000514,2026-02-12,Maintenance,Internet,2634.0,2026-02
COST000515,2026-02-12,Transport,Electricity,15307.9,2026-02
COST000516,2026-02-12,Transport,Other,1999.15,2026-02
COST000517,2026-02-13,Administration,Water,3586.11,2026-02
COST000518,2026-02-13,Administration,Internet,2366.36,2026-02
COST000519,2026-02-13,Hostel,Other,3860.96,2026-02
COST000520,2026-02-13,Hostel,Water,4639.34,2026-02
COST000521,2026-02-13,Canteen,Transport,7652.7,2026-02
COST000522,2026-02-13,Canteen,Food,11013.46,2026-02
COST000523,2026-02-13,Academic,Cleaning,2841.64,2026-02
COST000524,2026-02-13,Academic,Transport,9676.07,2026-02
COST000525,2026-02-13,Maintenance,Electricity,16230.93,2026-02
COST000526,2026-02-13,Maintenance,Transport,7583.7,2026-02
COST000527,2026-02-13,Transport,Water,4094.19,2026-02
COST000528,2026-02-13,Transport,Transport,11090.74,2026-02
COST000529,2026-02-14,Administration,Maintenance,9740.13,2026-02
COST000530,2026-02-14,Administration,Electricity,17709.56,2026-02
COST000531,2026-02-14,Hostel,Water,4863.75,2026-02
COST000532,2026-02-14,Hostel,Other,3029.41,2026-02
COST000533,2026-02-14,Canteen,Food,16360.96,2026-02
COST000534,2026-02-14,Canteen,Maintenance,7185.22,2026-02
COST000535,2026-02-14,Academic,Electricity,12369.35,2026-02
COST000536,2026-02-14,Academic,Food,15000.45,2026-02
COST000537,2026-02-14,Maintenance,Internet,2202.98,2026-02
COST000538,2026-02-14,Maintenance,Food,10691.87,2026-02
COST000539,2026-02-14,Transport,Electricity,15081.5,2026-02
COST000540,2026-02-14,Transport,Internet,3527.91,2026-02
COST000541,2026-02-15,Administration,Cleaning,3303.52,2026-02
COST000542,2026-02-15,Administration,Food,10646.33,2026-02
COST000543,2026-02-15,Hostel,Water,5352.54,2026-02
COST000544,2026-02-15,Hostel,Food,10042.6,2026-02
COST000545,2026-02-15,Canteen,Internet,1738.62,2026-02
COST000546,2026-02-15,Canteen,Cleaning,2530.57,2026-02
COST000547,2026-02-15,Academic,Electricity,14592.63,2026-02
COST000548,2026-02-15,Academic,Cleaning,3070.52,2026-02
COST000549,2026-02-15,Maintenance,Electricity,11837.82,2026-02
COST000550,2026-02-15,Maintenance,Internet,2679.39,2026-02
COST000551,2026-02-15,Transport,Food,14628.75,2026-02
COST000552,2026-02-15,Transport,Internet,1642.16,2026-02
COST000553,2026-02-16,Administration,Internet,2323.6,2026-02
COST000554,2026-02-16,Administration,Transport,7199.79,2026-02
COST000555,2026-02-16,Hostel,Other,2449.47,2026-02
COST000556,2026-02-16,Hostel,Transport,8992.02,2026-02
COST000557,2026-02-16,Canteen,Internet,2763.26,2026-02
COST000558,2026-02-16,Canteen,Transport,8929.07,2026-02
COST000559,2026-02-16,Academic,Cleaning,3432.35,2026-02
COST000560,2026-02-16,Academic,Food,15445.79,2026-02
COST000561,2026-02-16,Maintenance,Internet,2534.99,2026-02
COST000562,2026-02-16,Maintenance,Cleaning,5644.18,2026-02
COST000563,2026-02-16,Transport,Cleaning,3721.92,2026-02
COST000564,2026-02-16,Transport,Internet,2237.55,2026-02
COST000565,2026-02-17,Administration,Other,2937.32,2026-02
COST000566,2026-02-17,Administration,Maintenance,8306.19,2026-02
COST000567,2026-02-17,Hostel,Maintenance,9224.67,2026-02
COST000568,2026-02-17,Hostel,Electricity,13438.77,2026-02
COST000569,2026-02-17,Canteen,Other,3210.83,2026-02
COST000570,2026-02-17,Canteen,Food,10449.95,2026-02
COST000571,2026-02-17,Academic,Internet,3002.13,2026-02
COST000572,2026-02-17,Academic,Cleaning,3200.36,2026-02
COST000573,2026-02-17,Maintenance,Other,2957.68,2026-02
COST000574,2026-02-17,Maintenance,Maintenance,7124.86,2026-02
COST000575,2026-02-17,Transport,Internet,2069.1,2026-02
COST000576,2026-02-17,Transport,Other,2888.66,2026-02
COST000577,2026-02-18,Administration,Electricity,10162.74,2026-02
COST000578,2026-02-18,Administration,Maintenance,6765.83,2026-02
COST000579,2026-02-18,Hostel,Maintenance,7752.31,2026-02
COST000580,2026-02-18,Hostel,Internet,1515.63,2026-02
COST000581,2026-02-18,Canteen,Internet,2036.1,2026-02
COST000582,2026-02-18,Canteen,Electricity,8850.44,2026-02
COST000583,2026-02-18,Academic,Food,10289.65,2026-02
COST000584,2026-02-18,Academic,Water,7406.4,2026-02
COST000585,2026-02-18,Maintenance,Food,14553.78,2026-02
COST000586,2026-02-18,Maintenance,Cleaning,3284.67,2026-02
COST000587,2026-02-18,Transport,Transport,8773.5,2026-02
COST000588,2026-02-18,Transport,Electricity,16297.28,2026-02
COST000589,2026-02-19,Administration,Internet,2961.57,2026-02
COST000590,2026-02-19,Administration,Water,4502.94,2026-02
COST000591,2026-02-19,Hostel,Food,11739.03,2026-02
COST000592,2026-02-19,Hostel,Other,2450.47,2026-02
COST000593,2026-02-19,Canteen,Internet,2985.76,2026-02
COST000594,2026-02-19,Canteen,Other,1614.53,2026-02
COST000595,2026-02-19,Academic,Water,4849.22,2026-02
COST000596,2026-02-19,Academic,Cleaning,3267.52,2026-02
COST000597,2026-02-19,Maintenance,Maintenance,8728.85,2026-02
COST000598,2026-02-19,Maintenance,Water,4480.82,2026-02
COST000599,2026-02-19,Transport,Cleaning,3907.71,2026-02
COST000600,2026-02-19,Transport,Electricity,17639.66,2026-02
COST000601,2026-02-20,Administration,Electricity,16559.45,2026-02
COST000602,2026-02-20,Administration,Cleaning,5211.32,2026-02
COST000603,2026-02-20,Hostel,Other,3236.67,2026-02
COST000604,2026-02-20,Hostel,Internet,2738.86,2026-02
COST000605,2026-02-20,Canteen,Transport,8114.3,2026-02
COST000606,2026-02-20,Canteen,Food,8803.48,2026-02
COST000607,2026-02-20,Academic,Other,2619.88,2026-02
COST000608,2026-02-20,Academic,Water,4371.35,2026-02
COST000609,2026-02-20,Maintenance,Cleaning,4541.15,2026-02
COST000610,2026-02-20,Maintenance,Maintenance,9691.95,2026-02
COST000611,2026-02-20,Transport,Transport,7600.77,2026-02
COST000612,2026-02-20,Transport,Water,5949.18,2026-02
COST000613,2026-02-21,Administration,Transport,5603.18,2026-02
COST000614,2026-02-21,Administration,Other,1977.11,2026-02
COST000615,2026-02-21,Hostel,Water,6598.7,2026-02
COST000616,2026-02-21,Hostel,Other,4013.04,2026-02
COST000617,2026-02-21,Canteen,Other,2880.7,2026-02
COST000618,2026-02-21,Canteen,Water,6564.16,2026-02
COST000619,2026-02-21,Academic,Food,15113.58,2026-02
COST000620,2026-02-21,Academic,Cleaning,2803.5,2026-02
COST000621,2026-02-21,Maintenance,Water,4267.98,2026-02
COST000622,2026-02-21,Maintenance,Transport,5009.52,2026-02
COST000623,2026-02-21,Transport,Internet,2329.27,2026-02
COST000624,2026-02-21,Transport,Other,2335.3,2026-02
COST000625,2026-02-22,Administration,Electricity,13761.67,2026-02
COST000626,2026-02-22,Administration,Transport,6897.2,2026-02
COST000627,2026-02-22,Hostel,Transport,5910.08,2026-02
COST000628,2026-02-22,Hostel,Internet,2301.29,2026-02
COST000629,2026-02-22,Canteen,Cleaning,3666.72,2026-02
COST000630,2026-02-22,Canteen,Other,2456.82,2026-02
COST000631,2026-02-22,Academic,Other,3171.15,2026-02
COST000632,2026-02-22,Academic,Water,5107.6,2026-02
COST000633,2026-02-22,Maintenance,Food,15316.64,2026-02
COST000634,2026-02-22,Maintenance,Electricity,16434.77,2026-02
COST000635,2026-02-22,Transport,Food,14566.8,2026-02
COST000636,2026-02-22,Transport,Other,2507.08,2026-02
COST000637,2026-02-23,Administration,Internet,2123.16,2026-02
COST000638,2026-02-23,Administration,Maintenance,7615.44,2026-02
COST000639,2026-02-23,Hostel,Water,6665.31,2026-02
COST000640,2026-02-23,Hostel,Internet,2456.72,2026-02
COST000641,2026-02-23,Canteen,Food,10712.41,2026-02
COST000642,2026-02-23,Canteen,Transport,7364.03,2026-02
COST000643,2026-02-23,Academic,Food,13275.61,2026-02
COST000644,2026-02-23,Academic,Transport,4487.37,2026-02
COST000645,2026-02-23,Maintenance,Food,15319.77,2026-02
COST000646,2026-02-23,Maintenance,Electricity,16879.44,2026-02
COST000647,2026-02-23,Transport,Food,14155.95,2026-02
COST000648,2026-02-23,Transport,Transport,7642.07,2026-02
COST000649,2026-02-24,Administration,Internet,2124.93,2026-02
COST000650,2026-02-24,Administration,Other,4025.15,2026-02
COST000651,2026-02-24,Hostel,Internet,2177.9,2026-02
COST000652,2026-02-24,Hostel,Maintenance,6067.46,2026-02
COST000653,2026-02-24,Canteen,Water,6315.68,2026-02
COST000654,2026-02-24,Canteen,Maintenance,9590.55,2026-02
COST000655,2026-02-24,Academic,Food,13549.48,2026-02
COST000656,2026-02-24,Academic,Cleaning,4796.48,2026-02
COST000657,2026-02-24,Maintenance,Cleaning,4093.34,2026-02
COST000658,2026-02-24,Maintenance,Water,5334.85,2026-02
COST000659,2026-02-24,Transport,Water,6419.64,2026-02
COST000660,2026-02-24,Transport,Food,10686.13,2026-02
COST000661,2026-02-25,Administration,Maintenance,6918.98,2026-02
COST000662,2026-02-25,Administration,Cleaning,4339.75,2026-02
COST000663,2026-02-25,Hostel,Maintenance,6222.25,2026-02
COST000664,2026-02-25,Hostel,Electricity,11565.76,2026-02
COST000665,2026-02-25,Canteen,Electricity,10148.83,2026-02
COST000666,2026-02-25,Canteen,Cleaning,3430.12,2026-02
COST000667,2026-02-25,Academic,Maintenance,9448.31,2026-02
COST000668,2026-02-25,Academic,Cleaning,4585.09,2026-02
COST000669,2026-02-25,Maintenance,Internet,2282.01,2026-02
COST000670,2026-02-25,Maintenance,Transport,3973.85,2026-02
COST000671,2026-02-25,Transport,Cleaning,2636.01,2026-02
COST000672,2026-02-25,Transport,Electricity,18893.83,2026-02
COST000673,2026-02-26,Administration,Food,9944.57,2026-02
COST000674,2026-02-26,Administration,Internet,2000.72,2026-02
COST000675,2026-02-26,Hostel,Internet,3214.43,2026-02
COST000676,2026-02-26,Hostel,Food,11052.81,2026-02
COST000677,2026-02-26,Canteen,Transport,8535.07,2026-02
COST000678,2026-02-26,Canteen,Food,14792.85,2026-02
COST000679,2026-02-26,Academic,Transport,8574.85,2026-02
COST000680,2026-02-26,Academic,Internet,1830.81,2026-02
COST000681,2026-02-26,Maintenance,Transport,9181.25,2026-02
COST000682,2026-02-26,Maintenance,Cleaning,4505.54,2026-02
COST000683,2026-02-26,Transport,Food,13528.55,2026-02
COST000684,2026-02-26,Transport,Water,4810.13,2026-02
COST000685,2026-02-27,Administration,Water,5306.8,2026-02
COST000686,2026-02-27,Administration,Food,10776.06,2026-02
COST000687,2026-02-27,Hostel,Transport,6897.49,2026-02
COST000688,2026-02-27,Hostel,Maintenance,8451.36,2026-02
COST000689,2026-02-27,Canteen,Internet,2552.71,2026-02
COST000690,2026-02-27,Canteen,Food,9682.34,2026-02
COST000691,2026-02-27,Academic,Internet,2701.2,2026-02
COST000692,2026-02-27,Academic,Food,13179.34,2026-02
COST000693,2026-02-27,Maintenance,Water,5195.87,2026-02
COST000694,2026-02-27,Maintenance,Electricity,16876.28,2026-02
COST000695,2026-02-27,Transport,Cleaning,5351.71,2026-02
COST000696,2026-02-27,Transport,Internet,1818.29,2026-02
COST000697,2026-02-28,Administration,Other,2178.13,2026-02
COST000698,2026-02-28,Administration,Cleaning,3856.71,2026-02
COST000699,2026-02-28,Hostel,Maintenance,7154.15,2026-02
COST000700,2026-02-28,Hostel,Cleaning,3653.79,2026-02
COST000701,2026-02-28,Canteen,Cleaning,5622.02,2026-02
COST000702,2026-02-28,Canteen,Internet,1934.46,2026-02
COST000703,2026-02-28,Academic,Cleaning,4253.67,2026-02
COST000704,2026-02-28,Academic,Maintenance,10699.77,2026-02
COST000705,2026-02-28,Maintenance,Food,12219.24,2026-02
COST000706,2026-02-28,Maintenance,Other,3205.33,2026-02
COST000707,2026-02-28,Transport,Internet,3027.93,2026-02
COST000708,2026-02-28,Transport,Electricity,19053.43,2026-02
COST000709,2026-03-01,Administration,Transport,9038.94,2026-03
COST000710,2026-03-01,Administration,Food,10486.11,2026-03
COST000711,2026-03-01,Hostel,Food,15081.83,2026-03
COST000712,2026-03-01,Hostel,Cleaning,4926.56,2026-03
COST000713,2026-03-01,Canteen,Cleaning,4499.56,2026-03
COST000714,2026-03-01,Canteen,Internet,1611.58,2026-03
COST000715,2026-03-01,Academic,Water,4322.19,2026-03
COST000716,2026-03-01,Academic,Cleaning,3225.01,2026-03
COST000717,2026-03-01,Maintenance,Internet,2628.89,2026-03
COST000718,2026-03-01,Maintenance,Transport,5729.16,2026-03
COST000719,2026-03-01,Transport,Cleaning,3414.48,2026-03
COST000720,2026-03-01,Transport,Food,10868.66,2026-03
COST000721,2026-03-02,Administration,Food,9736.17,2026-03
COST000722,2026-03-02,Administration,Maintenance,8164.11,2026-03
COST000723,2026-03-02,Hostel,Electricity,16119.25,2026-03
COST000724,2026-03-02,Hostel,Internet,2084.6,2026-03
COST000725,2026-03-02,Canteen,Other,2894.56,2026-03
COST000726,2026-03-02,Canteen,Food,13902.49,2026-03
COST000727,2026-03-02,Academic,Electricity,11448.05,2026-03
COST000728,2026-03-02,Academic,Maintenance,7592.42,2026-03
COST000729,2026-03-02,Maintenance,Internet,2833.38,2026-03
COST000730,2026-03-02,Maintenance,Maintenance,8369.75,2026-03
COST000731,2026-03-02,Transport,Maintenance,8120.16,2026-03
COST000732,2026-03-02,Transport,Electricity,15376.87,2026-03
COST000733,2026-03-03,Administration,Maintenance,11198.67,2026-03
COST000734,2026-03-03,Administration,Transport,7111.55,2026-03
COST000735,2026-03-03,Hostel,Maintenance,6797.42,2026-03
COST000736,2026-03-03,Hostel,Cleaning,5478.49,2026-03
COST000737,2026-03-03,Canteen,Water,5884.64,2026-03
COST000738,2026-03-03,Canteen,Cleaning,4658.77,2026-03
COST000739,2026-03-03,Academic,Electricity,21031.08,2026-03
COST000740,2026-03-03,Academic,Food,11972.71,2026-03
COST000741,2026-03-03,Maintenance,Other,2757.82,2026-03
COST000742,2026-03-03,Maintenance,Water,5584.18,2026-03
COST000743,2026-03-03,Transport,Cleaning,5190.26,2026-03
COST000744,2026-03-03,Transport,Water,5379.04,2026-03
COST000745,2026-03-04,Administration,Food,11056.14,2026-03
COST000746,2026-03-04,Administration,Cleaning,5014.69,2026-03
COST000747,2026-03-04,Hostel,Food,12002.06,2026-03
COST000748,2026-03-04,Hostel,Internet,2653.47,2026-03
COST000749,2026-03-04,Canteen,Food,13539.09,2026-03
COST000750,2026-03-04,Canteen,Maintenance,6811.14,2026-03
COST000751,2026-03-04,Academic,Maintenance,6194.81,2026-03
COST000752,2026-03-04,Academic,Cleaning,5255.39,2026-03
COST000753,2026-03-04,Maintenance,Food,13076.25,2026-03
COST000754,2026-03-04,Maintenance,Water,5814.23,2026-03
COST000755,2026-03-04,Transport,Maintenance,5673.09,2026-03
COST000756,2026-03-04,Transport,Internet,2640.79,2026-03
COST000757,2026-03-05,Administration,Transport,6772.43,2026-03
COST000758,2026-03-05,Administration,Water,3613.78,2026-03
COST000759,2026-03-05,Hostel,Other,2865.35,2026-03
COST000760,2026-03-05,Hostel,Food,10818.03,2026-03
COST000761,2026-03-05,Canteen,Electricity,15525.49,2026-03
COST000762,2026-03-05,Canteen,Cleaning,4257.97,2026-03
COST000763,2026-03-05,Academic,Water,4708.48,2026-03
COST000764,2026-03-05,Academic,Transport,4319.98,2026-03
COST000765,2026-03-05,Maintenance,Food,14941.33,2026-03
COST000766,2026-03-05,Maintenance,Water,5373.14,2026-03
COST000767,2026-03-05,Transport,Other,2697.25,2026-03
COST000768,2026-03-05,Transport,Cleaning,4891.88,2026-03
COST000769,2026-03-06,Administration,Electricity,19295.54,2026-03
COST000770,2026-03-06,Administration,Cleaning,2588.21,2026-03
COST000771,2026-03-06,Hostel,Cleaning,3652.13,2026-03
COST000772,2026-03-06,Hostel,Food,10150.41,2026-03
COST000773,2026-03-06,Canteen,Cleaning,4485.78,2026-03
COST000774,2026-03-06,Canteen,Internet,3382.12,2026-03
COST000775,2026-03-06,Academic,Water,4598.39,2026-03
COST000776,2026-03-06,Academic,Maintenance,11368.11,2026-03
COST000777,2026-03-06,Maintenance,Cleaning,5734.83,2026-03
COST000778,2026-03-06,Maintenance,Water,4038.96,2026-03
COST000779,2026-03-06,Transport,Maintenance,9444.97,2026-03
COST000780,2026-03-06,Transport,Other,3692.39,2026-03
COST000781,2026-03-07,Administration,Electricity,22408.29,2026-03
COST000782,2026-03-07,Administration,Water,5430.26,2026-03
COST000783,2026-03-07,Hostel,Maintenance,6460.1,2026-03
COST000784,2026-03-07,Hostel,Transport,6192.21,2026-03
COST000785,2026-03-07,Canteen,Transport,7044.53,2026-03
COST000786,2026-03-07,Canteen,Food,11078.66,2026-03
COST000787,2026-03-07,Academic,Internet,2759.69,2026-03
COST000788,2026-03-07,Academic,Maintenance,6838.18,2026-03
COST000789,2026-03-07,Maintenance,Cleaning,4903.82,2026-03
COST000790,2026-03-07,Maintenance,Maintenance,7375.66,2026-03
COST000791,2026-03-07,Transport,Other,3580.57,2026-03
COST000792,2026-03-07,Transport,Transport,5909.58,2026-03
COST000793,2026-03-08,Administration,Internet,4099.01,2026-03
COST000794,2026-03-08,Administration,Maintenance,7341.51,2026-03
COST000795,2026-03-08,Hostel,Internet,2982.4,2026-03
COST000796,2026-03-08,Hostel,Cleaning,4416.23,2026-03
COST000797,2026-03-08,Canteen,Electricity,15851.38,2026-03
COST000798,2026-03-08,Canteen,Transport,6757.01,2026-03
COST000799,2026-03-08,Academic,Other,3574.97,2026-03
COST000800,2026-03-08,Academic,Food,11567.26,2026-03
COST000801,2026-03-08,Maintenance,Cleaning,2673.43,2026-03
COST000802,2026-03-08,Maintenance,Electricity,16519.77,2026-03
COST000803,2026-03-08,Transport,Electricity,12555.29,2026-03
COST000804,2026-03-08,Transport,Other,2943.26,2026-03
COST000805,2026-03-09,Administration,Food,9990.42,2026-03
COST000806,2026-03-09,Administration,Cleaning,2495.31,2026-03
COST000807,2026-03-09,Hostel,Water,6136.61,2026-03
COST000808,2026-03-09,Hostel,Maintenance,6854.15,2026-03
COST000809,2026-03-09,Canteen,Transport,6493.69,2026-03
COST000810,2026-03-09,Canteen,Electricity,20433.47,2026-03
COST000811,2026-03-09,Academic,Water,6536.49,2026-03
COST000812,2026-03-09,Academic,Transport,10020.94,2026-03
COST000813,2026-03-09,Maintenance,Maintenance,10342.55,2026-03
COST000814,2026-03-09,Maintenance,Transport,5878.05,2026-03
COST000815,2026-03-09,Transport,Cleaning,4106.73,2026-03
COST000816,2026-03-09,Transport,Other,2349.43,2026-03
COST000817,2026-03-10,Administration,Cleaning,5081.79,2026-03
COST000818,2026-03-10,Administration,Other,4725.99,2026-03
COST000819,2026-03-10,Hostel,Maintenance,10659.62,2026-03
COST000820,2026-03-10,Hostel,Internet,2056.04,2026-03
COST000821,2026-03-10,Canteen,Food,11073.92,2026-03
COST000822,2026-03-10,Canteen,Transport,7187.37,2026-03
COST000823,2026-03-10,Academic,Cleaning,5133.47,2026-03
COST000824,2026-03-10,Academic,Internet,2894.36,2026-03
COST000825,2026-03-10,Maintenance,Other,4155.64,2026-03
COST000826,2026-03-10,Maintenance,Cleaning,5501.29,2026-03
COST000827,2026-03-10,Transport,Food,15411.3,2026-03
COST000828,2026-03-10,Transport,Internet,2626.75,2026-03
COST000829,2026-03-11,Administration,Cleaning,4559.32,2026-03
COST000830,2026-03-11,Administration,Other,3108.73,2026-03
COST000831,2026-03-11,Hostel,Electricity,13987.75,2026-03
COST000832,2026-03-11,Hostel,Food,10798.18,2026-03
COST000833,2026-03-11,Canteen,Electricity,18134.72,2026-03
COST000834,2026-03-11,Canteen,Transport,8142.02,2026-03
COST000835,2026-03-11,Academic,Cleaning,4214.99,2026-03
COST000836,2026-03-11,Academic,Internet,2493.07,2026-03
COST000837,2026-03-11,Maintenance,Food,16094.95,2026-03
COST000838,2026-03-11,Maintenance,Cleaning,4746.88,2026-03
COST000839,2026-03-11,Transport,Internet,2626.97,2026-03
COST000840,2026-03-11,Transport,Electricity,21624.82,2026-03
COST000841,2026-03-12,Administration,Electricity,12022.44,2026-03
COST000842,2026-03-12,Administration,Cleaning,4058.63,2026-03
COST000843,2026-03-12,Hostel,Electricity,20346.51,2026-03
COST000844,2026-03-12,Hostel,Maintenance,5419.93,2026-03
COST000845,2026-03-12,Canteen,Internet,2324.95,2026-03
COST000846,2026-03-12,Canteen,Water,5425.51,2026-03
COST000847,2026-03-12,Academic,Internet,2758.36,2026-03
COST000848,2026-03-12,Academic,Food,10352.92,2026-03
COST000849,2026-03-12,Maintenance,Food,13664.69,2026-03
COST000850,2026-03-12,Maintenance,Maintenance,5702.99,2026-03
COST000851,2026-03-12,Transport,Maintenance,6125.05,2026-03
COST000852,2026-03-12,Transport,Other,2955.25,2026-03
COST000853,2026-03-13,Administration,Transport,6714.24,2026-03
COST000854,2026-03-13,Administration,Cleaning,2598.25,2026-03
COST000855,2026-03-13,Hostel,Internet,2453.31,2026-03
COST000856,2026-03-13,Hostel,Maintenance,6746.12,2026-03
COST000857,2026-03-13,Canteen,Other,3135.45,2026-03
COST000858,2026-03-13,Canteen,Transport,8329.8,2026-03
COST000859,2026-03-13,Academic,Internet,2876.84,2026-03
COST000860,2026-03-13,Academic,Electricity,15590.1,2026-03
COST000861,2026-03-13,Maintenance,Transport,7381.77,2026-03
COST000862,2026-03-13,Maintenance,Water,5465.85,2026-03
COST000863,2026-03-13,Transport,Water,4402.76,2026-03
COST000864,2026-03-13,Transport,Cleaning,4249.98,2026-03
COST000865,2026-03-14,Administration,Maintenance,8980.51,2026-03
COST000866,2026-03-14,Administration,Transport,7374.4,2026-03
COST000867,2026-03-14,Hostel,Internet,2713.47,2026-03
COST000868,2026-03-14,Hostel,Electricity,14587.17,2026-03
COST000869,2026-03-14,Canteen,Internet,2916.51,2026-03
COST000870,2026-03-14,Canteen,Transport,7379.08,2026-03
COST000871,2026-03-14,Academic,Electricity,12893.58,2026-03
COST000872,2026-03-14,Academic,Maintenance,9519.81,2026-03
COST000873,2026-03-14,Maintenance,Transport,6208.84,2026-03
COST000874,2026-03-14,Maintenance,Food,10816.62,2026-03
COST000875,2026-03-14,Transport,Electricity,15884.83,2026-03
COST000876,2026-03-14,Transport,Water,4527.92,2026-03
COST000877,2026-03-15,Administration,Cleaning,4466.07,2026-03
COST000878,2026-03-15,Administration,Electricity,12707.34,2026-03
COST000879,2026-03-15,Hostel,Transport,7453.89,2026-03
COST000880,2026-03-15,Hostel,Maintenance,8453.63,2026-03
COST000881,2026-03-15,Canteen,Electricity,10212.03,2026-03
COST000882,2026-03-15,Canteen,Food,11753.32,2026-03
COST000883,2026-03-15,Academic,Maintenance,7962.64,2026-03
COST000884,2026-03-15,Academic,Transport,5656.55,2026-03
COST000885,2026-03-15,Maintenance,Internet,2687.76,2026-03
COST000886,2026-03-15,Maintenance,Electricity,15247.06,2026-03
COST000887,2026-03-15,Transport,Maintenance,5365.29,2026-03
COST000888,2026-03-15,Transport,Cleaning,4108.69,2026-03
COST000889,2026-03-16,Administration,Electricity,14924.42,2026-03
COST000890,2026-03-16,Administration,Other,2316.29,2026-03
COST000891,2026-03-16,Hostel,Food,15286.52,2026-03
COST000892,2026-03-16,Hostel,Maintenance,8949.71,2026-03
COST000893,2026-03-16,Canteen,Electricity,10064.13,2026-03
COST000894,2026-03-16,Canteen,Internet,2101.71,2026-03
COST000895,2026-03-16,Academic,Transport,4295.56,2026-03
COST000896,2026-03-16,Academic,Food,11000.06,2026-03
COST000897,2026-03-16,Maintenance,Maintenance,6458.19,2026-03
COST000898,2026-03-16,Maintenance,Cleaning,2897.32,2026-03
COST000899,2026-03-16,Transport,Cleaning,4343.65,2026-03
COST000900,2026-03-16,Transport,Transport,6662.48,2026-03
COST000901,2026-03-17,Administration,Food,12792.8,2026-03
COST000902,2026-03-17,Administration,Maintenance,9582.71,2026-03
COST000903,2026-03-17,Hostel,Food,10205.74,2026-03
COST000904,2026-03-17,Hostel,Water,2564.03,2026-03
COST000905,2026-03-17,Canteen,Food,13139.98,2026-03
COST000906,2026-03-17,Canteen,Cleaning,3212.97,2026-03
COST000907,2026-03-17,Academic,Food,13265.29,2026-03
COST000908,2026-03-17,Academic,Maintenance,6715.4,2026-03
COST000909,2026-03-17,Maintenance,Internet,1740.01,2026-03
COST000910,2026-03-17,Maintenance,Food,13218.53,2026-03
COST000911,2026-03-17,Transport,Maintenance,7478.99,2026-03
COST000912,2026-03-17,Transport,Electricity,17415.66,2026-03
COST000913,2026-03-18,Administration,Electricity,9360.17,2026-03
COST000914,2026-03-18,Administration,Maintenance,6144.18,2026-03
COST000915,2026-03-18,Hostel,Water,4458.56,2026-03
COST000916,2026-03-18,Hostel,Maintenance,6485.01,2026-03
COST000917,2026-03-18,Canteen,Other,2773.67,2026-03
COST000918,2026-03-18,Canteen,Maintenance,9615.03,2026-03
COST000919,2026-03-18,Academic,Internet,2680.78,2026-03
COST000920,2026-03-18,Academic,Water,4696.1,2026-03
COST000921,2026-03-18,Maintenance,Maintenance,7117.78,2026-03
COST000922,2026-03-18,Maintenance,Electricity,7941.1,2026-03
COST000923,2026-03-18,Transport,Maintenance,9272.98,2026-03
COST000924,2026-03-18,Transport,Water,3831.82,2026-03
COST000925,2026-03-19,Administration,Maintenance,7267.85,2026-03
COST000926,2026-03-19,Administration,Other,4084.5,2026-03
COST000927,2026-03-19,Hostel,Water,5129.04,2026-03
COST000928,2026-03-19,Hostel,Electricity,17268.91,2026-03
COST000929,2026-03-19,Canteen,Water,3921.16,2026-03
COST000930,2026-03-19,Canteen,Electricity,15575.6,2026-03
COST000931,2026-03-19,Academic,Food,10173.86,2026-03
COST000932,2026-03-19,Academic,Cleaning,4681.15,2026-03
COST000933,2026-03-19,Maintenance,Electricity,16560.81,2026-03
COST000934,2026-03-19,Maintenance,Maintenance,9099.02,2026-03
COST000935,2026-03-19,Transport,Maintenance,5059.26,2026-03
COST000936,2026-03-19,Transport,Food,11842.48,2026-03
COST000937,2026-03-20,Administration,Maintenance,7541.82,2026-03
COST000938,2026-03-20,Administration,Food,13412.42,2026-03
COST000939,2026-03-20,Hostel,Water,4901.5,2026-03
COST000940,2026-03-20,Hostel,Cleaning,4012.97,2026-03
COST000941,2026-03-20,Canteen,Other,2673.28,2026-03
COST000942,2026-03-20,Canteen,Water,4780.36,2026-03
COST000943,2026-03-20,Academic,Other,3693.15,2026-03
COST000944,2026-03-20,Academic,Food,11592.13,2026-03
COST000945,2026-03-20,Maintenance,Water,3919.29,2026-03
COST000946,2026-03-20,Maintenance,Maintenance,7425.36,2026-03
COST000947,2026-03-20,Transport,Electricity,14116.96,2026-03
COST000948,2026-03-20,Transport,Other,2617.61,2026-03
COST000949,2026-03-21,Administration,Food,16304.13,2026-03
COST000950,2026-03-21,Administration,Water,4421.93,2026-03
COST000951,2026-03-21,Hostel,Food,10326.76,2026-03
COST000952,2026-03-21,Hostel,Transport,8639.39,2026-03
COST000953,2026-03-21,Canteen,Internet,4091.32,2026-03
COST000954,2026-03-21,Canteen,Transport,6278.17,2026-03
COST000955,2026-03-21,Academic,Internet,2724.87,2026-03
COST000956,2026-03-21,Academic,Water,4361.28,2026-03
COST000957,2026-03-21,Maintenance,Transport,8846.42,2026-03
COST000958,2026-03-21,Maintenance,Electricity,13592.78,2026-03
COST000959,2026-03-21,Transport,Maintenance,10923.07,2026-03
COST000960,2026-03-21,Transport,Transport,9722.21,2026-03
COST000961,2026-03-22,Administration,Water,4659.7,2026-03
COST000962,2026-03-22,Administration,Electricity,10441.32,2026-03
COST000963,2026-03-22,Hostel,Food,10119.04,2026-03
COST000964,2026-03-22,Hostel,Water,6538.6,2026-03
COST000965,2026-03-22,Canteen,Electricity,7507.15,2026-03
COST000966,2026-03-22,Canteen,Transport,6821.04,2026-03
COST000967,2026-03-22,Academic,Water,5463.56,2026-03
COST000968,2026-03-22,Academic,Transport,5848.11,2026-03
COST000969,2026-03-22,Maintenance,Food,14024.04,2026-03
COST000970,2026-03-22,Maintenance,Maintenance,7828.43,2026-03
COST000971,2026-03-22,Transport,Food,12490.88,2026-03
COST000972,2026-03-22,Transport,Other,2847.51,2026-03
COST000973,2026-03-23,Administration,Maintenance,5586.05,2026-03
COST000974,2026-03-23,Administration,Internet,2472.49,2026-03
COST000975,2026-03-23,Hostel,Cleaning,5174.94,2026-03
COST000976,2026-03-23,Hostel,Food,11333.86,2026-03
COST000977,2026-03-23,Canteen,Food,9739.86,2026-03
COST000978,2026-03-23,Canteen,Other,2308.98,2026-03
COST000979,2026-03-23,Academic,Transport,6994.27,2026-03
COST000980,2026-03-23,Academic,Food,9784.92,2026-03
COST000981,2026-03-23,Maintenance,Internet,1760.35,2026-03
COST000982,2026-03-23,Maintenance,Transport,6935.36,2026-03
COST000983,2026-03-23,Transport,Food,14549.17,2026-03
COST000984,2026-03-23,Transport,Electricity,14591.19,2026-03
COST000985,2026-03-24,Administration,Other,2848.15,2026-03
COST000986,2026-03-24,Administration,Food,11138.42,2026-03
COST000987,2026-03-24,Hostel,Water,4411.74,2026-03
COST000988,2026-03-24,Hostel,Cleaning,4234.05,2026-03
COST000989,2026-03-24,Canteen,Maintenance,4692.6,2026-03
COST000990,2026-03-24,Canteen,Water,7191.31,2026-03
COST000991,2026-03-24,Academic,Food,8492.01,2026-03
COST000992,2026-03-24,Academic,Maintenance,7040.4,2026-03
COST000993,2026-03-24,Maintenance,Maintenance,8927.38,2026-03
COST000994,2026-03-24,Maintenance,Transport,6793.26,2026-03
COST000995,2026-03-24,Transport,Cleaning,5790.79,2026-03
COST000996,2026-03-24,Transport,Electricity,10014.86,2026-03
COST000997,2026-03-25,Administration,Maintenance,7795.61,2026-03
COST000998,2026-03-25,Administration,Internet,3266.37,2026-03
COST000999,2026-03-25,Hostel,Other,2479.24,2026-03
COST001000,2026-03-25,Hostel,Electricity,14899.67,2026-03
COST001001,2026-03-25,Canteen,Other,3203.44,2026-03
COST001002,2026-03-25,Canteen,Water,5364.62,2026-03
COST001003,2026-03-25,Academic,Electricity,16824.72,2026-03
COST001004,2026-03-25,Academic,Food,12001.57,2026-03
COST001005,2026-03-25,Maintenance,Transport,5828.26,2026-03
COST001006,2026-03-25,Maintenance,Food,8050.01,2026-03
COST001007,2026-03-25,Transport,Maintenance,8335.42,2026-03
COST001008,2026-03-25,Transport,Transport,8621.6,2026-03
COST001009,2026-03-26,Administration,Cleaning,3026.13,2026-03
COST001010,2026-03-26,Administration,Other,2816.13,2026-03
COST001011,2026-03-26,Hostel,Food,14743.97,2026-03
COST001012,2026-03-26,Hostel,Electricity,18434.05,2026-03
COST001013,2026-03-26,Canteen,Cleaning,3917.16,2026-03
COST001014,2026-03-26,Canteen,Maintenance,7745.22,2026-03
COST001015,2026-03-26,Academic,Food,10438.83,2026-03
COST001016,2026-03-26,Academic,Other,3559.46,2026-03
COST001017,2026-03-26,Maintenance,Electricity,12341.74,2026-03
COST001018,2026-03-26,Maintenance,Other,3935.23,2026-03
COST001019,2026-03-26,Transport,Maintenance,7314.28,2026-03
COST001020,2026-03-26,Transport,Other,3286.61,2026-03
COST001021,2026-03-27,Administration,Cleaning,4115.46,2026-03
COST001022,2026-03-27,Administration,Other,2384.1,2026-03
COST001023,2026-03-27,Hostel,Water,6117.42,2026-03
COST001024,2026-03-27,Hostel,Other,3214.39,2026-03
COST001025,2026-03-27,Canteen,Water,5027.94,2026-03
COST001026,2026-03-27,Canteen,Food,16520.22,2026-03
COST001027,2026-03-27,Academic,Water,5754.34,2026-03
COST001028,2026-03-27,Academic,Internet,2942.38,2026-03
COST001029,2026-03-27,Maintenance,Other,2850.1,2026-03
COST001030,2026-03-27,Maintenance,Electricity,13084.01,2026-03
COST001031,2026-03-27,Transport,Food,5610.96,2026-03
COST001032,2026-03-27,Transport,Other,3874.72,2026-03
COST001033,2026-03-28,Administration,Other,2593.21,2026-03
COST001034,2026-03-28,Administration,Cleaning,4630.33,2026-03
COST001035,2026-03-28,Hostel,Food,6316.86,2026-03
COST001036,2026-03-28,Hostel,Transport,6339.0,2026-03
COST001037,2026-03-28,Canteen,Maintenance,9729.44,2026-03
COST001038,2026-03-28,Canteen,Cleaning,3808.22,2026-03
COST001039,2026-03-28,Academic,Food,11978.22,2026-03
COST001040,2026-03-28,Academic,Maintenance,4320.7,2026-03
COST001041,2026-03-28,Maintenance,Cleaning,2820.66,2026-03
COST001042,2026-03-28,Maintenance,Internet,2245.81,2026-03
COST001043,2026-03-28,Transport,Transport,8716.92,2026-03
COST001044,2026-03-28,Transport,Maintenance,7844.39,2026-03
COST001045,2026-03-29,Administration,Maintenance,8379.86,2026-03
COST001046,2026-03-29,Administration,Water,3723.95,2026-03
COST001047,2026-03-29,Hostel,Cleaning,3729.58,2026-03
COST001048,2026-03-29,Hostel,Food,13445.8,2026-03
COST001049,2026-03-29,Canteen,Other,2238.39,2026-03
COST001050,2026-03-29,Canteen,Electricity,17098.03,2026-03
COST001051,2026-03-29,Academic,Water,5133.05,2026-03
COST001052,2026-03-29,Academic,Other,2868.4,2026-03
COST001053,2026-03-29,Maintenance,Maintenance,8294.48,2026-03
COST001054,2026-03-29,Maintenance,Internet,2694.23,2026-03
COST001055,2026-03-29,Transport,Cleaning,4939.81,2026-03
COST001056,2026-03-29,Transport,Other,3171.62,2026-03
COST001057,2026-03-30,Administration,Other,2712.88,2026-03
COST001058,2026-03-30,Administration,Internet,2496.93,2026-03
COST001059,2026-03-30,Hostel,Other,3879.3,2026-03
COST001060,2026-03-30,Hostel,Electricity,17993.55,2026-03
COST001061,2026-03-30,Canteen,Internet,2996.42,2026-03
COST001062,2026-03-30,Canteen,Cleaning,3061.93,2026-03
COST001063,2026-03-30,Academic,Maintenance,11383.41,2026-03
COST001064,2026-03-30,Academic,Food,10303.44,2026-03
COST001065,2026-03-30,Maintenance,Food,10019.98,2026-03
COST001066,2026-03-30,Maintenance,Internet,2722.62,2026-03
COST001067,2026-03-30,Transport,Water,4157.78,2026-03
COST001068,2026-03-30,Transport,Internet,2762.91,2026-03
COST001069,2026-03-31,Administration,Food,9601.18,2026-03
COST001070,2026-03-31,Administration,Electricity,12220.2,2026-03
COST001071,2026-03-31,Hostel,Other,1783.41,2026-03
COST001072,2026-03-31,Hostel,Electricity,11483.04,2026-03
COST001073,2026-03-31,Canteen,Water,3580.25,2026-03
COST001074,2026-03-31,Canteen,Food,9573.23,2026-03
COST001075,2026-03-31,Academic,Electricity,12167.45,2026-03
COST001076,2026-03-31,Academic,Food,12744.95,2026-03
COST001077,2026-03-31,Maintenance,Cleaning,4305.75,2026-03
COST001078,2026-03-31,Maintenance,Water,5799.02,2026-03
COST001079,2026-03-31,Transport,Internet,2491.99,2026-03
COST001080,2026-03-31,Transport,Maintenance,7812.23,2026-03
COST001081,2026-04-01,Administration,Maintenance,6489.26,2026-04
COST001082,2026-04-01,Administration,Water,4704.88,2026-04
COST001083,2026-04-01,Hostel,Maintenance,6480.05,2026-04
COST001084,2026-04-01,Hostel,Water,4173.92,2026-04
COST001085,2026-04-01,Canteen,Internet,2996.73,2026-04
COST001086,2026-04-01,Canteen,Food,7064.5,2026-04
COST001087,2026-04-01,Academic,Cleaning,4061.84,2026-04
COST001088,2026-04-01,Academic,Food,13698.34,2026-04
COST001089,2026-04-01,Maintenance,Internet,2329.22,2026-04
COST001090,2026-04-01,Maintenance,Maintenance,7514.79,2026-04
COST001091,2026-04-01,Transport,Cleaning,2962.46,2026-04
COST001092,2026-04-01,Transport,Electricity,17460.27,2026-04
COST001093,2026-04-02,Administration,Maintenance,7453.74,2026-04
COST001094,2026-04-02,Administration,Transport,7126.9,2026-04
COST001095,2026-04-02,Hostel,Food,16054.48,2026-04
COST001096,2026-04-02,Hostel,Cleaning,4263.98,2026-04
COST001097,2026-04-02,Canteen,Cleaning,4721.77,2026-04
COST001098,2026-04-02,Canteen,Internet,1588.77,2026-04
COST001099,2026-04-02,Academic,Food,14637.51,2026-04
COST001100,2026-04-02,Academic,Transport,7542.13,2026-04
COST001101,2026-04-02,Maintenance,Internet,2223.86,2026-04
COST001102,2026-04-02,Maintenance,Cleaning,3561.68,2026-04
COST001103,2026-04-02,Transport,Water,5963.76,2026-04
COST001104,2026-04-02,Transport,Transport,6644.22,2026-04
COST001105,2026-04-03,Administration,Maintenance,8904.73,2026-04
COST001106,2026-04-03,Administration,Cleaning,4133.58,2026-04
COST001107,2026-04-03,Hostel,Internet,2289.21,2026-04
COST001108,2026-04-03,Hostel,Food,15497.29,2026-04
COST001109,2026-04-03,Canteen,Internet,2274.18,2026-04
COST001110,2026-04-03,Canteen,Water,4650.69,2026-04
COST001111,2026-04-03,Academic,Maintenance,5889.32,2026-04
COST001112,2026-04-03,Academic,Cleaning,3371.06,2026-04
COST001113,2026-04-03,Maintenance,Water,4162.57,2026-04
COST001114,2026-04-03,Maintenance,Cleaning,4206.88,2026-04
COST001115,2026-04-03,Transport,Water,5286.68,2026-04
COST001116,2026-04-03,Transport,Internet,2532.53,2026-04
COST001117,2026-04-04,Administration,Cleaning,4531.03,2026-04
COST001118,2026-04-04,Administration,Internet,2358.09,2026-04
COST001119,2026-04-04,Hostel,Internet,2623.74,2026-04
COST001120,2026-04-04,Hostel,Water,4736.28,2026-04
COST001121,2026-04-04,Canteen,Water,5104.44,2026-04
COST001122,2026-04-04,Canteen,Maintenance,4815.72,2026-04
COST001123,2026-04-04,Academic,Water,5150.76,2026-04
COST001124,2026-04-04,Academic,Internet,2040.33,2026-04
COST001125,2026-04-04,Maintenance,Other,3409.45,2026-04
COST001126,2026-04-04,Maintenance,Maintenance,5364.35,2026-04
COST001127,2026-04-04,Transport,Maintenance,8192.5,2026-04
COST001128,2026-04-04,Transport,Electricity,14197.55,2026-04
COST001129,2026-04-05,Administration,Water,3981.86,2026-04
COST001130,2026-04-05,Administration,Electricity,14532.93,2026-04
COST001131,2026-04-05,Hostel,Transport,7628.69,2026-04
COST001132,2026-04-05,Hostel,Maintenance,6067.91,2026-04
COST001133,2026-04-05,Canteen,Maintenance,5751.28,2026-04
COST001134,2026-04-05,Canteen,Food,8698.06,2026-04
COST001135,2026-04-05,Academic,Water,4940.81,2026-04
COST001136,2026-04-05,Academic,Maintenance,6941.78,2026-04
COST001137,2026-04-05,Maintenance,Food,15697.99,2026-04
COST001138,2026-04-05,Maintenance,Cleaning,3215.16,2026-04
COST001139,2026-04-05,Transport,Water,5480.84,2026-04
COST001140,2026-04-05,Transport,Electricity,18521.57,2026-04
COST001141,2026-04-06,Administration,Food,14199.74,2026-04
COST001142,2026-04-06,Administration,Cleaning,4413.2,2026-04
COST001143,2026-04-06,Hostel,Food,13029.08,2026-04
COST001144,2026-04-06,Hostel,Water,5132.03,2026-04
COST001145,2026-04-06,Canteen,Transport,7940.16,2026-04
COST001146,2026-04-06,Canteen,Water,4106.04,2026-04
COST001147,2026-04-06,Academic,Internet,3393.68,2026-04
COST001148,2026-04-06,Academic,Other,3694.7,2026-04
COST001149,2026-04-06,Maintenance,Food,14057.9,2026-04
COST001150,2026-04-06,Maintenance,Water,5093.31,2026-04
COST001151,2026-04-06,Transport,Food,10949.71,2026-04
COST001152,2026-04-06,Transport,Water,5202.93,2026-04
COST001153,2026-04-07,Administration,Water,4409.3,2026-04
COST001154,2026-04-07,Administration,Food,10691.03,2026-04
COST001155,2026-04-07,Hostel,Electricity,15232.77,2026-04
COST001156,2026-04-07,Hostel,Cleaning,4757.31,2026-04
COST001157,2026-04-07,Canteen,Cleaning,4290.57,2026-04
COST001158,2026-04-07,Canteen,Electricity,14076.61,2026-04
COST001159,2026-04-07,Academic,Maintenance,8666.32,2026-04
COST001160,2026-04-07,Academic,Cleaning,5253.87,2026-04
COST001161,2026-04-07,Maintenance,Food,13336.4,2026-04
COST001162,2026-04-07,Maintenance,Transport,5868.32,2026-04
COST001163,2026-04-07,Transport,Other,3084.28,2026-04
COST001164,2026-04-07,Transport,Maintenance,5454.66,2026-04
COST001165,2026-04-08,Administration,Water,5634.68,2026-04
COST001166,2026-04-08,Administration,Maintenance,5879.95,2026-04
COST001167,2026-04-08,Hostel,Other,3204.3,2026-04
COST001168,2026-04-08,Hostel,Cleaning,3696.45,2026-04
COST001169,2026-04-08,Canteen,Internet,2555.82,2026-04
COST001170,2026-04-08,Canteen,Cleaning,3033.64,2026-04
COST001171,2026-04-08,Academic,Electricity,17993.8,2026-04
COST001172,2026-04-08,Academic,Water,4085.23,2026-04
COST001173,2026-04-08,Maintenance,Maintenance,7772.7,2026-04
COST001174,2026-04-08,Maintenance,Electricity,17228.51,2026-04
COST001175,2026-04-08,Transport,Food,14641.36,2026-04
COST001176,2026-04-08,Transport,Electricity,13365.84,2026-04
COST001177,2026-04-09,Administration,Electricity,13724.04,2026-04
COST001178,2026-04-09,Administration,Transport,7104.4,2026-04
COST001179,2026-04-09,Hostel,Water,6071.64,2026-04
COST001180,2026-04-09,Hostel,Internet,2519.29,2026-04
COST001181,2026-04-09,Canteen,Maintenance,9130.23,2026-04
COST001182,2026-04-09,Canteen,Internet,2559.53,2026-04
COST001183,2026-04-09,Academic,Maintenance,4500.1,2026-04
COST001184,2026-04-09,Academic,Cleaning,3308.12,2026-04
COST001185,2026-04-09,Maintenance,Transport,6475.64,2026-04
COST001186,2026-04-09,Maintenance,Maintenance,10594.55,2026-04
COST001187,2026-04-09,Transport,Transport,5853.31,2026-04
COST001188,2026-04-09,Transport,Other,2248.17,2026-04
COST001189,2026-04-10,Administration,Other,2679.2,2026-04
COST001190,2026-04-10,Administration,Electricity,16832.56,2026-04
COST001191,2026-04-10,Hostel,Electricity,18681.25,2026-04
COST001192,2026-04-10,Hostel,Maintenance,6183.69,2026-04
COST001193,2026-04-10,Canteen,Other,3377.68,2026-04
COST001194,2026-04-10,Canteen,Water,3967.26,2026-04
COST001195,2026-04-10,Academic,Cleaning,3967.88,2026-04
COST001196,2026-04-10,Academic,Food,14724.47,2026-04
COST001197,2026-04-10,Maintenance,Food,12764.59,2026-04
COST001198,2026-04-10,Maintenance,Internet,2272.06,2026-04
COST001199,2026-04-10,Transport,Cleaning,2809.29,2026-04
COST001200,2026-04-10,Transport,Water,4074.44,2026-04
COST001201,2026-04-11,Administration,Cleaning,4957.13,2026-04
COST001202,2026-04-11,Administration,Other,2157.75,2026-04
COST001203,2026-04-11,Hostel,Electricity,16288.4,2026-04
COST001204,2026-04-11,Hostel,Water,3916.48,2026-04
COST001205,2026-04-11,Canteen,Electricity,10967.71,2026-04
COST001206,2026-04-11,Canteen,Food,9394.99,2026-04
COST001207,2026-04-11,Academic,Water,5271.59,2026-04
COST001208,2026-04-11,Academic,Maintenance,9950.73,2026-04
COST001209,2026-04-11,Maintenance,Electricity,15803.7,2026-04
COST001210,2026-04-11,Maintenance,Transport,7031.61,2026-04
COST001211,2026-04-11,Transport,Water,5169.95,2026-04
COST001212,2026-04-11,Transport,Maintenance,8045.84,2026-04
COST001213,2026-04-12,Administration,Maintenance,8240.89,2026-04
COST001214,2026-04-12,Administration,Cleaning,4857.7,2026-04
COST001215,2026-04-12,Hostel,Maintenance,7128.62,2026-04
COST001216,2026-04-12,Hostel,Electricity,11223.85,2026-04
COST001217,2026-04-12,Canteen,Maintenance,8460.19,2026-04
COST001218,2026-04-12,Canteen,Electricity,12819.03,2026-04
COST001219,2026-04-12,Academic,Other,3304.08,2026-04
COST001220,2026-04-12,Academic,Electricity,23003.78,2026-04
COST001221,2026-04-12,Maintenance,Maintenance,8404.65,2026-04
COST001222,2026-04-12,Maintenance,Electricity,17844.98,2026-04
COST001223,2026-04-12,Transport,Food,10504.57,2026-04
COST001224,2026-04-12,Transport,Other,2413.17,2026-04
COST001225,2026-04-13,Administration,Electricity,13491.69,2026-04
COST001226,2026-04-13,Administration,Cleaning,4202.72,2026-04
COST001227,2026-04-13,Hostel,Other,3540.16,2026-04
COST001228,2026-04-13,Hostel,Maintenance,8755.95,2026-04
COST001229,2026-04-13,Canteen,Cleaning,4432.64,2026-04
COST001230,2026-04-13,Canteen,Electricity,8188.55,2026-04
COST001231,2026-04-13,Academic,Internet,2688.35,2026-04
COST001232,2026-04-13,Academic,Other,2508.09,2026-04
COST001233,2026-04-13,Maintenance,Food,9829.54,2026-04
COST001234,2026-04-13,Maintenance,Other,2309.66,2026-04
COST001235,2026-04-13,Transport,Other,3617.86,2026-04
COST001236,2026-04-13,Transport,Internet,2369.05,2026-04
COST001237,2026-04-14,Administration,Cleaning,3903.94,2026-04
COST001238,2026-04-14,Administration,Transport,6723.29,2026-04
COST001239,2026-04-14,Hostel,Cleaning,4397.69,2026-04
COST001240,2026-04-14,Hostel,Electricity,12087.86,2026-04
COST001241,2026-04-14,Canteen,Internet,3306.66,2026-04
COST001242,2026-04-14,Canteen,Transport,9620.71,2026-04
COST001243,2026-04-14,Academic,Transport,7384.57,2026-04
COST001244,2026-04-14,Academic,Electricity,16885.29,2026-04
COST001245,2026-04-14,Maintenance,Water,4956.69,2026-04
COST001246,2026-04-14,Maintenance,Other,4122.99,2026-04
COST001247,2026-04-14,Transport,Maintenance,9642.4,2026-04
COST001248,2026-04-14,Transport,Transport,10499.65,2026-04
COST001249,2026-04-15,Administration,Other,3171.05,2026-04
COST001250,2026-04-15,Administration,Electricity,14329.14,2026-04
COST001251,2026-04-15,Hostel,Internet,3032.04,2026-04
COST001252,2026-04-15,Hostel,Transport,8181.53,2026-04
COST001253,2026-04-15,Canteen,Water,5307.91,2026-04
COST001254,2026-04-15,Canteen,Internet,3047.17,2026-04
COST001255,2026-04-15,Academic,Transport,7778.63,2026-04
COST001256,2026-04-15,Academic,Electricity,18208.48,2026-04
COST001257,2026-04-15,Maintenance,Maintenance,5508.72,2026-04
COST001258,2026-04-15,Maintenance,Internet,1654.41,2026-04
COST001259,2026-04-15,Transport,Internet,2425.91,2026-04
COST001260,2026-04-15,Transport,Food,12154.19,2026-04
COST001261,2026-04-16,Administration,Other,2692.91,2026-04
COST001262,2026-04-16,Administration,Cleaning,2888.68,2026-04
COST001263,2026-04-16,Hostel,Internet,4157.38,2026-04
COST001264,2026-04-16,Hostel,Maintenance,5462.93,2026-04
COST001265,2026-04-16,Canteen,Water,5661.83,2026-04
COST001266,2026-04-16,Canteen,Maintenance,11348.98,2026-04
COST001267,2026-04-16,Academic,Internet,2660.72,2026-04
COST001268,2026-04-16,Academic,Cleaning,5600.1,2026-04
COST001269,2026-04-16,Maintenance,Other,2833.14,2026-04
COST001270,2026-04-16,Maintenance,Water,2991.56,2026-04
COST001271,2026-04-16,Transport,Electricity,13271.03,2026-04
COST001272,2026-04-16,Transport,Maintenance,10078.72,2026-04
COST001273,2026-04-17,Administration,Transport,4707.68,2026-04
COST001274,2026-04-17,Administration,Electricity,18361.39,2026-04
COST001275,2026-04-17,Hostel,Water,6691.86,2026-04
COST001276,2026-04-17,Hostel,Transport,4924.91,2026-04
COST001277,2026-04-17,Canteen,Food,10281.87,2026-04
COST001278,2026-04-17,Canteen,Transport,6034.52,2026-04
COST001279,2026-04-17,Academic,Other,2289.46,2026-04
COST001280,2026-04-17,Academic,Water,6822.79,2026-04
COST001281,2026-04-17,Maintenance,Maintenance,7021.35,2026-04
COST001282,2026-04-17,Maintenance,Electricity,13892.63,2026-04
COST001283,2026-04-17,Transport,Other,2264.47,2026-04
COST001284,2026-04-17,Transport,Transport,4478.05,2026-04
COST001285,2026-04-18,Administration,Water,3617.03,2026-04
COST001286,2026-04-18,Administration,Cleaning,4922.52,2026-04
COST001287,2026-04-18,Hostel,Water,5644.49,2026-04
COST001288,2026-04-18,Hostel,Cleaning,5975.98,2026-04
COST001289,2026-04-18,Canteen,Internet,2657.39,2026-04
COST001290,2026-04-18,Canteen,Maintenance,3937.25,2026-04
COST001291,2026-04-18,Academic,Other,4443.35,2026-04
COST001292,2026-04-18,Academic,Internet,3243.73,2026-04
COST001293,2026-04-18,Maintenance,Other,1362.41,2026-04
COST001294,2026-04-18,Maintenance,Water,4946.89,2026-04
COST001295,2026-04-18,Transport,Food,13581.15,2026-04
COST001296,2026-04-18,Transport,Cleaning,3998.86,2026-04
COST001297,2026-04-19,Administration,Cleaning,3828.51,2026-04
COST001298,2026-04-19,Administration,Water,5523.74,2026-04
COST001299,2026-04-19,Hostel,Internet,2029.4,2026-04
COST001300,2026-04-19,Hostel,Cleaning,3054.48,2026-04
COST001301,2026-04-19,Canteen,Other,2901.75,2026-04
COST001302,2026-04-19,Canteen,Water,4748.08,2026-04
COST001303,2026-04-19,Academic,Other,3341.87,2026-04
COST001304,2026-04-19,Academic,Transport,5916.16,2026-04
COST001305,2026-04-19,Maintenance,Water,4687.42,2026-04
COST001306,2026-04-19,Maintenance,Maintenance,7145.37,2026-04
COST001307,2026-04-19,Transport,Water,4430.46,2026-04
COST001308,2026-04-19,Transport,Transport,9470.58,2026-04
COST001309,2026-04-20,Administration,Food,9831.68,2026-04
COST001310,2026-04-20,Administration,Other,3839.33,2026-04
COST001311,2026-04-20,Hostel,Food,8358.57,2026-04
COST001312,2026-04-20,Hostel,Internet,2439.26,2026-04
COST001313,2026-04-20,Canteen,Transport,6826.3,2026-04
COST001314,2026-04-20,Canteen,Cleaning,4630.17,2026-04
COST001315,2026-04-20,Academic,Maintenance,9461.42,2026-04
COST001316,2026-04-20,Academic,Transport,8771.17,2026-04
COST001317,2026-04-20,Maintenance,Electricity,9655.12,2026-04
COST001318,2026-04-20,Maintenance,Food,10462.58,2026-04
COST001319,2026-04-20,Transport,Water,6242.85,2026-04
COST001320,2026-04-20,Transport,Maintenance,8843.24,2026-04
COST001321,2026-04-21,Administration,Transport,7724.19,2026-04
COST001322,2026-04-21,Administration,Water,5310.26,2026-04
COST001323,2026-04-21,Hostel,Cleaning,3713.93,2026-04
COST001324,2026-04-21,Hostel,Electricity,17216.77,2026-04
COST001325,2026-04-21,Canteen,Transport,5687.38,2026-04
COST001326,2026-04-21,Canteen,Cleaning,3170.45,2026-04
COST001327,2026-04-21,Academic,Transport,6512.47,2026-04
COST001328,2026-04-21,Academic,Maintenance,9258.73,2026-04
COST001329,2026-04-21,Maintenance,Maintenance,6439.32,2026-04
COST001330,2026-04-21,Maintenance,Transport,6675.63,2026-04
COST001331,2026-04-21,Transport,Food,7581.82,2026-04
COST001332,2026-04-21,Transport,Maintenance,5846.5,2026-04
COST001333,2026-04-22,Administration,Maintenance,11554.03,2026-04
COST001334,2026-04-22,Administration,Electricity,11744.72,2026-04
COST001335,2026-04-22,Hostel,Transport,9201.74,2026-04
COST001336,2026-04-22,Hostel,Other,4089.29,2026-04
COST001337,2026-04-22,Canteen,Other,2412.1,2026-04
COST001338,2026-04-22,Canteen,Internet,2182.0,2026-04
COST001339,2026-04-22,Academic,Electricity,14700.81,2026-04
COST001340,2026-04-22,Academic,Other,3534.2,2026-04
COST001341,2026-04-22,Maintenance,Maintenance,8556.82,2026-04
COST001342,2026-04-22,Maintenance,Internet,2427.59,2026-04
COST001343,2026-04-22,Transport,Food,8691.38,2026-04
COST001344,2026-04-22,Transport,Transport,7080.53,2026-04
COST001345,2026-04-23,Administration,Cleaning,2950.69,2026-04
COST001346,2026-04-23,Administration,Food,15142.2,2026-04
COST001347,2026-04-23,Hostel,Internet,1498.38,2026-04
COST001348,2026-04-23,Hostel,Water,3694.2,2026-04
COST001349,2026-04-23,Canteen,Internet,2408.06,2026-04
COST001350,2026-04-23,Canteen,Electricity,10816.67,2026-04
COST001351,2026-04-23,Academic,Food,9563.99,2026-04
COST001352,2026-04-23,Academic,Cleaning,4607.65,2026-04
COST001353,2026-04-23,Maintenance,Cleaning,3134.83,2026-04
COST001354,2026-04-23,Maintenance,Other,2458.14,2026-04
COST001355,2026-04-23,Transport,Cleaning,3977.58,2026-04
COST001356,2026-04-23,Transport,Other,3142.48,2026-04
COST001357,2026-04-24,Administration,Maintenance,7390.64,2026-04
COST001358,2026-04-24,Administration,Food,14173.91,2026-04
COST001359,2026-04-24,Hostel,Internet,1881.94,2026-04
COST001360,2026-04-24,Hostel,Cleaning,3697.4,2026-04
COST001361,2026-04-24,Canteen,Food,8276.58,2026-04
COST001362,2026-04-24,Canteen,Transport,6153.47,2026-04
COST001363,2026-04-24,Academic,Other,3546.22,2026-04
COST001364,2026-04-24,Academic,Water,3189.14,2026-04
COST001365,2026-04-24,Maintenance,Other,2774.64,2026-04
COST001366,2026-04-24,Maintenance,Water,6580.04,2026-04
COST001367,2026-04-24,Transport,Electricity,17238.44,2026-04
COST001368,2026-04-24,Transport,Other,3618.08,2026-04
COST001369,2026-04-25,Administration,Maintenance,10003.37,2026-04
COST001370,2026-04-25,Administration,Other,2382.88,2026-04
COST001371,2026-04-25,Hostel,Internet,2860.83,2026-04
COST001372,2026-04-25,Hostel,Maintenance,7487.86,2026-04
COST001373,2026-04-25,Canteen,Cleaning,4822.53,2026-04
COST001374,2026-04-25,Canteen,Transport,6769.21,2026-04
COST001375,2026-04-25,Academic,Other,3193.86,2026-04
COST001376,2026-04-25,Academic,Internet,2504.1,2026-04
COST001377,2026-04-25,Maintenance,Water,4698.51,2026-04
COST001378,2026-04-25,Maintenance,Maintenance,6154.69,2026-04
COST001379,2026-04-25,Transport,Other,3335.37,2026-04
COST001380,2026-04-25,Transport,Electricity,19644.59,2026-04
COST001381,2026-04-26,Administration,Maintenance,7958.19,2026-04
COST001382,2026-04-26,Administration,Electricity,8289.83,2026-04
COST001383,2026-04-26,Hostel,Internet,1964.79,2026-04
COST001384,2026-04-26,Hostel,Water,4067.03,2026-04
COST001385,2026-04-26,Canteen,Water,4874.8,2026-04
COST001386,2026-04-26,Canteen,Internet,2061.29,2026-04
COST001387,2026-04-26,Academic,Electricity,18629.03,2026-04
COST001388,2026-04-26,Academic,Other,2706.43,2026-04
COST001389,2026-04-26,Maintenance,Internet,2967.44,2026-04
COST001390,2026-04-26,Maintenance,Food,17321.27,2026-04
COST001391,2026-04-26,Transport,Other,930.08,2026-04
COST001392,2026-04-26,Transport,Internet,2893.72,2026-04
COST001393,2026-04-27,Administration,Electricity,13759.78,2026-04
COST001394,2026-04-27,Administration,Maintenance,7584.95,2026-04
COST001395,2026-04-27,Hostel,Cleaning,4798.63,2026-04
COST001396,2026-04-27,Hostel,Food,12108.53,2026-04
COST001397,2026-04-27,Canteen,Food,8618.84,2026-04
COST001398,2026-04-27,Canteen,Maintenance,8769.72,2026-04
COST001399,2026-04-27,Academic,Internet,2153.14,2026-04
COST001400,2026-04-27,Academic,Transport,6443.27,2026-04
COST001401,2026-04-27,Maintenance,Cleaning,5131.28,2026-04
COST001402,2026-04-27,Maintenance,Transport,6766.17,2026-04
COST001403,2026-04-27,Transport,Internet,3702.45,2026-04
COST001404,2026-04-27,Transport,Water,5260.35,2026-04
COST001405,2026-04-28,Administration,Water,5317.48,2026-04
COST001406,2026-04-28,Administration,Electricity,12677.66,2026-04
COST001407,2026-04-28,Hostel,Electricity,21073.82,2026-04
COST001408,2026-04-28,Hostel,Maintenance,6621.23,2026-04
COST001409,2026-04-28,Canteen,Cleaning,3883.38,2026-04
COST001410,2026-04-28,Canteen,Transport,7364.25,2026-04
COST001411,2026-04-28,Academic,Electricity,19143.93,2026-04
COST001412,2026-04-28,Academic,Internet,3139.51,2026-04
COST001413,2026-04-28,Maintenance,Electricity,19762.71,2026-04
COST001414,2026-04-28,Maintenance,Food,13663.58,2026-04
COST001415,2026-04-28,Transport,Internet,2221.1,2026-04
COST001416,2026-04-28,Transport,Maintenance,10962.4,2026-04
COST001417,2026-04-29,Administration,Cleaning,2834.54,2026-04
COST001418,2026-04-29,Administration,Water,5414.42,2026-04
COST001419,2026-04-29,Hostel,Transport,6572.58,2026-04
COST001420,2026-04-29,Hostel,Cleaning,4280.34,2026-04
COST001421,2026-04-29,Canteen,Internet,2296.96,2026-04
COST001422,2026-04-29,Canteen,Maintenance,10233.55,2026-04
COST001423,2026-04-29,Academic,Water,4539.38,2026-04
COST001424,2026-04-29,Academic,Food,12955.68,2026-04
COST001425,2026-04-29,Maintenance,Food,12102.99,2026-04
COST001426,2026-04-29,Maintenance,Electricity,16936.2,2026-04
COST001427,2026-04-29,Transport,Internet,2510.29,2026-04
COST001428,2026-04-29,Transport,Food,13390.33,2026-04
COST001429,2026-04-30,Administration,Other,3203.09,2026-04
COST001430,2026-04-30,Administration,Electricity,15913.23,2026-04
COST001431,2026-04-30,Hostel,Transport,5569.41,2026-04
COST001432,2026-04-30,Hostel,Electricity,14917.94,2026-04
COST001433,2026-04-30,Canteen,Water,4618.62,2026-04
COST001434,2026-04-30,Canteen,Electricity,8999.66,2026-04
COST001435,2026-04-30,Academic,Electricity,14754.92,2026-04
COST001436,2026-04-30,Academic,Maintenance,10544.43,2026-04
COST001437,2026-04-30,Maintenance,Transport,8424.53,2026-04
COST001438,2026-04-30,Maintenance,Internet,2730.64,2026-04
COST001439,2026-04-30,Transport,Water,6168.5,2026-04
COST001440,2026-04-30,Transport,Food,12496.27,2026-04
COST001441,2026-05-01,Administration,Maintenance,5323.53,2026-05
COST001442,2026-05-01,Administration,Food,9746.59,2026-05
COST001443,2026-05-01,Hostel,Maintenance,8664.07,2026-05
COST001444,2026-05-01,Hostel,Food,12272.53,2026-05
COST001445,2026-05-01,Canteen,Transport,5925.47,2026-05
COST001446,2026-05-01,Canteen,Electricity,14088.9,2026-05
COST001447,2026-05-01,Academic,Cleaning,3154.75,2026-05
COST001448,2026-05-01,Academic,Maintenance,7327.02,2026-05
COST001449,2026-05-01,Maintenance,Other,3117.36,2026-05
COST001450,2026-05-01,Maintenance,Transport,8508.29,2026-05
COST001451,2026-05-01,Transport,Internet,1723.14,2026-05
COST001452,2026-05-01,Transport,Water,5267.93,2026-05
COST001453,2026-05-02,Administration,Cleaning,3039.09,2026-05
COST001454,2026-05-02,Administration,Water,5933.18,2026-05
COST001455,2026-05-02,Hostel,Other,3568.41,2026-05
COST001456,2026-05-02,Hostel,Maintenance,6537.62,2026-05
COST001457,2026-05-02,Canteen,Internet,3704.23,2026-05
COST001458,2026-05-02,Canteen,Cleaning,3714.5,2026-05
COST001459,2026-05-02,Academic,Water,5265.07,2026-05
COST001460,2026-05-02,Academic,Cleaning,4196.25,2026-05
COST001461,2026-05-02,Maintenance,Water,4653.47,2026-05
COST001462,2026-05-02,Maintenance,Food,10318.51,2026-05
COST001463,2026-05-02,Transport,Food,18465.27,2026-05
COST001464,2026-05-02,Transport,Maintenance,4836.37,2026-05
COST001465,2026-05-03,Administration,Other,3619.62,2026-05
COST001466,2026-05-03,Administration,Maintenance,5561.3,2026-05
COST001467,2026-05-03,Hostel,Water,4024.12,2026-05
COST001468,2026-05-03,Hostel,Internet,2758.59,2026-05
COST001469,2026-05-03,Canteen,Transport,9127.85,2026-05
COST001470,2026-05-03,Canteen,Electricity,21142.04,2026-05
COST001471,2026-05-03,Academic,Water,3280.86,2026-05
COST001472,2026-05-03,Academic,Maintenance,5773.81,2026-05
COST001473,2026-05-03,Maintenance,Maintenance,7435.56,2026-05
COST001474,2026-05-03,Maintenance,Other,3099.26,2026-05
COST001475,2026-05-03,Transport,Other,3670.91,2026-05
COST001476,2026-05-03,Transport,Food,13435.83,2026-05
COST001477,2026-05-04,Administration,Other,3310.76,2026-05
COST001478,2026-05-04,Administration,Maintenance,8701.16,2026-05
COST001479,2026-05-04,Hostel,Maintenance,7408.99,2026-05
COST001480,2026-05-04,Hostel,Food,16857.71,2026-05
COST001481,2026-05-04,Canteen,Cleaning,3514.31,2026-05
COST001482,2026-05-04,Canteen,Water,5498.21,2026-05
COST001483,2026-05-04,Academic,Transport,6885.43,2026-05
COST001484,2026-05-04,Academic,Electricity,10658.9,2026-05
COST001485,2026-05-04,Maintenance,Water,5549.29,2026-05
COST001486,2026-05-04,Maintenance,Maintenance,7811.24,2026-05
COST001487,2026-05-04,Transport,Maintenance,8424.53,2026-05
COST001488,2026-05-04,Transport,Water,4344.71,2026-05
COST001489,2026-05-05,Administration,Internet,1804.29,2026-05
COST001490,2026-05-05,Administration,Maintenance,6825.8,2026-05
COST001491,2026-05-05,Hostel,Food,13459.6,2026-05
COST001492,2026-05-05,Hostel,Other,3447.68,2026-05
COST001493,2026-05-05,Canteen,Internet,2095.4,2026-05
COST001494,2026-05-05,Canteen,Maintenance,6992.79,2026-05
COST001495,2026-05-05,Academic,Cleaning,4288.56,2026-05
COST001496,2026-05-05,Academic,Electricity,13049.78,2026-05
COST001497,2026-05-05,Maintenance,Food,8220.59,2026-05
COST001498,2026-05-05,Maintenance,Other,2972.21,2026-05
COST001499,2026-05-05,Transport,Maintenance,5386.08,2026-05
COST001500,2026-05-05,Transport,Transport,9041.81,2026-05
COST001501,2026-05-06,Administration,Food,12539.81,2026-05
COST001502,2026-05-06,Administration,Cleaning,3846.2,2026-05
COST001503,2026-05-06,Hostel,Electricity,16257.81,2026-05
COST001504,2026-05-06,Hostel,Maintenance,8596.22,2026-05
COST001505,2026-05-06,Canteen,Maintenance,7009.44,2026-05
COST001506,2026-05-06,Canteen,Internet,2713.05,2026-05
COST001507,2026-05-06,Academic,Transport,9952.81,2026-05
COST001508,2026-05-06,Academic,Food,10432.28,2026-05
COST001509,2026-05-06,Maintenance,Other,3526.9,2026-05
COST001510,2026-05-06,Maintenance,Internet,3830.38,2026-05
COST001511,2026-05-06,Transport,Cleaning,3718.85,2026-05
COST001512,2026-05-06,Transport,Food,12049.61,2026-05
COST001513,2026-05-07,Administration,Internet,2537.87,2026-05
COST001514,2026-05-07,Administration,Other,2482.35,2026-05
COST001515,2026-05-07,Hostel,Maintenance,7478.67,2026-05
COST001516,2026-05-07,Hostel,Water,4357.22,2026-05
COST001517,2026-05-07,Canteen,Other,3733.35,2026-05
COST001518,2026-05-07,Canteen,Maintenance,7887.5,2026-05
COST001519,2026-05-07,Academic,Cleaning,3597.22,2026-05
COST001520,2026-05-07,Academic,Other,2896.03,2026-05
COST001521,2026-05-07,Maintenance,Electricity,19647.26,2026-05
COST001522,2026-05-07,Maintenance,Food,15244.37,2026-05
COST001523,2026-05-07,Transport,Water,4725.05,2026-05
COST001524,2026-05-07,Transport,Maintenance,8920.86,2026-05
COST001525,2026-05-08,Administration,Food,14980.24,2026-05
COST001526,2026-05-08,Administration,Maintenance,8890.2,2026-05
COST001527,2026-05-08,Hostel,Food,10393.6,2026-05
COST001528,2026-05-08,Hostel,Other,3077.76,2026-05
COST001529,2026-05-08,Canteen,Food,11043.54,2026-05
COST001530,2026-05-08,Canteen,Electricity,18010.18,2026-05
COST001531,2026-05-08,Academic,Water,4677.93,2026-05
COST001532,2026-05-08,Academic,Cleaning,2993.17,2026-05
COST001533,2026-05-08,Maintenance,Maintenance,8186.23,2026-05
COST001534,2026-05-08,Maintenance,Water,6301.63,2026-05
COST001535,2026-05-08,Transport,Cleaning,5128.42,2026-05
COST001536,2026-05-08,Transport,Electricity,17228.24,2026-05
COST001537,2026-05-09,Administration,Transport,6747.35,2026-05
COST001538,2026-05-09,Administration,Electricity,17960.02,2026-05
COST001539,2026-05-09,Hostel,Cleaning,4048.18,2026-05
COST001540,2026-05-09,Hostel,Other,3383.06,2026-05
COST001541,2026-05-09,Canteen,Other,3802.16,2026-05
COST001542,2026-05-09,Canteen,Food,11985.99,2026-05
COST001543,2026-05-09,Academic,Internet,3192.25,2026-05
COST001544,2026-05-09,Academic,Cleaning,4537.73,2026-05
COST001545,2026-05-09,Maintenance,Other,3464.46,2026-05
COST001546,2026-05-09,Maintenance,Internet,1816.1,2026-05
COST001547,2026-05-09,Transport,Internet,2496.5,2026-05
COST001548,2026-05-09,Transport,Other,2611.83,2026-05
COST001549,2026-05-10,Administration,Water,4276.07,2026-05
COST001550,2026-05-10,Administration,Maintenance,11634.77,2026-05
COST001551,2026-05-10,Hostel,Other,3385.43,2026-05
COST001552,2026-05-10,Hostel,Food,9608.48,2026-05
COST001553,2026-05-10,Canteen,Other,3100.23,2026-05
COST001554,2026-05-10,Canteen,Food,13974.3,2026-05
COST001555,2026-05-10,Academic,Internet,2570.18,2026-05
COST001556,2026-05-10,Academic,Electricity,14205.24,2026-05
COST001557,2026-05-10,Maintenance,Water,3712.47,2026-05
COST001558,2026-05-10,Maintenance,Other,2680.54,2026-05
COST001559,2026-05-10,Transport,Transport,7253.96,2026-05
COST001560,2026-05-10,Transport,Internet,2040.8,2026-05
COST001561,2026-05-11,Administration,Other,3621.09,2026-05
COST001562,2026-05-11,Administration,Water,3577.83,2026-05
COST001563,2026-05-11,Hostel,Other,2630.14,2026-05
COST001564,2026-05-11,Hostel,Water,5272.44,2026-05
COST001565,2026-05-11,Canteen,Maintenance,8738.22,2026-05
COST001566,2026-05-11,Canteen,Electricity,21596.04,2026-05
COST001567,2026-05-11,Academic,Water,6217.85,2026-05
COST001568,2026-05-11,Academic,Electricity,11081.79,2026-05
COST001569,2026-05-11,Maintenance,Water,6682.44,2026-05
COST001570,2026-05-11,Maintenance,Cleaning,2700.93,2026-05
COST001571,2026-05-11,Transport,Electricity,11267.19,2026-05
COST001572,2026-05-11,Transport,Food,10365.47,2026-05
COST001573,2026-05-12,Administration,Transport,6926.64,2026-05
COST001574,2026-05-12,Administration,Cleaning,3117.09,2026-05
COST001575,2026-05-12,Hostel,Cleaning,4356.16,2026-05
COST001576,2026-05-12,Hostel,Maintenance,7722.93,2026-05
COST001577,2026-05-12,Canteen,Electricity,14450.65,2026-05
COST001578,2026-05-12,Canteen,Maintenance,8958.94,2026-05
COST001579,2026-05-12,Academic,Electricity,10935.73,2026-05
COST001580,2026-05-12,Academic,Maintenance,6758.77,2026-05
COST001581,2026-05-12,Maintenance,Other,3436.46,2026-05
COST001582,2026-05-12,Maintenance,Food,14483.09,2026-05
COST001583,2026-05-12,Transport,Other,3532.88,2026-05
COST001584,2026-05-12,Transport,Maintenance,4404.43,2026-05
COST001585,2026-05-13,Administration,Other,2910.51,2026-05
COST001586,2026-05-13,Administration,Food,5830.48,2026-05
COST001587,2026-05-13,Hostel,Other,3150.22,2026-05
COST001588,2026-05-13,Hostel,Food,11146.68,2026-05
COST001589,2026-05-13,Canteen,Maintenance,8827.27,2026-05
COST001590,2026-05-13,Canteen,Other,2871.53,2026-05
COST001591,2026-05-13,Academic,Electricity,18492.99,2026-05
COST001592,2026-05-13,Academic,Water,5673.33,2026-05
COST001593,2026-05-13,Maintenance,Maintenance,6666.86,2026-05
COST001594,2026-05-13,Maintenance,Food,11878.11,2026-05
COST001595,2026-05-13,Transport,Maintenance,8503.2,2026-05
COST001596,2026-05-13,Transport,Cleaning,4472.95,2026-05
COST001597,2026-05-14,Administration,Transport,6165.48,2026-05
COST001598,2026-05-14,Administration,Other,2751.69,2026-05
COST001599,2026-05-14,Hostel,Water,4999.01,2026-05
COST001600,2026-05-14,Hostel,Transport,8322.04,2026-05
COST001601,2026-05-14,Canteen,Electricity,20053.71,2026-05
COST001602,2026-05-14,Canteen,Cleaning,4215.31,2026-05
COST001603,2026-05-14,Academic,Maintenance,6822.83,2026-05
COST001604,2026-05-14,Academic,Other,2753.78,2026-05
COST001605,2026-05-14,Maintenance,Transport,9630.24,2026-05
COST001606,2026-05-14,Maintenance,Water,3886.36,2026-05
COST001607,2026-05-14,Transport,Internet,2663.01,2026-05
COST001608,2026-05-14,Transport,Other,3566.99,2026-05
COST001609,2026-05-15,Administration,Maintenance,7399.3,2026-05
COST001610,2026-05-15,Administration,Electricity,10800.91,2026-05
COST001611,2026-05-15,Hostel,Water,7624.4,2026-05
COST001612,2026-05-15,Hostel,Internet,2548.05,2026-05
COST001613,2026-05-15,Canteen,Maintenance,6829.38,2026-05
COST001614,2026-05-15,Canteen,Other,3697.93,2026-05
COST001615,2026-05-15,Academic,Cleaning,5235.54,2026-05
COST001616,2026-05-15,Academic,Electricity,19790.32,2026-05
COST001617,2026-05-15,Maintenance,Transport,8711.6,2026-05
COST001618,2026-05-15,Maintenance,Internet,3322.84,2026-05
COST001619,2026-05-15,Transport,Maintenance,7583.37,2026-05
COST001620,2026-05-15,Transport,Water,5195.23,2026-05
COST001621,2026-05-16,Administration,Cleaning,3670.36,2026-05
COST001622,2026-05-16,Administration,Water,2828.68,2026-05
COST001623,2026-05-16,Hostel,Internet,2003.23,2026-05
COST001624,2026-05-16,Hostel,Electricity,13452.05,2026-05
COST001625,2026-05-16,Canteen,Transport,7425.56,2026-05
COST001626,2026-05-16,Canteen,Other,2015.95,2026-05
COST001627,2026-05-16,Academic,Transport,7463.71,2026-05
COST001628,2026-05-16,Academic,Food,10235.93,2026-05
COST001629,2026-05-16,Maintenance,Food,9215.61,2026-05
COST001630,2026-05-16,Maintenance,Other,2010.8,2026-05
COST001631,2026-05-16,Transport,Cleaning,3333.71,2026-05
COST001632,2026-05-16,Transport,Electricity,19013.82,2026-05
COST001633,2026-05-17,Administration,Cleaning,5802.86,2026-05
COST001634,2026-05-17,Administration,Other,3650.52,2026-05
COST001635,2026-05-17,Hostel,Water,3396.67,2026-05
COST001636,2026-05-17,Hostel,Transport,4154.41,2026-05
COST001637,2026-05-17,Canteen,Maintenance,10428.01,2026-05
COST001638,2026-05-17,Canteen,Other,3597.28,2026-05
COST001639,2026-05-17,Academic,Internet,2311.5,2026-05
COST001640,2026-05-17,Academic,Cleaning,3762.43,2026-05
COST001641,2026-05-17,Maintenance,Food,12849.3,2026-05
COST001642,2026-05-17,Maintenance,Transport,7273.56,2026-05
COST001643,2026-05-17,Transport,Water,6342.82,2026-05
COST001644,2026-05-17,Transport,Internet,2549.41,2026-05
COST001645,2026-05-18,Administration,Food,11451.04,2026-05
COST001646,2026-05-18,Administration,Other,3021.07,2026-05
COST001647,2026-05-18,Hostel,Transport,4196.04,2026-05
COST001648,2026-05-18,Hostel,Other,3437.77,2026-05
COST001649,2026-05-18,Canteen,Other,3276.18,2026-05
COST001650,2026-05-18,Canteen,Food,6536.8,2026-05
COST001651,2026-05-18,Academic,Internet,2597.9,2026-05
COST001652,2026-05-18,Academic,Water,4600.15,2026-05
COST001653,2026-05-18,Maintenance,Other,2447.37,2026-05
COST001654,2026-05-18,Maintenance,Maintenance,9848.28,2026-05
COST001655,2026-05-18,Transport,Transport,9751.71,2026-05
COST001656,2026-05-18,Transport,Internet,2174.72,2026-05
COST001657,2026-05-19,Administration,Internet,2026.85,2026-05
COST001658,2026-05-19,Administration,Water,4952.9,2026-05
COST001659,2026-05-19,Hostel,Electricity,11907.79,2026-05
COST001660,2026-05-19,Hostel,Other,2958.1,2026-05
COST001661,2026-05-19,Canteen,Water,5051.42,2026-05
COST001662,2026-05-19,Canteen,Maintenance,11215.77,2026-05
COST001663,2026-05-19,Academic,Other,2040.88,2026-05
COST001664,2026-05-19,Academic,Internet,2758.09,2026-05
COST001665,2026-05-19,Maintenance,Other,3182.43,2026-05
COST001666,2026-05-19,Maintenance,Maintenance,7525.78,2026-05
COST001667,2026-05-19,Transport,Electricity,9240.74,2026-05
COST001668,2026-05-19,Transport,Food,15544.85,2026-05
COST001669,2026-05-20,Administration,Water,3804.13,2026-05
COST001670,2026-05-20,Administration,Transport,7797.67,2026-05
COST001671,2026-05-20,Hostel,Other,2691.45,2026-05
COST001672,2026-05-20,Hostel,Maintenance,7666.43,2026-05
COST001673,2026-05-20,Canteen,Internet,1905.36,2026-05
COST001674,2026-05-20,Canteen,Other,2949.47,2026-05
COST001675,2026-05-20,Academic,Electricity,16440.55,2026-05
COST001676,2026-05-20,Academic,Maintenance,6413.13,2026-05
COST001677,2026-05-20,Maintenance,Water,4916.74,2026-05
COST001678,2026-05-20,Maintenance,Electricity,16554.61,2026-05
COST001679,2026-05-20,Transport,Water,6359.81,2026-05
COST001680,2026-05-20,Transport,Maintenance,8019.63,2026-05
COST001681,2026-05-21,Administration,Cleaning,3312.19,2026-05
COST001682,2026-05-21,Administration,Internet,1354.72,2026-05
COST001683,2026-05-21,Hostel,Electricity,11832.74,2026-05
COST001684,2026-05-21,Hostel,Food,14174.92,2026-05
COST001685,2026-05-21,Canteen,Other,2567.07,2026-05
COST001686,2026-05-21,Canteen,Cleaning,3629.06,2026-05
COST001687,2026-05-21,Academic,Food,10290.07,2026-05
COST001688,2026-05-21,Academic,Transport,5385.83,2026-05
COST001689,2026-05-21,Maintenance,Cleaning,5386.54,2026-05
COST001690,2026-05-21,Maintenance,Other,3569.27,2026-05
COST001691,2026-05-21,Transport,Food,9233.54,2026-05
COST001692,2026-05-21,Transport,Cleaning,3546.58,2026-05
COST001693,2026-05-22,Administration,Maintenance,9677.36,2026-05
COST001694,2026-05-22,Administration,Cleaning,5822.27,2026-05
COST001695,2026-05-22,Hostel,Cleaning,3401.5,2026-05
COST001696,2026-05-22,Hostel,Maintenance,6119.51,2026-05
COST001697,2026-05-22,Canteen,Cleaning,3057.27,2026-05
COST001698,2026-05-22,Canteen,Food,9438.24,2026-05
COST001699,2026-05-22,Academic,Water,5076.38,2026-05
COST001700,2026-05-22,Academic,Other,3526.13,2026-05
COST001701,2026-05-22,Maintenance,Food,11536.96,2026-05
COST001702,2026-05-22,Maintenance,Internet,2994.8,2026-05
COST001703,2026-05-22,Transport,Other,2532.79,2026-05
COST001704,2026-05-22,Transport,Cleaning,3818.02,2026-05
COST001705,2026-05-23,Administration,Food,8143.68,2026-05
COST001706,2026-05-23,Administration,Other,2357.49,2026-05
COST001707,2026-05-23,Hostel,Internet,3062.64,2026-05
COST001708,2026-05-23,Hostel,Maintenance,6496.55,2026-05
COST001709,2026-05-23,Canteen,Cleaning,2178.78,2026-05
COST001710,2026-05-23,Canteen,Food,8576.0,2026-05
COST001711,2026-05-23,Academic,Food,12277.63,2026-05
COST001712,2026-05-23,Academic,Cleaning,4945.74,2026-05
COST001713,2026-05-23,Maintenance,Internet,2123.01,2026-05
COST001714,2026-05-23,Maintenance,Electricity,12010.9,2026-05
COST001715,2026-05-23,Transport,Cleaning,4455.38,2026-05
COST001716,2026-05-23,Transport,Water,6191.92,2026-05
COST001717,2026-05-24,Administration,Transport,7940.58,2026-05
COST001718,2026-05-24,Administration,Cleaning,3918.15,2026-05
COST001719,2026-05-24,Hostel,Cleaning,3496.57,2026-05
COST001720,2026-05-24,Hostel,Transport,8918.39,2026-05
COST001721,2026-05-24,Canteen,Internet,2929.87,2026-05
COST001722,2026-05-24,Canteen,Cleaning,3584.29,2026-05
COST001723,2026-05-24,Academic,Electricity,15750.32,2026-05
COST001724,2026-05-24,Academic,Transport,7566.88,2026-05
COST001725,2026-05-24,Maintenance,Internet,2559.56,2026-05
COST001726,2026-05-24,Maintenance,Electricity,16121.2,2026-05
COST001727,2026-05-24,Transport,Maintenance,9330.88,2026-05
COST001728,2026-05-24,Transport,Cleaning,3430.45,2026-05
COST001729,2026-05-25,Administration,Other,3630.48,2026-05
COST001730,2026-05-25,Administration,Maintenance,8064.79,2026-05
COST001731,2026-05-25,Hostel,Water,4511.56,2026-05
COST001732,2026-05-25,Hostel,Other,3583.97,2026-05
COST001733,2026-05-25,Canteen,Other,3015.53,2026-05
COST001734,2026-05-25,Canteen,Maintenance,8296.13,2026-05
COST001735,2026-05-25,Academic,Other,3272.06,2026-05
COST001736,2026-05-25,Academic,Cleaning,4128.4,2026-05
COST001737,2026-05-25,Maintenance,Cleaning,3258.29,2026-05
COST001738,2026-05-25,Maintenance,Internet,2513.95,2026-05
COST001739,2026-05-25,Transport,Food,7539.3,2026-05
COST001740,2026-05-25,Transport,Electricity,16242.8,2026-05
COST001741,2026-05-26,Administration,Water,5181.55,2026-05
COST001742,2026-05-26,Administration,Electricity,16115.66,2026-05
COST001743,2026-05-26,Hostel,Internet,2770.32,2026-05
COST001744,2026-05-26,Hostel,Maintenance,7745.87,2026-05
COST001745,2026-05-26,Canteen,Food,13301.29,2026-05
COST001746,2026-05-26,Canteen,Electricity,16025.01,2026-05
COST001747,2026-05-26,Academic,Internet,1847.51,2026-05
COST001748,2026-05-26,Academic,Food,12721.51,2026-05
COST001749,2026-05-26,Maintenance,Transport,5015.97,2026-05
COST001750,2026-05-26,Maintenance,Cleaning,3977.76,2026-05
COST001751,2026-05-26,Transport,Transport,6682.43,2026-05
COST001752,2026-05-26,Transport,Internet,2054.77,2026-05
COST001753,2026-05-27,Administration,Food,13918.74,2026-05
COST001754,2026-05-27,Administration,Transport,6884.11,2026-05
COST001755,2026-05-27,Hostel,Transport,6235.78,2026-05
COST001756,2026-05-27,Hostel,Other,3303.74,2026-05
COST001757,2026-05-27,Canteen,Internet,2063.01,2026-05
COST001758,2026-05-27,Canteen,Transport,9059.52,2026-05
COST001759,2026-05-27,Academic,Cleaning,4386.51,2026-05
COST001760,2026-05-27,Academic,Other,2849.51,2026-05
COST001761,2026-05-27,Maintenance,Food,11266.42,2026-05
COST001762,2026-05-27,Maintenance,Water,5459.35,2026-05
COST001763,2026-05-27,Transport,Transport,7215.07,2026-05
COST001764,2026-05-27,Transport,Food,10858.69,2026-05
COST001765,2026-05-28,Administration,Other,3217.18,2026-05
COST001766,2026-05-28,Administration,Internet,1354.39,2026-05
COST001767,2026-05-28,Hostel,Food,8276.73,2026-05
COST001768,2026-05-28,Hostel,Water,6863.88,2026-05
COST001769,2026-05-28,Canteen,Cleaning,3951.49,2026-05
COST001770,2026-05-28,Canteen,Food,14704.98,2026-05
COST001771,2026-05-28,Academic,Transport,7621.95,2026-05
COST001772,2026-05-28,Academic,Cleaning,4635.64,2026-05
COST001773,2026-05-28,Maintenance,Cleaning,4267.24,2026-05
COST001774,2026-05-28,Maintenance,Maintenance,8863.74,2026-05
COST001775,2026-05-28,Transport,Internet,1846.5,2026-05
COST001776,2026-05-28,Transport,Cleaning,2821.62,2026-05
COST001777,2026-05-29,Administration,Water,5560.57,2026-05
COST001778,2026-05-29,Administration,Maintenance,7083.54,2026-05
COST001779,2026-05-29,Hostel,Food,13696.99,2026-05
COST001780,2026-05-29,Hostel,Water,3909.7,2026-05
COST001781,2026-05-29,Canteen,Water,5056.17,2026-05
COST001782,2026-05-29,Canteen,Food,9632.29,2026-05
COST001783,2026-05-29,Academic,Food,11625.94,2026-05
COST001784,2026-05-29,Academic,Water,6133.8,2026-05
COST001785,2026-05-29,Maintenance,Maintenance,6896.15,2026-05
COST001786,2026-05-29,Maintenance,Other,2131.65,2026-05
COST001787,2026-05-29,Transport,Internet,3438.76,2026-05
COST001788,2026-05-29,Transport,Water,3634.0,2026-05
COST001789,2026-05-30,Administration,Food,11552.72,2026-05
COST001790,2026-05-30,Administration,Maintenance,8790.19,2026-05
COST001791,2026-05-30,Hostel,Other,2152.6,2026-05
COST001792,2026-05-30,Hostel,Food,10383.08,2026-05
COST001793,2026-05-30,Canteen,Maintenance,8415.47,2026-05
COST001794,2026-05-30,Canteen,Other,2562.92,2026-05
COST001795,2026-05-30,Academic,Cleaning,4599.91,2026-05
COST001796,2026-05-30,Academic,Electricity,17146.07,2026-05
COST001797,2026-05-30,Maintenance,Cleaning,4185.84,2026-05
COST001798,2026-05-30,Maintenance,Electricity,18789.05,2026-05
COST001799,2026-05-30,Transport,Internet,2337.75,2026-05
COST001800,2026-05-30,Transport,Transport,6435.99,2026-05
COST001801,2026-05-31,Administration,Other,2868.59,2026-05
COST001802,2026-05-31,Administration,Maintenance,7108.32,2026-05
COST001803,2026-05-31,Hostel,Maintenance,5411.64,2026-05
COST001804,2026-05-31,Hostel,Water,4023.9,2026-05
COST001805,2026-05-31,Canteen,Maintenance,9347.47,2026-05
COST001806,2026-05-31,Canteen,Internet,3049.88,2026-05
COST001807,2026-05-31,Academic,Cleaning,3094.78,2026-05
COST001808,2026-05-31,Academic,Other,4164.69,2026-05
COST001809,2026-05-31,Maintenance,Transport,6068.39,2026-05
COST001810,2026-05-31,Maintenance,Maintenance,8760.64,2026-05
COST001811,2026-05-31,Transport,Water,3690.51,2026-05
COST001812,2026-05-31,Transport,Cleaning,3698.2,2026-05
COST001813,2026-06-01,Administration,Transport,9881.79,2026-06
COST001814,2026-06-01,Administration,Maintenance,9226.33,2026-06
COST001815,2026-06-01,Hostel,Transport,6310.87,2026-06
COST001816,2026-06-01,Hostel,Maintenance,9300.93,2026-06
COST001817,2026-06-01,Canteen,Electricity,12319.6,2026-06
COST001818,2026-06-01,Canteen,Internet,2453.05,2026-06
COST001819,2026-06-01,Academic,Cleaning,5152.1,2026-06
COST001820,2026-06-01,Academic,Water,4654.45,2026-06
COST001821,2026-06-01,Maintenance,Transport,7104.4,2026-06
COST001822,2026-06-01,Maintenance,Water,3181.05,2026-06
COST001823,2026-06-01,Transport,Cleaning,3866.92,2026-06
COST001824,2026-06-01,Transport,Water,6218.23,2026-06
COST001825,2026-06-02,Administration,Food,13642.68,2026-06
COST001826,2026-06-02,Administration,Water,4416.52,2026-06
COST001827,2026-06-02,Hostel,Other,2674.75,2026-06
COST001828,2026-06-02,Hostel,Cleaning,2675.74,2026-06
COST001829,2026-06-02,Canteen,Water,5945.67,2026-06
COST001830,2026-06-02,Canteen,Cleaning,3173.89,2026-06
COST001831,2026-06-02,Academic,Maintenance,11259.31,2026-06
COST001832,2026-06-02,Academic,Water,6787.19,2026-06
COST001833,2026-06-02,Maintenance,Cleaning,4540.19,2026-06
COST001834,2026-06-02,Maintenance,Maintenance,9502.46,2026-06
COST001835,2026-06-02,Transport,Electricity,7392.77,2026-06
COST001836,2026-06-02,Transport,Other,2893.47,2026-06
COST001837,2026-06-03,Administration,Cleaning,3505.28,2026-06
COST001838,2026-06-03,Administration,Other,2169.03,2026-06
COST001839,2026-06-03,Hostel,Internet,2181.26,2026-06
COST001840,2026-06-03,Hostel,Transport,6470.23,2026-06
COST001841,2026-06-03,Canteen,Internet,2506.94,2026-06
COST001842,2026-06-03,Canteen,Electricity,11061.4,2026-06
COST001843,2026-06-03,Academic,Transport,9489.05,2026-06
COST001844,2026-06-03,Academic,Electricity,12969.75,2026-06
COST001845,2026-06-03,Maintenance,Electricity,18379.22,2026-06
COST001846,2026-06-03,Maintenance,Transport,7857.56,2026-06
COST001847,2026-06-03,Transport,Internet,3006.57,2026-06
COST001848,2026-06-03,Transport,Food,11787.32,2026-06
COST001849,2026-06-04,Administration,Cleaning,4709.36,2026-06
COST001850,2026-06-04,Administration,Electricity,14152.93,2026-06
COST001851,2026-06-04,Hostel,Internet,2419.05,2026-06
COST001852,2026-06-04,Hostel,Electricity,11869.49,2026-06
COST001853,2026-06-04,Canteen,Food,9798.13,2026-06
COST001854,2026-06-04,Canteen,Maintenance,10404.54,2026-06
COST001855,2026-06-04,Academic,Transport,7692.31,2026-06
COST001856,2026-06-04,Academic,Other,2701.99,2026-06
COST001857,2026-06-04,Maintenance,Transport,5770.15,2026-06
COST001858,2026-06-04,Maintenance,Food,13195.93,2026-06
COST001859,2026-06-04,Transport,Maintenance,10232.13,2026-06
COST001860,2026-06-04,Transport,Other,2538.4,2026-06
COST001861,2026-06-05,Administration,Electricity,17762.23,2026-06
COST001862,2026-06-05,Administration,Water,6718.44,2026-06
COST001863,2026-06-05,Hostel,Cleaning,3634.41,2026-06
COST001864,2026-06-05,Hostel,Other,2799.95,2026-06
COST001865,2026-06-05,Canteen,Food,13135.42,2026-06
COST001866,2026-06-05,Canteen,Cleaning,4120.95,2026-06
COST001867,2026-06-05,Academic,Other,3041.6,2026-06
COST001868,2026-06-05,Academic,Internet,2147.62,2026-06
COST001869,2026-06-05,Maintenance,Transport,5491.58,2026-06
COST001870,2026-06-05,Maintenance,Cleaning,5062.31,2026-06
COST001871,2026-06-05,Transport,Other,2255.99,2026-06
COST001872,2026-06-05,Transport,Water,6269.0,2026-06
COST001873,2026-06-06,Administration,Food,13109.49,2026-06
COST001874,2026-06-06,Administration,Electricity,12244.8,2026-06
COST001875,2026-06-06,Hostel,Cleaning,5491.91,2026-06
COST001876,2026-06-06,Hostel,Food,13395.23,2026-06
COST001877,2026-06-06,Canteen,Internet,2320.4,2026-06
COST001878,2026-06-06,Canteen,Electricity,15452.95,2026-06
COST001879,2026-06-06,Academic,Internet,3816.14,2026-06
COST001880,2026-06-06,Academic,Maintenance,12939.17,2026-06
COST001881,2026-06-06,Maintenance,Electricity,9143.36,2026-06
COST001882,2026-06-06,Maintenance,Food,13555.06,2026-06
COST001883,2026-06-06,Transport,Electricity,18736.67,2026-06
COST001884,2026-06-06,Transport,Cleaning,3296.02,2026-06
COST001885,2026-06-07,Administration,Water,5889.65,2026-06
COST001886,2026-06-07,Administration,Electricity,13743.57,2026-06
COST001887,2026-06-07,Hostel,Maintenance,9273.8,2026-06
COST001888,2026-06-07,Hostel,Transport,6059.2,2026-06
COST001889,2026-06-07,Canteen,Water,5300.32,2026-06
COST001890,2026-06-07,Canteen,Other,2895.77,2026-06
COST001891,2026-06-07,Academic,Food,12233.9,2026-06
COST001892,2026-06-07,Academic,Other,4642.88,2026-06
COST001893,2026-06-07,Maintenance,Water,3992.98,2026-06
COST001894,2026-06-07,Maintenance,Maintenance,9225.83,2026-06
COST001895,2026-06-07,Transport,Internet,2534.07,2026-06
COST001896,2026-06-07,Transport,Food,13058.36,2026-06
COST001897,2026-06-08,Administration,Water,4692.73,2026-06
COST001898,2026-06-08,Administration,Cleaning,3780.7,2026-06
COST001899,2026-06-08,Hostel,Electricity,13195.86,2026-06
COST001900,2026-06-08,Hostel,Other,2865.81,2026-06
COST001901,2026-06-08,Canteen,Cleaning,3646.02,2026-06
COST001902,2026-06-08,Canteen,Food,12056.56,2026-06
COST001903,2026-06-08,Academic,Internet,1583.25,2026-06
COST001904,2026-06-08,Academic,Maintenance,5500.36,2026-06
COST001905,2026-06-08,Maintenance,Transport,9046.48,2026-06
COST001906,2026-06-08,Maintenance,Internet,2299.28,2026-06
COST001907,2026-06-08,Transport,Electricity,13062.01,2026-06
COST001908,2026-06-08,Transport,Water,6844.03,2026-06
COST001909,2026-06-09,Administration,Other,3042.72,2026-06
COST001910,2026-06-09,Administration,Internet,2583.59,2026-06
COST001911,2026-06-09,Hostel,Water,4786.64,2026-06
COST001912,2026-06-09,Hostel,Cleaning,4073.66,2026-06
COST001913,2026-06-09,Canteen,Water,3227.25,2026-06
COST001914,2026-06-09,Canteen,Internet,2115.65,2026-06
COST001915,2026-06-09,Academic,Electricity,18108.86,2026-06
COST001916,2026-06-09,Academic,Transport,7781.35,2026-06
COST001917,2026-06-09,Maintenance,Maintenance,7656.02,2026-06
COST001918,2026-06-09,Maintenance,Internet,3180.48,2026-06
COST001919,2026-06-09,Transport,Internet,3016.87,2026-06
COST001920,2026-06-09,Transport,Other,3104.66,2026-06
COST001921,2026-06-10,Administration,Internet,2706.96,2026-06
COST001922,2026-06-10,Administration,Cleaning,2572.04,2026-06
COST001923,2026-06-10,Hostel,Transport,7208.54,2026-06
COST001924,2026-06-10,Hostel,Electricity,14841.73,2026-06
COST001925,2026-06-10,Canteen,Cleaning,4194.65,2026-06
COST001926,2026-06-10,Canteen,Other,3025.99,2026-06
COST001927,2026-06-10,Academic,Cleaning,3874.38,2026-06
COST001928,2026-06-10,Academic,Electricity,16736.06,2026-06
COST001929,2026-06-10,Maintenance,Water,4468.37,2026-06
COST001930,2026-06-10,Maintenance,Internet,1575.55,2026-06
COST001931,2026-06-10,Transport,Cleaning,3793.01,2026-06
COST001932,2026-06-10,Transport,Electricity,11128.64,2026-06
COST001933,2026-06-11,Administration,Electricity,16456.05,2026-06
COST001934,2026-06-11,Administration,Maintenance,7928.75,2026-06
COST001935,2026-06-11,Hostel,Maintenance,8435.79,2026-06
COST001936,2026-06-11,Hostel,Other,2239.19,2026-06
COST001937,2026-06-11,Canteen,Electricity,20496.56,2026-06
COST001938,2026-06-11,Canteen,Maintenance,12556.79,2026-06
COST001939,2026-06-11,Academic,Other,3607.94,2026-06
COST001940,2026-06-11,Academic,Electricity,10365.53,2026-06
COST001941,2026-06-11,Maintenance,Transport,6200.69,2026-06
COST001942,2026-06-11,Maintenance,Electricity,13013.22,2026-06
COST001943,2026-06-11,Transport,Maintenance,7950.82,2026-06
COST001944,2026-06-11,Transport,Other,2235.61,2026-06
COST001945,2026-06-12,Administration,Food,11513.08,2026-06
COST001946,2026-06-12,Administration,Other,3450.63,2026-06
COST001947,2026-06-12,Hostel,Internet,3195.09,2026-06
COST001948,2026-06-12,Hostel,Maintenance,6657.45,2026-06
COST001949,2026-06-12,Canteen,Internet,2744.12,2026-06
COST001950,2026-06-12,Canteen,Water,7109.22,2026-06
COST001951,2026-06-12,Academic,Water,4739.21,2026-06
COST001952,2026-06-12,Academic,Transport,7861.56,2026-06
COST001953,2026-06-12,Maintenance,Internet,2764.31,2026-06
COST001954,2026-06-12,Maintenance,Other,3176.62,2026-06
COST001955,2026-06-12,Transport,Electricity,15105.14,2026-06
COST001956,2026-06-12,Transport,Maintenance,5055.49,2026-06
COST001957,2026-06-13,Administration,Food,14090.31,2026-06
COST001958,2026-06-13,Administration,Water,4927.32,2026-06
COST001959,2026-06-13,Hostel,Food,8689.57,2026-06
COST001960,2026-06-13,Hostel,Cleaning,3684.65,2026-06
COST001961,2026-06-13,Canteen,Water,4281.64,2026-06
COST001962,2026-06-13,Canteen,Transport,6699.25,2026-06
COST001963,2026-06-13,Academic,Internet,2154.48,2026-06
COST001964,2026-06-13,Academic,Electricity,12592.4,2026-06
COST001965,2026-06-13,Maintenance,Electricity,12749.41,2026-06
COST001966,2026-06-13,Maintenance,Other,3047.97,2026-06
COST001967,2026-06-13,Transport,Maintenance,7997.95,2026-06
COST001968,2026-06-13,Transport,Internet,2334.09,2026-06
COST001969,2026-06-14,Administration,Cleaning,3564.04,2026-06
COST001970,2026-06-14,Administration,Internet,1829.52,2026-06
COST001971,2026-06-14,Hostel,Maintenance,8005.23,2026-06
COST001972,2026-06-14,Hostel,Water,4755.98,2026-06
COST001973,2026-06-14,Canteen,Internet,2748.56,2026-06
COST001974,2026-06-14,Canteen,Electricity,14191.01,2026-06
COST001975,2026-06-14,Academic,Transport,4415.69,2026-06
COST001976,2026-06-14,Academic,Maintenance,10243.78,2026-06
COST001977,2026-06-14,Maintenance,Water,4623.69,2026-06
COST001978,2026-06-14,Maintenance,Electricity,16044.49,2026-06
COST001979,2026-06-14,Transport,Transport,5550.04,2026-06
COST001980,2026-06-14,Transport,Maintenance,6335.12,2026-06
COST001981,2026-06-15,Administration,Food,16810.42,2026-06
COST001982,2026-06-15,Administration,Other,3295.31,2026-06
COST001983,2026-06-15,Hostel,Maintenance,8018.69,2026-06
COST001984,2026-06-15,Hostel,Electricity,15233.44,2026-06
COST001985,2026-06-15,Canteen,Transport,6901.13,2026-06
COST001986,2026-06-15,Canteen,Water,4931.15,2026-06
COST001987,2026-06-15,Academic,Cleaning,2782.9,2026-06
COST001988,2026-06-15,Academic,Maintenance,10401.55,2026-06
COST001989,2026-06-15,Maintenance,Internet,2791.57,2026-06
COST001990,2026-06-15,Maintenance,Electricity,11642.75,2026-06
COST001991,2026-06-15,Transport,Other,3324.31,2026-06
COST001992,2026-06-15,Transport,Transport,7113.78,2026-06
COST001993,2026-06-16,Administration,Water,4294.08,2026-06
COST001994,2026-06-16,Administration,Cleaning,3937.36,2026-06
COST001995,2026-06-16,Hostel,Internet,2497.02,2026-06
COST001996,2026-06-16,Hostel,Food,9745.17,2026-06
COST001997,2026-06-16,Canteen,Food,12792.48,2026-06
COST001998,2026-06-16,Canteen,Transport,9578.53,2026-06
COST001999,2026-06-16,Academic,Maintenance,9183.64,2026-06
COST002000,2026-06-16,Academic,Electricity,19181.36,2026-06
COST002001,2026-06-16,Maintenance,Electricity,16156.15,2026-06
COST002002,2026-06-16,Maintenance,Water,6199.9,2026-06
COST002003,2026-06-16,Transport,Food,11043.51,2026-06
COST002004,2026-06-16,Transport,Electricity,13146.71,2026-06
COST002005,2026-06-17,Administration,Internet,2351.48,2026-06
COST002006,2026-06-17,Administration,Other,2978.17,2026-06
COST002007,2026-06-17,Hostel,Maintenance,7256.0,2026-06
COST002008,2026-06-17,Hostel,Cleaning,4417.55,2026-06
COST002009,2026-06-17,Canteen,Maintenance,8346.29,2026-06
COST002010,2026-06-17,Canteen,Transport,6393.97,2026-06
COST002011,2026-06-17,Academic,Maintenance,5709.68,2026-06
COST002012,2026-06-17,Academic,Electricity,15871.23,2026-06
COST002013,2026-06-17,Maintenance,Maintenance,9198.78,2026-06
COST002014,2026-06-17,Maintenance,Electricity,11809.31,2026-06
COST002015,2026-06-17,Transport,Cleaning,4448.93,2026-06
COST002016,2026-06-17,Transport,Internet,1705.8,2026-06
COST002017,2026-06-18,Administration,Internet,2006.58,2026-06
COST002018,2026-06-18,Administration,Maintenance,6403.74,2026-06
COST002019,2026-06-18,Hostel,Other,1861.59,2026-06
COST002020,2026-06-18,Hostel,Cleaning,4498.8,2026-06
COST002021,2026-06-18,Canteen,Food,9094.07,2026-06
COST002022,2026-06-18,Canteen,Other,3459.5,2026-06
COST002023,2026-06-18,Academic,Maintenance,9051.3,2026-06
COST002024,2026-06-18,Academic,Electricity,18507.69,2026-06
COST002025,2026-06-18,Maintenance,Other,2523.08,2026-06
COST002026,2026-06-18,Maintenance,Cleaning,4286.04,2026-06
COST002027,2026-06-18,Transport,Internet,2896.46,2026-06
COST002028,2026-06-18,Transport,Other,3327.07,2026-06
COST002029,2026-06-19,Administration,Internet,2653.47,2026-06
COST002030,2026-06-19,Administration,Transport,6461.83,2026-06
COST002031,2026-06-19,Hostel,Internet,2130.31,2026-06
COST002032,2026-06-19,Hostel,Electricity,17398.84,2026-06
COST002033,2026-06-19,Canteen,Food,13400.13,2026-06
COST002034,2026-06-19,Canteen,Other,3057.32,2026-06
COST002035,2026-06-19,Academic,Food,9503.23,2026-06
COST002036,2026-06-19,Academic,Transport,6886.38,2026-06
COST002037,2026-06-19,Maintenance,Maintenance,8797.68,2026-06
COST002038,2026-06-19,Maintenance,Transport,4273.16,2026-06
COST002039,2026-06-19,Transport,Transport,3689.29,2026-06
COST002040,2026-06-19,Transport,Other,3828.42,2026-06
COST002041,2026-06-20,Administration,Electricity,16727.24,2026-06
COST002042,2026-06-20,Administration,Internet,3186.72,2026-06
COST002043,2026-06-20,Hostel,Other,3462.48,2026-06
COST002044,2026-06-20,Hostel,Transport,8633.71,2026-06
COST002045,2026-06-20,Canteen,Internet,3509.33,2026-06
COST002046,2026-06-20,Canteen,Cleaning,5481.75,2026-06
COST002047,2026-06-20,Academic,Maintenance,7497.48,2026-06
COST002048,2026-06-20,Academic,Other,3194.51,2026-06
COST002049,2026-06-20,Maintenance,Maintenance,8161.38,2026-06
COST002050,2026-06-20,Maintenance,Water,4260.51,2026-06
COST002051,2026-06-20,Transport,Other,2433.24,2026-06
COST002052,2026-06-20,Transport,Electricity,9856.81,2026-06
COST002053,2026-06-21,Administration,Food,13872.75,2026-06
COST002054,2026-06-21,Administration,Maintenance,7226.65,2026-06
COST002055,2026-06-21,Hostel,Water,5808.58,2026-06
COST002056,2026-06-21,Hostel,Food,15466.53,2026-06
COST002057,2026-06-21,Canteen,Electricity,8899.76,2026-06
COST002058,2026-06-21,Canteen,Transport,6291.19,2026-06
COST002059,2026-06-21,Academic,Water,4785.45,2026-06
COST002060,2026-06-21,Academic,Internet,3037.81,2026-06
COST002061,2026-06-21,Maintenance,Transport,5962.47,2026-06
COST002062,2026-06-21,Maintenance,Internet,2568.99,2026-06
COST002063,2026-06-21,Transport,Cleaning,4425.67,2026-06
COST002064,2026-06-21,Transport,Water,4705.72,2026-06
COST002065,2026-06-22,Administration,Internet,2525.45,2026-06
COST002066,2026-06-22,Administration,Other,3064.71,2026-06
COST002067,2026-06-22,Hostel,Internet,3868.52,2026-06
COST002068,2026-06-22,Hostel,Electricity,10963.59,2026-06
COST002069,2026-06-22,Canteen,Electricity,14647.9,2026-06
COST002070,2026-06-22,Canteen,Water,4379.9,2026-06
COST002071,2026-06-22,Academic,Electricity,18171.97,2026-06
COST002072,2026-06-22,Academic,Internet,2225.72,2026-06
COST002073,2026-06-22,Maintenance,Maintenance,9226.76,2026-06
COST002074,2026-06-22,Maintenance,Transport,6411.05,2026-06
COST002075,2026-06-22,Transport,Maintenance,8912.52,2026-06
COST002076,2026-06-22,Transport,Transport,7937.03,2026-06
COST002077,2026-06-23,Administration,Food,16879.98,2026-06
COST002078,2026-06-23,Administration,Water,4822.13,2026-06
COST002079,2026-06-23,Hostel,Food,9736.51,2026-06
COST002080,2026-06-23,Hostel,Cleaning,3316.31,2026-06
COST002081,2026-06-23,Canteen,Water,4810.07,2026-06
COST002082,2026-06-23,Canteen,Transport,5889.71,2026-06
COST002083,2026-06-23,Academic,Maintenance,11062.2,2026-06
COST002084,2026-06-23,Academic,Food,7166.38,2026-06
COST002085,2026-06-23,Maintenance,Electricity,11890.15,2026-06
COST002086,2026-06-23,Maintenance,Cleaning,2333.78,2026-06
COST002087,2026-06-23,Transport,Electricity,16207.08,2026-06
COST002088,2026-06-23,Transport,Internet,1629.22,2026-06
COST002089,2026-06-24,Administration,Food,8439.37,2026-06
COST002090,2026-06-24,Administration,Internet,2988.86,2026-06
COST002091,2026-06-24,Hostel,Electricity,14408.17,2026-06
COST002092,2026-06-24,Hostel,Maintenance,8275.33,2026-06
COST002093,2026-06-24,Canteen,Other,3116.98,2026-06
COST002094,2026-06-24,Canteen,Maintenance,7272.01,2026-06
COST002095,2026-06-24,Academic,Transport,4945.68,2026-06
COST002096,2026-06-24,Academic,Other,2098.37,2026-06
COST002097,2026-06-24,Maintenance,Electricity,15975.25,2026-06
COST002098,2026-06-24,Maintenance,Maintenance,8667.82,2026-06
COST002099,2026-06-24,Transport,Water,6063.35,2026-06
COST002100,2026-06-24,Transport,Cleaning,3695.68,2026-06
COST002101,2026-06-25,Administration,Food,7639.59,2026-06
COST002102,2026-06-25,Administration,Other,3125.58,2026-06
COST002103,2026-06-25,Hostel,Water,6325.61,2026-06
COST002104,2026-06-25,Hostel,Other,2658.74,2026-06
COST002105,2026-06-25,Canteen,Water,3788.08,2026-06
COST002106,2026-06-25,Canteen,Electricity,14635.88,2026-06
COST002107,2026-06-25,Academic,Internet,2410.73,2026-06
COST002108,2026-06-25,Academic,Transport,6528.61,2026-06
COST002109,2026-06-25,Maintenance,Transport,8524.22,2026-06
COST002110,2026-06-25,Maintenance,Food,10514.67,2026-06
COST002111,2026-06-25,Transport,Other,3331.57,2026-06
COST002112,2026-06-25,Transport,Maintenance,9212.15,2026-06
COST002113,2026-06-26,Administration,Maintenance,7692.03,2026-06
COST002114,2026-06-26,Administration,Cleaning,3952.94,2026-06
COST002115,2026-06-26,Hostel,Cleaning,2064.69,2026-06
COST002116,2026-06-26,Hostel,Water,4744.16,2026-06
COST002117,2026-06-26,Canteen,Water,3505.35,2026-06
COST002118,2026-06-26,Canteen,Food,11626.02,2026-06
COST002119,2026-06-26,Academic,Maintenance,7598.69,2026-06
COST002120,2026-06-26,Academic,Water,5126.06,2026-06
COST002121,2026-06-26,Maintenance,Internet,3397.32,2026-06
COST002122,2026-06-26,Maintenance,Water,6245.68,2026-06
COST002123,2026-06-26,Transport,Maintenance,9310.28,2026-06
COST002124,2026-06-26,Transport,Other,3658.49,2026-06
COST002125,2026-06-27,Administration,Water,4603.18,2026-06
COST002126,2026-06-27,Administration,Food,10224.91,2026-06
COST002127,2026-06-27,Hostel,Internet,1829.35,2026-06
COST002128,2026-06-27,Hostel,Electricity,12209.76,2026-06
COST002129,2026-06-27,Canteen,Cleaning,4356.96,2026-06
COST002130,2026-06-27,Canteen,Electricity,16805.24,2026-06
COST002131,2026-06-27,Academic,Transport,5301.29,2026-06
COST002132,2026-06-27,Academic,Water,5830.98,2026-06
COST002133,2026-06-27,Maintenance,Transport,8371.22,2026-06
COST002134,2026-06-27,Maintenance,Water,4824.82,2026-06
COST002135,2026-06-27,Transport,Transport,6615.11,2026-06
COST002136,2026-06-27,Transport,Water,6966.65,2026-06
COST002137,2026-06-28,Administration,Internet,3045.42,2026-06
COST002138,2026-06-28,Administration,Other,2977.48,2026-06
COST002139,2026-06-28,Hostel,Transport,9271.6,2026-06
COST002140,2026-06-28,Hostel,Internet,2829.68,2026-06
COST002141,2026-06-28,Canteen,Maintenance,5962.12,2026-06
COST002142,2026-06-28,Canteen,Transport,6291.27,2026-06
COST002143,2026-06-28,Academic,Internet,1501.41,2026-06
COST002144,2026-06-28,Academic,Cleaning,4225.83,2026-06
COST002145,2026-06-28,Maintenance,Other,3473.63,2026-06
COST002146,2026-06-28,Maintenance,Food,10520.84,2026-06
COST002147,2026-06-28,Transport,Maintenance,10984.12,2026-06
COST002148,2026-06-28,Transport,Food,7794.82,2026-06
COST002149,2026-06-29,Administration,Cleaning,3728.12,2026-06
COST002150,2026-06-29,Administration,Maintenance,8435.08,2026-06
COST002151,2026-06-29,Hostel,Other,2819.47,2026-06
COST002152,2026-06-29,Hostel,Maintenance,6831.12,2026-06
COST002153,2026-06-29,Canteen,Electricity,15901.48,2026-06
COST002154,2026-06-29,Canteen,Food,12981.43,2026-06
COST002155,2026-06-29,Academic,Other,3940.26,2026-06
COST002156,2026-06-29,Academic,Internet,3202.83,2026-06
COST002157,2026-06-29,Maintenance,Electricity,17336.74,2026-06
COST002158,2026-06-29,Maintenance,Water,4953.33,2026-06
COST002159,2026-06-29,Transport,Other,2606.88,2026-06
COST002160,2026-06-29,Transport,Internet,2438.09,2026-06
COST002161,2026-06-30,Administration,Other,3671.51,2026-06
COST002162,2026-06-30,Administration,Cleaning,3838.45,2026-06
COST002163,2026-06-30,Hostel,Food,12326.34,2026-06
COST002164,2026-06-30,Hostel,Cleaning,4394.14,2026-06
COST002165,2026-06-30,Canteen,Water,3930.52,2026-06
COST002166,2026-06-30,Canteen,Internet,2653.5,2026-06
COST002167,2026-06-30,Academic,Transport,8216.3,2026-06
COST002168,2026-06-30,Academic,Electricity,15780.06,2026-06
COST002169,2026-06-30,Maintenance,Transport,6615.19,2026-06
COST002170,2026-06-30,Maintenance,Internet,2435.77,2026-06
COST002171,2026-06-30,Transport,Water,4294.13,2026-06
COST002172,2026-06-30,Transport,Food,14738.8,2026-06
COST002173,2026-07-01,Administration,Maintenance,9605.94,2026-07
COST002174,2026-07-01,Administration,Cleaning,5206.28,2026-07
COST002175,2026-07-01,Hostel,Electricity,7302.22,2026-07
COST002176,2026-07-01,Hostel,Maintenance,8375.24,2026-07
COST002177,2026-07-01,Canteen,Cleaning,5367.64,2026-07
COST002178,2026-07-01,Canteen,Water,3412.19,2026-07
COST002179,2026-07-01,Academic,Electricity,15378.75,2026-07
COST002180,2026-07-01,Academic,Transport,6273.6,2026-07
COST002181,2026-07-01,Maintenance,Internet,3007.72,2026-07
COST002182,2026-07-01,Maintenance,Maintenance,9879.91,2026-07
COST002183,2026-07-01,Transport,Other,3557.04,2026-07
COST002184,2026-07-01,Transport,Internet,2409.7,2026-07
COST002185,2026-07-02,Administration,Electricity,16232.45,2026-07
COST002186,2026-07-02,Administration,Internet,2001.43,2026-07
COST002187,2026-07-02,Hostel,Transport,5458.13,2026-07
COST002188,2026-07-02,Hostel,Electricity,15867.0,2026-07
COST002189,2026-07-02,Canteen,Electricity,15179.23,2026-07
COST002190,2026-07-02,Canteen,Cleaning,4186.8,2026-07
COST002191,2026-07-02,Academic,Cleaning,3033.69,2026-07
COST002192,2026-07-02,Academic,Maintenance,9316.89,2026-07
COST002193,2026-07-02,Maintenance,Transport,8015.24,2026-07
COST002194,2026-07-02,Maintenance,Internet,2156.05,2026-07
COST002195,2026-07-02,Transport,Electricity,13777.5,2026-07
COST002196,2026-07-02,Transport,Internet,1964.19,2026-07
COST002197,2026-07-03,Administration,Transport,7551.2,2026-07
COST002198,2026-07-03,Administration,Internet,2321.88,2026-07
COST002199,2026-07-03,Hostel,Cleaning,3472.43,2026-07
COST002200,2026-07-03,Hostel,Transport,10340.24,2026-07
COST002201,2026-07-03,Canteen,Food,11557.32,2026-07
COST002202,2026-07-03,Canteen,Maintenance,10564.78,2026-07
COST002203,2026-07-03,Academic,Internet,2560.11,2026-07
COST002204,2026-07-03,Academic,Maintenance,9080.21,2026-07
COST002205,2026-07-03,Maintenance,Other,3202.74,2026-07
COST002206,2026-07-03,Maintenance,Water,4555.1,2026-07
COST002207,2026-07-03,Transport,Water,4732.09,2026-07
COST002208,2026-07-03,Transport,Transport,5487.0,2026-07
COST002209,2026-07-04,Administration,Cleaning,3978.37,2026-07
COST002210,2026-07-04,Administration,Internet,2583.27,2026-07
COST002211,2026-07-04,Hostel,Cleaning,2419.58,2026-07
COST002212,2026-07-04,Hostel,Internet,2784.91,2026-07
COST002213,2026-07-04,Canteen,Water,2989.97,2026-07
COST002214,2026-07-04,Canteen,Maintenance,5998.79,2026-07
COST002215,2026-07-04,Academic,Water,5570.77,2026-07
COST002216,2026-07-04,Academic,Cleaning,3198.42,2026-07
COST002217,2026-07-04,Maintenance,Other,1958.34,2026-07
COST002218,2026-07-04,Maintenance,Electricity,11397.8,2026-07
COST002219,2026-07-04,Transport,Internet,3168.03,2026-07
COST002220,2026-07-04,Transport,Other,3191.76,2026-07
COST002221,2026-07-05,Administration,Maintenance,6689.17,2026-07
COST002222,2026-07-05,Administration,Cleaning,4505.21,2026-07
COST002223,2026-07-05,Hostel,Electricity,16128.06,2026-07
COST002224,2026-07-05,Hostel,Other,2279.58,2026-07
COST002225,2026-07-05,Canteen,Transport,6031.81,2026-07
COST002226,2026-07-05,Canteen,Electricity,17193.36,2026-07
COST002227,2026-07-05,Academic,Internet,2767.34,2026-07
COST002228,2026-07-05,Academic,Maintenance,9289.69,2026-07
COST002229,2026-07-05,Maintenance,Food,10689.11,2026-07
COST002230,2026-07-05,Maintenance,Cleaning,4206.87,2026-07
COST002231,2026-07-05,Transport,Food,14975.15,2026-07
COST002232,2026-07-05,Transport,Electricity,15858.2,2026-07
COST002233,2026-07-06,Administration,Transport,6425.07,2026-07
COST002234,2026-07-06,Administration,Water,5390.0,2026-07
COST002235,2026-07-06,Hostel,Water,4498.44,2026-07
COST002236,2026-07-06,Hostel,Internet,2784.32,2026-07
COST002237,2026-07-06,Canteen,Other,2503.63,2026-07
COST002238,2026-07-06,Canteen,Transport,8299.46,2026-07
COST002239,2026-07-06,Academic,Cleaning,4103.74,2026-07
COST002240,2026-07-06,Academic,Other,3055.94,2026-07
COST002241,2026-07-06,Maintenance,Water,4582.2,2026-07
COST002242,2026-07-06,Maintenance,Electricity,14605.54,2026-07
COST002243,2026-07-06,Transport,Electricity,15761.21,2026-07
COST002244,2026-07-06,Transport,Water,4745.34,2026-07
COST002245,2026-07-07,Administration,Internet,2517.07,2026-07
COST002246,2026-07-07,Administration,Other,2784.1,2026-07
COST002247,2026-07-07,Hostel,Other,2797.15,2026-07
COST002248,2026-07-07,Hostel,Internet,2083.82,2026-07
COST002249,2026-07-07,Canteen,Cleaning,2964.35,2026-07
COST002250,2026-07-07,Canteen,Transport,6599.61,2026-07
COST002251,2026-07-07,Academic,Internet,3441.46,2026-07
COST002252,2026-07-07,Academic,Water,4631.35,2026-07
COST002253,2026-07-07,Maintenance,Food,15432.38,2026-07
COST002254,2026-07-07,Maintenance,Other,3151.64,2026-07
COST002255,2026-07-07,Transport,Cleaning,3330.87,2026-07
COST002256,2026-07-07,Transport,Electricity,17567.91,2026-07
COST002257,2026-07-08,Administration,Food,13312.55,2026-07
COST002258,2026-07-08,Administration,Transport,9809.44,2026-07
COST002259,2026-07-08,Hostel,Transport,7722.21,2026-07
COST002260,2026-07-08,Hostel,Food,15188.8,2026-07
COST002261,2026-07-08,Canteen,Internet,2796.94,2026-07
COST002262,2026-07-08,Canteen,Food,11063.01,2026-07
COST002263,2026-07-08,Academic,Water,4257.31,2026-07
COST002264,2026-07-08,Academic,Cleaning,5087.41,2026-07
COST002265,2026-07-08,Maintenance,Internet,1936.52,2026-07
COST002266,2026-07-08,Maintenance,Electricity,8348.61,2026-07
COST002267,2026-07-08,Transport,Transport,7453.67,2026-07
COST002268,2026-07-08,Transport,Cleaning,3926.89,2026-07
COST002269,2026-07-09,Administration,Transport,4988.72,2026-07
COST002270,2026-07-09,Administration,Cleaning,4294.91,2026-07
COST002271,2026-07-09,Hostel,Maintenance,7543.96,2026-07
COST002272,2026-07-09,Hostel,Electricity,16529.14,2026-07
COST002273,2026-07-09,Canteen,Cleaning,5690.63,2026-07
COST002274,2026-07-09,Canteen,Electricity,15690.34,2026-07
COST002275,2026-07-09,Academic,Water,5037.91,2026-07
COST002276,2026-07-09,Academic,Electricity,21504.75,2026-07
COST002277,2026-07-09,Maintenance,Internet,3058.93,2026-07
COST002278,2026-07-09,Maintenance,Cleaning,4039.29,2026-07
COST002279,2026-07-09,Transport,Maintenance,9062.25,2026-07
COST002280,2026-07-09,Transport,Food,10643.98,2026-07
COST002281,2026-07-10,Administration,Maintenance,3824.25,2026-07
COST002282,2026-07-10,Administration,Electricity,18573.88,2026-07
COST002283,2026-07-10,Hostel,Electricity,15908.05,2026-07
COST002284,2026-07-10,Hostel,Food,7508.77,2026-07
COST002285,2026-07-10,Canteen,Water,4929.32,2026-07
COST002286,2026-07-10,Canteen,Other,4019.78,2026-07
COST002287,2026-07-10,Academic,Internet,2209.02,2026-07
COST002288,2026-07-10,Academic,Maintenance,8186.21,2026-07
COST002289,2026-07-10,Maintenance,Maintenance,6655.7,2026-07
COST002290,2026-07-10,Maintenance,Transport,7068.77,2026-07
COST002291,2026-07-10,Transport,Maintenance,7658.34,2026-07
COST002292,2026-07-10,Transport,Food,9814.09,2026-07
COST002293,2026-07-11,Administration,Electricity,16832.42,2026-07
COST002294,2026-07-11,Administration,Water,4740.21,2026-07
COST002295,2026-07-11,Hostel,Internet,2594.17,2026-07
COST002296,2026-07-11,Hostel,Electricity,16918.47,2026-07
COST002297,2026-07-11,Canteen,Water,5806.12,2026-07
COST002298,2026-07-11,Canteen,Maintenance,8895.27,2026-07
COST002299,2026-07-11,Academic,Water,5637.65,2026-07
COST002300,2026-07-11,Academic,Other,3230.82,2026-07
COST002301,2026-07-11,Maintenance,Water,5086.04,2026-07
COST002302,2026-07-11,Maintenance,Maintenance,9233.85,2026-07
COST002303,2026-07-11,Transport,Internet,2530.38,2026-07
COST002304,2026-07-11,Transport,Other,2120.4,2026-07
COST002305,2026-07-12,Administration,Maintenance,5762.91,2026-07
COST002306,2026-07-12,Administration,Food,16570.4,2026-07
COST002307,2026-07-12,Hostel,Transport,7364.3,2026-07
COST002308,2026-07-12,Hostel,Food,11073.74,2026-07
COST002309,2026-07-12,Canteen,Cleaning,3744.48,2026-07
COST002310,2026-07-12,Canteen,Other,2621.79,2026-07
COST002311,2026-07-12,Academic,Food,13897.57,2026-07
COST002312,2026-07-12,Academic,Water,3428.34,2026-07
COST002313,2026-07-12,Maintenance,Maintenance,8038.74,2026-07
COST002314,2026-07-12,Maintenance,Electricity,16712.41,2026-07
COST002315,2026-07-12,Transport,Cleaning,5404.21,2026-07
COST002316,2026-07-12,Transport,Water,5331.75,2026-07
COST002317,2026-07-13,Administration,Electricity,16936.75,2026-07
COST002318,2026-07-13,Administration,Transport,6272.45,2026-07
COST002319,2026-07-13,Hostel,Electricity,12950.08,2026-07
COST002320,2026-07-13,Hostel,Maintenance,8535.55,2026-07
COST002321,2026-07-13,Canteen,Food,12007.63,2026-07
COST002322,2026-07-13,Canteen,Transport,6097.75,2026-07
COST002323,2026-07-13,Academic,Electricity,18512.56,2026-07
COST002324,2026-07-13,Academic,Cleaning,3006.7,2026-07
COST002325,2026-07-13,Maintenance,Internet,2851.25,2026-07
COST002326,2026-07-13,Maintenance,Electricity,15270.11,2026-07
COST002327,2026-07-13,Transport,Other,2599.23,2026-07
COST002328,2026-07-13,Transport,Water,4510.01,2026-07
COST002329,2026-07-14,Administration,Transport,6457.25,2026-07
COST002330,2026-07-14,Administration,Internet,2133.72,2026-07
COST002331,2026-07-14,Hostel,Internet,2633.42,2026-07
COST002332,2026-07-14,Hostel,Other,2805.11,2026-07
COST002333,2026-07-14,Canteen,Water,4103.33,2026-07
COST002334,2026-07-14,Canteen,Electricity,15173.55,2026-07
COST002335,2026-07-14,Academic,Food,10223.33,2026-07
COST002336,2026-07-14,Academic,Maintenance,8380.31,2026-07
COST002337,2026-07-14,Maintenance,Other,2185.82,2026-07
COST002338,2026-07-14,Maintenance,Food,14137.7,2026-07
COST002339,2026-07-14,Transport,Food,10933.09,2026-07
COST002340,2026-07-14,Transport,Internet,3085.41,2026-07
COST002341,2026-07-15,Administration,Water,4550.7,2026-07
COST002342,2026-07-15,Administration,Cleaning,3996.83,2026-07
COST002343,2026-07-15,Hostel,Other,3174.04,2026-07
COST002344,2026-07-15,Hostel,Maintenance,9305.56,2026-07
COST002345,2026-07-15,Canteen,Other,3762.15,2026-07
COST002346,2026-07-15,Canteen,Maintenance,8749.26,2026-07
COST002347,2026-07-15,Academic,Transport,4774.15,2026-07
COST002348,2026-07-15,Academic,Cleaning,3861.69,2026-07
COST002349,2026-07-15,Maintenance,Maintenance,10085.0,2026-07
COST002350,2026-07-15,Maintenance,Electricity,12511.55,2026-07
COST002351,2026-07-15,Transport,Internet,3124.23,2026-07
COST002352,2026-07-15,Transport,Transport,9924.83,2026-07
COST002353,2026-07-16,Administration,Cleaning,4290.91,2026-07
COST002354,2026-07-16,Administration,Maintenance,7162.94,2026-07
COST002355,2026-07-16,Hostel,Electricity,12678.3,2026-07
COST002356,2026-07-16,Hostel,Cleaning,2664.0,2026-07
COST002357,2026-07-16,Canteen,Maintenance,8892.69,2026-07
COST002358,2026-07-16,Canteen,Internet,1970.36,2026-07
COST002359,2026-07-16,Academic,Food,12690.96,2026-07
COST002360,2026-07-16,Academic,Electricity,15602.89,2026-07
COST002361,2026-07-16,Maintenance,Food,10737.51,2026-07
COST002362,2026-07-16,Maintenance,Maintenance,8576.23,2026-07
COST002363,2026-07-16,Transport,Internet,2343.51,2026-07
COST002364,2026-07-16,Transport,Other,2221.41,2026-07
COST002365,2026-07-17,Administration,Water,5066.44,2026-07
COST002366,2026-07-17,Administration,Transport,6507.14,2026-07
COST002367,2026-07-17,Hostel,Maintenance,6689.24,2026-07
COST002368,2026-07-17,Hostel,Other,3730.29,2026-07
COST002369,2026-07-17,Canteen,Cleaning,4615.13,2026-07
COST002370,2026-07-17,Canteen,Internet,1821.68,2026-07
COST002371,2026-07-17,Academic,Maintenance,8472.62,2026-07
COST002372,2026-07-17,Academic,Other,3821.54,2026-07
COST002373,2026-07-17,Maintenance,Food,12882.89,2026-07
COST002374,2026-07-17,Maintenance,Other,3111.82,2026-07
COST002375,2026-07-17,Transport,Other,2177.49,2026-07
COST002376,2026-07-17,Transport,Water,4921.77,2026-07
COST002377,2026-07-18,Administration,Transport,8264.92,2026-07
COST002378,2026-07-18,Administration,Cleaning,2738.16,2026-07
COST002379,2026-07-18,Hostel,Cleaning,3417.89,2026-07
COST002380,2026-07-18,Hostel,Maintenance,7604.82,2026-07
COST002381,2026-07-18,Canteen,Internet,2260.35,2026-07
COST002382,2026-07-18,Canteen,Water,6202.76,2026-07
COST002383,2026-07-18,Academic,Food,12953.74,2026-07
COST002384,2026-07-18,Academic,Transport,6631.43,2026-07
COST002385,2026-07-18,Maintenance,Water,5751.57,2026-07
COST002386,2026-07-18,Maintenance,Transport,7301.23,2026-07
COST002387,2026-07-18,Transport,Food,14518.6,2026-07
COST002388,2026-07-18,Transport,Other,2907.08,2026-07
COST002389,2026-07-19,Administration,Transport,5746.49,2026-07
COST002390,2026-07-19,Administration,Electricity,12509.45,2026-07
COST002391,2026-07-19,Hostel,Transport,8307.39,2026-07
COST002392,2026-07-19,Hostel,Other,3155.93,2026-07
COST002393,2026-07-19,Canteen,Cleaning,3833.64,2026-07
COST002394,2026-07-19,Canteen,Internet,2739.44,2026-07
COST002395,2026-07-19,Academic,Transport,7255.89,2026-07
COST002396,2026-07-19,Academic,Maintenance,6076.05,2026-07
COST002397,2026-07-19,Maintenance,Maintenance,9255.37,2026-07
COST002398,2026-07-19,Maintenance,Transport,6379.59,2026-07
COST002399,2026-07-19,Transport,Other,2784.21,2026-07
COST002400,2026-07-19,Transport,Transport,5813.35,2026-07
COST002401,2026-07-20,Administration,Electricity,19606.56,2026-07
COST002402,2026-07-20,Administration,Other,3367.65,2026-07
COST002403,2026-07-20,Hostel,Cleaning,4546.79,2026-07
COST002404,2026-07-20,Hostel,Food,12039.71,2026-07
COST002405,2026-07-20,Canteen,Food,13447.33,2026-07
COST002406,2026-07-20,Canteen,Electricity,13516.95,2026-07
COST002407,2026-07-20,Academic,Maintenance,5753.83,2026-07
COST002408,2026-07-20,Academic,Electricity,12189.11,2026-07
COST002409,2026-07-20,Maintenance,Internet,2700.21,2026-07
COST002410,2026-07-20,Maintenance,Transport,5482.98,2026-07
COST002411,2026-07-20,Transport,Other,1447.94,2026-07
COST002412,2026-07-20,Transport,Transport,8910.94,2026-07
COST002413,2026-07-21,Administration,Other,3369.23,2026-07
COST002414,2026-07-21,Administration,Maintenance,7954.61,2026-07
COST002415,2026-07-21,Hostel,Cleaning,4277.47,2026-07
COST002416,2026-07-21,Hostel,Food,11115.64,2026-07
COST002417,2026-07-21,Canteen,Other,1837.56,2026-07
COST002418,2026-07-21,Canteen,Maintenance,7480.66,2026-07
COST002419,2026-07-21,Academic,Cleaning,4514.68,2026-07
COST002420,2026-07-21,Academic,Other,2857.16,2026-07
COST002421,2026-07-21,Maintenance,Food,6565.49,2026-07
COST002422,2026-07-21,Maintenance,Water,4806.66,2026-07
COST002423,2026-07-21,Transport,Transport,5399.46,2026-07
COST002424,2026-07-21,Transport,Food,16578.67,2026-07
COST002425,2026-07-22,Administration,Electricity,14612.6,2026-07
COST002426,2026-07-22,Administration,Cleaning,3928.03,2026-07
COST002427,2026-07-22,Hostel,Food,9097.66,2026-07
COST002428,2026-07-22,Hostel,Transport,7868.96,2026-07
COST002429,2026-07-22,Canteen,Cleaning,4307.9,2026-07
COST002430,2026-07-22,Canteen,Food,12015.56,2026-07
COST002431,2026-07-22,Academic,Food,8958.61,2026-07
COST002432,2026-07-22,Academic,Transport,5371.48,2026-07
COST002433,2026-07-22,Maintenance,Maintenance,5344.39,2026-07
COST002434,2026-07-22,Maintenance,Internet,2875.32,2026-07
COST002435,2026-07-22,Transport,Internet,1417.24,2026-07
COST002436,2026-07-22,Transport,Cleaning,4075.18,2026-07
COST002437,2026-07-23,Administration,Maintenance,8049.1,2026-07
COST002438,2026-07-23,Administration,Food,10905.93,2026-07
COST002439,2026-07-23,Hostel,Water,6749.32,2026-07
COST002440,2026-07-23,Hostel,Cleaning,3058.7,2026-07
COST002441,2026-07-23,Canteen,Cleaning,4967.74,2026-07
COST002442,2026-07-23,Canteen,Other,2229.76,2026-07
COST002443,2026-07-23,Academic,Maintenance,7704.98,2026-07
COST002444,2026-07-23,Academic,Water,7021.19,2026-07
COST002445,2026-07-23,Maintenance,Maintenance,5879.62,2026-07
COST002446,2026-07-23,Maintenance,Electricity,11921.99,2026-07
COST002447,2026-07-23,Transport,Water,6175.72,2026-07
COST002448,2026-07-23,Transport,Maintenance,6251.25,2026-07
COST002449,2026-07-24,Administration,Maintenance,9718.61,2026-07
COST002450,2026-07-24,Administration,Internet,2386.2,2026-07
COST002451,2026-07-24,Hostel,Electricity,14227.55,2026-07
COST002452,2026-07-24,Hostel,Maintenance,5849.73,2026-07
COST002453,2026-07-24,Canteen,Water,3683.61,2026-07
COST002454,2026-07-24,Canteen,Internet,3053.81,2026-07
COST002455,2026-07-24,Academic,Cleaning,3070.92,2026-07
COST002456,2026-07-24,Academic,Maintenance,6821.48,2026-07
COST002457,2026-07-24,Maintenance,Internet,1946.35,2026-07
COST002458,2026-07-24,Maintenance,Water,5687.5,2026-07
COST002459,2026-07-24,Transport,Internet,1792.42,2026-07
COST002460,2026-07-24,Transport,Other,3744.97,2026-07
COST002461,2026-07-25,Administration,Other,3155.71,2026-07
COST002462,2026-07-25,Administration,Maintenance,8141.81,2026-07
COST002463,2026-07-25,Hostel,Electricity,15923.34,2026-07
COST002464,2026-07-25,Hostel,Other,3056.15,2026-07
COST002465,2026-07-25,Canteen,Food,12656.05,2026-07
COST002466,2026-07-25,Canteen,Other,2230.86,2026-07
COST002467,2026-07-25,Academic,Transport,5026.58,2026-07
COST002468,2026-07-25,Academic,Maintenance,6674.25,2026-07
COST002469,2026-07-25,Maintenance,Cleaning,3861.66,2026-07
COST002470,2026-07-25,Maintenance,Other,1564.15,2026-07
COST002471,2026-07-25,Transport,Transport,6453.16,2026-07
COST002472,2026-07-25,Transport,Other,2456.05,2026-07
COST002473,2026-07-26,Administration,Water,5380.14,2026-07
COST002474,2026-07-26,Administration,Cleaning,4497.29,2026-07
COST002475,2026-07-26,Hostel,Internet,3197.81,2026-07
COST002476,2026-07-26,Hostel,Cleaning,4589.66,2026-07
COST002477,2026-07-26,Canteen,Other,2292.98,2026-07
COST002478,2026-07-26,Canteen,Cleaning,3406.28,2026-07
COST002479,2026-07-26,Academic,Other,2301.04,2026-07
COST002480,2026-07-26,Academic,Electricity,15252.89,2026-07
COST002481,2026-07-26,Maintenance,Cleaning,4619.12,2026-07
COST002482,2026-07-26,Maintenance,Internet,1645.79,2026-07
COST002483,2026-07-26,Transport,Cleaning,3310.48,2026-07
COST002484,2026-07-26,Transport,Transport,6221.97,2026-07
COST002485,2026-07-27,Administration,Water,5252.96,2026-07
COST002486,2026-07-27,Administration,Maintenance,4975.78,2026-07
COST002487,2026-07-27,Hostel,Transport,8131.81,2026-07
COST002488,2026-07-27,Hostel,Cleaning,1765.62,2026-07
COST002489,2026-07-27,Canteen,Transport,5770.03,2026-07
COST002490,2026-07-27,Canteen,Electricity,12746.97,2026-07
COST002491,2026-07-27,Academic,Food,11132.9,2026-07
COST002492,2026-07-27,Academic,Maintenance,7249.01,2026-07
COST002493,2026-07-27,Maintenance,Cleaning,3524.4,2026-07
COST002494,2026-07-27,Maintenance,Other,1937.75,2026-07
COST002495,2026-07-27,Transport,Transport,6565.54,2026-07
COST002496,2026-07-27,Transport,Cleaning,4720.55,2026-07
COST002497,2026-07-28,Administration,Electricity,17326.03,2026-07
COST002498,2026-07-28,Administration,Cleaning,3370.4,2026-07
COST002499,2026-07-28,Hostel,Maintenance,6995.18,2026-07
COST002500,2026-07-28,Hostel,Electricity,13734.76,2026-07
COST002501,2026-07-28,Canteen,Maintenance,7574.79,2026-07
COST002502,2026-07-28,Canteen,Other,3488.94,2026-07
COST002503,2026-07-28,Academic,Maintenance,7840.03,2026-07
COST002504,2026-07-28,Academic,Cleaning,4073.78,2026-07
COST002505,2026-07-28,Maintenance,Maintenance,9920.01,2026-07
COST002506,2026-07-28,Maintenance,Food,10015.35,2026-07
COST002507,2026-07-28,Transport,Transport,4923.84,2026-07
COST002508,2026-07-28,Transport,Cleaning,3642.93,2026-07
COST002509,2026-07-29,Administration,Transport,6658.32,2026-07
COST002510,2026-07-29,Administration,Food,16141.98,2026-07
COST002511,2026-07-29,Hostel,Cleaning,2854.92,2026-07
COST002512,2026-07-29,Hostel,Transport,6766.8,2026-07
COST002513,2026-07-29,Canteen,Food,11528.19,2026-07
COST002514,2026-07-29,Canteen,Electricity,14037.81,2026-07
COST002515,2026-07-29,Academic,Maintenance,10940.9,2026-07
COST002516,2026-07-29,Academic,Cleaning,3780.34,2026-07
COST002517,2026-07-29,Maintenance,Maintenance,9269.34,2026-07
COST002518,2026-07-29,Maintenance,Internet,2404.04,2026-07
COST002519,2026-07-29,Transport,Transport,6905.69,2026-07
COST002520,2026-07-29,Transport,Electricity,11683.12,2026-07
COST002521,2026-07-30,Administration,Transport,6639.12,2026-07
COST002522,2026-07-30,Administration,Maintenance,5830.73,2026-07
COST002523,2026-07-30,Hostel,Internet,3171.89,2026-07
COST002524,2026-07-30,Hostel,Transport,9214.38,2026-07
COST002525,2026-07-30,Canteen,Other,3394.75,2026-07
COST002526,2026-07-30,Canteen,Food,11639.39,2026-07
COST002527,2026-07-30,Academic,Food,10336.46,2026-07
COST002528,2026-07-30,Academic,Maintenance,9204.29,2026-07
COST002529,2026-07-30,Maintenance,Cleaning,3178.24,2026-07
COST002530,2026-07-30,Maintenance,Water,4275.36,2026-07
COST002531,2026-07-30,Transport,Internet,2874.06,2026-07
COST002532,2026-07-30,Transport,Electricity,15769.46,2026-07
COST002533,2026-07-31,Administration,Electricity,13058.3,2026-07
COST002534,2026-07-31,Administration,Internet,2657.52,2026-07
COST002535,2026-07-31,Hostel,Electricity,14614.71,2026-07
COST002536,2026-07-31,Hostel,Other,3719.96,2026-07
COST002537,2026-07-31,Canteen,Water,3580.96,2026-07
COST002538,2026-07-31,Canteen,Internet,3083.92,2026-07
COST002539,2026-07-31,Academic,Internet,2192.42,2026-07
COST002540,2026-07-31,Academic,Maintenance,7786.15,2026-07
COST002541,2026-07-31,Maintenance,Transport,5495.46,2026-07
COST002542,2026-07-31,Maintenance,Other,3615.02,2026-07
COST002543,2026-07-31,Transport,Water,3730.73,2026-07
COST002544,2026-07-31,Transport,Transport,7200.1,2026-07
COST002545,2026-08-01,Administration,Transport,6406.26,2026-08
COST002546,2026-08-01,Administration,Maintenance,10453.05,2026-08
COST002547,2026-08-01,Hostel,Electricity,18546.49,2026-08
COST002548,2026-08-01,Hostel,Cleaning,4207.78,2026-08
COST002549,2026-08-01,Canteen,Water,4210.35,2026-08
COST002550,2026-08-01,Canteen,Food,8925.49,2026-08
COST002551,2026-08-01,Academic,Electricity,17916.38,2026-08
COST002552,2026-08-01,Academic,Food,8798.95,2026-08
COST002553,2026-08-01,Maintenance,Transport,7777.45,2026-08
COST002554,2026-08-01,Maintenance,Other,1547.35,2026-08
COST002555,2026-08-01,Transport,Other,3784.5,2026-08
COST002556,2026-08-01,Transport,Cleaning,4598.47,2026-08
COST002557,2026-08-02,Administration,Electricity,14212.85,2026-08
COST002558,2026-08-02,Administration,Other,2761.59,2026-08
COST002559,2026-08-02,Hostel,Food,9422.53,2026-08
COST002560,2026-08-02,Hostel,Electricity,10121.55,2026-08
COST002561,2026-08-02,Canteen,Internet,2854.04,2026-08
COST002562,2026-08-02,Canteen,Transport,6584.58,2026-08
COST002563,2026-08-02,Academic,Cleaning,3960.1,2026-08
COST002564,2026-08-02,Academic,Maintenance,9469.26,2026-08
COST002565,2026-08-02,Maintenance,Other,2339.73,2026-08
COST002566,2026-08-02,Maintenance,Internet,3045.26,2026-08
COST002567,2026-08-02,Transport,Other,2566.42,2026-08
COST002568,2026-08-02,Transport,Electricity,14658.53,2026-08
COST002569,2026-08-03,Administration,Food,9805.95,2026-08
COST002570,2026-08-03,Administration,Electricity,15482.3,2026-08
COST002571,2026-08-03,Hostel,Maintenance,8647.57,2026-08
COST002572,2026-08-03,Hostel,Internet,2281.72,2026-08
COST002573,2026-08-03,Canteen,Transport,8158.1,2026-08
COST002574,2026-08-03,Canteen,Other,3122.83,2026-08
COST002575,2026-08-03,Academic,Other,3681.58,2026-08
COST002576,2026-08-03,Academic,Electricity,10951.88,2026-08
COST002577,2026-08-03,Maintenance,Food,8899.53,2026-08
COST002578,2026-08-03,Maintenance,Other,2544.91,2026-08
COST002579,2026-08-03,Transport,Internet,2452.0,2026-08
COST002580,2026-08-03,Transport,Water,5464.1,2026-08
COST002581,2026-08-04,Administration,Internet,1515.16,2026-08
COST002582,2026-08-04,Administration,Other,3476.9,2026-08
COST002583,2026-08-04,Hostel,Water,3955.57,2026-08
COST002584,2026-08-04,Hostel,Food,10786.05,2026-08
COST002585,2026-08-04,Canteen,Transport,6231.83,2026-08
COST002586,2026-08-04,Canteen,Electricity,15041.96,2026-08
COST002587,2026-08-04,Academic,Maintenance,7180.39,2026-08
COST002588,2026-08-04,Academic,Electricity,16343.93,2026-08
COST002589,2026-08-04,Maintenance,Food,12298.29,2026-08
COST002590,2026-08-04,Maintenance,Transport,5320.73,2026-08
COST002591,2026-08-04,Transport,Transport,7899.43,2026-08
COST002592,2026-08-04,Transport,Cleaning,3338.16,2026-08
COST002593,2026-08-05,Administration,Water,4437.67,2026-08
COST002594,2026-08-05,Administration,Internet,2246.14,2026-08
COST002595,2026-08-05,Hostel,Electricity,12395.29,2026-08
COST002596,2026-08-05,Hostel,Cleaning,4258.27,2026-08
COST002597,2026-08-05,Canteen,Cleaning,4316.19,2026-08
COST002598,2026-08-05,Canteen,Internet,2125.26,2026-08
COST002599,2026-08-05,Academic,Maintenance,6355.64,2026-08
COST002600,2026-08-05,Academic,Cleaning,5830.48,2026-08
COST002601,2026-08-05,Maintenance,Maintenance,7640.12,2026-08
COST002602,2026-08-05,Maintenance,Other,2833.45,2026-08
COST002603,2026-08-05,Transport,Transport,8043.2,2026-08
COST002604,2026-08-05,Transport,Maintenance,9350.5,2026-08
COST002605,2026-08-06,Administration,Electricity,15422.3,2026-08
COST002606,2026-08-06,Administration,Other,3166.33,2026-08
COST002607,2026-08-06,Hostel,Internet,2856.02,2026-08
COST002608,2026-08-06,Hostel,Food,15183.61,2026-08
COST002609,2026-08-06,Canteen,Internet,2246.78,2026-08
COST002610,2026-08-06,Canteen,Other,2218.21,2026-08
COST002611,2026-08-06,Academic,Internet,2072.89,2026-08
COST002612,2026-08-06,Academic,Cleaning,5326.09,2026-08
COST002613,2026-08-06,Maintenance,Transport,7415.5,2026-08
COST002614,2026-08-06,Maintenance,Cleaning,4458.44,2026-08
COST002615,2026-08-06,Transport,Other,3539.86,2026-08
COST002616,2026-08-06,Transport,Internet,2769.44,2026-08
COST002617,2026-08-07,Administration,Food,11525.48,2026-08
COST002618,2026-08-07,Administration,Cleaning,5040.24,2026-08
COST002619,2026-08-07,Hostel,Electricity,14963.06,2026-08
COST002620,2026-08-07,Hostel,Water,3251.97,2026-08
COST002621,2026-08-07,Canteen,Water,5919.33,2026-08
COST002622,2026-08-07,Canteen,Electricity,15259.31,2026-08
COST002623,2026-08-07,Academic,Water,5858.95,2026-08
COST002624,2026-08-07,Academic,Maintenance,5236.78,2026-08
COST002625,2026-08-07,Maintenance,Electricity,12400.09,2026-08
COST002626,2026-08-07,Maintenance,Other,2056.21,2026-08
COST002627,2026-08-07,Transport,Transport,6641.66,2026-08
COST002628,2026-08-07,Transport,Internet,1973.16,2026-08
COST002629,2026-08-08,Administration,Other,2638.53,2026-08
COST002630,2026-08-08,Administration,Cleaning,3576.84,2026-08
COST002631,2026-08-08,Hostel,Cleaning,3537.59,2026-08
COST002632,2026-08-08,Hostel,Water,6879.35,2026-08
COST002633,2026-08-08,Canteen,Water,5764.96,2026-08
COST002634,2026-08-08,Canteen,Cleaning,5256.3,2026-08
COST002635,2026-08-08,Academic,Maintenance,7934.11,2026-08
COST002636,2026-08-08,Academic,Food,12735.06,2026-08
COST002637,2026-08-08,Maintenance,Maintenance,6777.95,2026-08
COST002638,2026-08-08,Maintenance,Cleaning,4799.42,2026-08
COST002639,2026-08-08,Transport,Cleaning,4479.94,2026-08
COST002640,2026-08-08,Transport,Other,3128.46,2026-08
COST002641,2026-08-09,Administration,Transport,4782.07,2026-08
COST002642,2026-08-09,Administration,Electricity,15841.84,2026-08
COST002643,2026-08-09,Hostel,Other,2706.7,2026-08
COST002644,2026-08-09,Hostel,Electricity,13795.09,2026-08
COST002645,2026-08-09,Canteen,Electricity,15563.41,2026-08
COST002646,2026-08-09,Canteen,Cleaning,3791.53,2026-08
COST002647,2026-08-09,Academic,Food,13347.43,2026-08
COST002648,2026-08-09,Academic,Other,3676.5,2026-08
COST002649,2026-08-09,Maintenance,Cleaning,3580.67,2026-08
COST002650,2026-08-09,Maintenance,Other,2891.82,2026-08
COST002651,2026-08-09,Transport,Food,13739.1,2026-08
COST002652,2026-08-09,Transport,Water,4279.26,2026-08
COST002653,2026-08-10,Administration,Cleaning,3394.22,2026-08
COST002654,2026-08-10,Administration,Maintenance,9096.11,2026-08
COST002655,2026-08-10,Hostel,Water,5049.68,2026-08
COST002656,2026-08-10,Hostel,Transport,5111.02,2026-08
COST002657,2026-08-10,Canteen,Transport,6632.71,2026-08
COST002658,2026-08-10,Canteen,Maintenance,6421.02,2026-08
COST002659,2026-08-10,Academic,Internet,2632.93,2026-08
COST002660,2026-08-10,Academic,Maintenance,9528.9,2026-08
COST002661,2026-08-10,Maintenance,Transport,6792.74,2026-08
COST002662,2026-08-10,Maintenance,Maintenance,10716.87,2026-08
COST002663,2026-08-10,Transport,Water,4238.02,2026-08
COST002664,2026-08-10,Transport,Transport,8413.79,2026-08
COST002665,2026-08-11,Administration,Water,4836.64,2026-08
COST002666,2026-08-11,Administration,Other,3748.08,2026-08
COST002667,2026-08-11,Hostel,Water,4866.14,2026-08
COST002668,2026-08-11,Hostel,Maintenance,9231.19,2026-08
COST002669,2026-08-11,Canteen,Electricity,14143.2,2026-08
COST002670,2026-08-11,Canteen,Food,13448.77,2026-08
COST002671,2026-08-11,Academic,Maintenance,5034.11,2026-08
COST002672,2026-08-11,Academic,Other,2759.8,2026-08
COST002673,2026-08-11,Maintenance,Other,2947.24,2026-08
COST002674,2026-08-11,Maintenance,Internet,2592.09,2026-08
COST002675,2026-08-11,Transport,Water,4598.66,2026-08
COST002676,2026-08-11,Transport,Food,9339.08,2026-08
COST002677,2026-08-12,Administration,Electricity,11254.44,2026-08
COST002678,2026-08-12,Administration,Internet,2792.64,2026-08
COST002679,2026-08-12,Hostel,Water,4580.67,2026-08
COST002680,2026-08-12,Hostel,Transport,4873.02,2026-08
COST002681,2026-08-12,Canteen,Cleaning,4769.94,2026-08
COST002682,2026-08-12,Canteen,Food,9892.49,2026-08
COST002683,2026-08-12,Academic,Food,9431.4,2026-08
COST002684,2026-08-12,Academic,Maintenance,6148.31,2026-08
COST002685,2026-08-12,Maintenance,Food,11765.86,2026-08
COST002686,2026-08-12,Maintenance,Maintenance,7731.13,2026-08
COST002687,2026-08-12,Transport,Transport,7986.64,2026-08
COST002688,2026-08-12,Transport,Electricity,12303.16,2026-08
COST002689,2026-08-13,Administration,Maintenance,7469.12,2026-08
COST002690,2026-08-13,Administration,Water,4222.46,2026-08
COST002691,2026-08-13,Hostel,Transport,7062.54,2026-08
COST002692,2026-08-13,Hostel,Other,3736.58,2026-08
COST002693,2026-08-13,Canteen,Electricity,17651.71,2026-08
COST002694,2026-08-13,Canteen,Cleaning,3631.38,2026-08
COST002695,2026-08-13,Academic,Transport,6893.6,2026-08
COST002696,2026-08-13,Academic,Cleaning,2880.39,2026-08
COST002697,2026-08-13,Maintenance,Internet,2867.35,2026-08
COST002698,2026-08-13,Maintenance,Electricity,15926.46,2026-08
COST002699,2026-08-13,Transport,Maintenance,6358.09,2026-08
COST002700,2026-08-13,Transport,Food,12776.42,2026-08
COST002701,2026-08-14,Administration,Other,2488.74,2026-08
COST002702,2026-08-14,Administration,Maintenance,10837.83,2026-08
COST002703,2026-08-14,Hostel,Water,4588.61,2026-08
COST002704,2026-08-14,Hostel,Food,12053.08,2026-08
COST002705,2026-08-14,Canteen,Other,3384.69,2026-08
COST002706,2026-08-14,Canteen,Electricity,10773.21,2026-08
COST002707,2026-08-14,Academic,Food,16190.08,2026-08
COST002708,2026-08-14,Academic,Other,1785.84,2026-08
COST002709,2026-08-14,Maintenance,Maintenance,8312.05,2026-08
COST002710,2026-08-14,Maintenance,Food,10985.93,2026-08
COST002711,2026-08-14,Transport,Maintenance,7729.83,2026-08
COST002712,2026-08-14,Transport,Electricity,11951.94,2026-08
COST002713,2026-08-15,Administration,Electricity,10868.86,2026-08
COST002714,2026-08-15,Administration,Water,3520.95,2026-08
COST002715,2026-08-15,Hostel,Other,3462.53,2026-08
COST002716,2026-08-15,Hostel,Maintenance,11806.8,2026-08
COST002717,2026-08-15,Canteen,Transport,6919.36,2026-08
COST002718,2026-08-15,Canteen,Cleaning,5040.07,2026-08
COST002719,2026-08-15,Academic,Internet,1771.53,2026-08
COST002720,2026-08-15,Academic,Electricity,12233.67,2026-08
COST002721,2026-08-15,Maintenance,Cleaning,5035.81,2026-08
COST002722,2026-08-15,Maintenance,Transport,7033.43,2026-08
COST002723,2026-08-15,Transport,Electricity,15113.81,2026-08
COST002724,2026-08-15,Transport,Cleaning,3324.82,2026-08
COST002725,2026-08-16,Administration,Food,11439.53,2026-08
COST002726,2026-08-16,Administration,Other,2016.06,2026-08
COST002727,2026-08-16,Hostel,Electricity,15787.76,2026-08
COST002728,2026-08-16,Hostel,Maintenance,9468.55,2026-08
COST002729,2026-08-16,Canteen,Water,4300.97,2026-08
COST002730,2026-08-16,Canteen,Internet,2471.0,2026-08
COST002731,2026-08-16,Academic,Internet,2189.16,2026-08
COST002732,2026-08-16,Academic,Cleaning,4087.08,2026-08
COST002733,2026-08-16,Maintenance,Water,4761.09,2026-08
COST002734,2026-08-16,Maintenance,Transport,5807.33,2026-08
COST002735,2026-08-16,Transport,Cleaning,3970.65,2026-08
COST002736,2026-08-16,Transport,Internet,3262.02,2026-08
COST002737,2026-08-17,Administration,Internet,1404.92,2026-08
COST002738,2026-08-17,Administration,Food,11038.37,2026-08
COST002739,2026-08-17,Hostel,Water,5611.03,2026-08
COST002740,2026-08-17,Hostel,Other,2180.87,2026-08
COST002741,2026-08-17,Canteen,Internet,3047.52,2026-08
COST002742,2026-08-17,Canteen,Other,3557.17,2026-08
COST002743,2026-08-17,Academic,Cleaning,3241.28,2026-08
COST002744,2026-08-17,Academic,Other,2282.33,2026-08
COST002745,2026-08-17,Maintenance,Other,3339.09,2026-08
COST002746,2026-08-17,Maintenance,Internet,3090.37,2026-08
COST002747,2026-08-17,Transport,Food,13024.04,2026-08
COST002748,2026-08-17,Transport,Maintenance,10136.24,2026-08
COST002749,2026-08-18,Administration,Cleaning,2957.43,2026-08
COST002750,2026-08-18,Administration,Other,2647.11,2026-08
COST002751,2026-08-18,Hostel,Electricity,11398.95,2026-08
COST002752,2026-08-18,Hostel,Water,4225.03,2026-08
COST002753,2026-08-18,Canteen,Internet,2274.59,2026-08
COST002754,2026-08-18,Canteen,Maintenance,7823.28,2026-08
COST002755,2026-08-18,Academic,Water,4294.14,2026-08
COST002756,2026-08-18,Academic,Food,12712.98,2026-08
COST002757,2026-08-18,Maintenance,Transport,6929.89,2026-08
COST002758,2026-08-18,Maintenance,Electricity,13141.89,2026-08
COST002759,2026-08-18,Transport,Food,14880.32,2026-08
COST002760,2026-08-18,Transport,Transport,5149.28,2026-08
COST002761,2026-08-19,Administration,Food,11574.03,2026-08
COST002762,2026-08-19,Administration,Cleaning,2545.23,2026-08
COST002763,2026-08-19,Hostel,Internet,2871.01,2026-08
COST002764,2026-08-19,Hostel,Cleaning,3354.78,2026-08
COST002765,2026-08-19,Canteen,Internet,2149.39,2026-08
COST002766,2026-08-19,Canteen,Cleaning,5340.07,2026-08
COST002767,2026-08-19,Academic,Internet,3123.18,2026-08
COST002768,2026-08-19,Academic,Electricity,12714.62,2026-08
COST002769,2026-08-19,Maintenance,Electricity,12440.43,2026-08
COST002770,2026-08-19,Maintenance,Cleaning,3372.64,2026-08
COST002771,2026-08-19,Transport,Water,4309.38,2026-08
COST002772,2026-08-19,Transport,Transport,7115.89,2026-08
COST002773,2026-08-20,Administration,Food,11832.44,2026-08
COST002774,2026-08-20,Administration,Internet,1530.88,2026-08
COST002775,2026-08-20,Hostel,Electricity,13377.69,2026-08
COST002776,2026-08-20,Hostel,Water,5270.85,2026-08
COST002777,2026-08-20,Canteen,Internet,1835.33,2026-08
COST002778,2026-08-20,Canteen,Cleaning,3809.63,2026-08
COST002779,2026-08-20,Academic,Cleaning,4073.99,2026-08
COST002780,2026-08-20,Academic,Water,6471.46,2026-08
COST002781,2026-08-20,Maintenance,Transport,8066.54,2026-08
COST002782,2026-08-20,Maintenance,Electricity,11032.27,2026-08
COST002783,2026-08-20,Transport,Electricity,14789.86,2026-08
COST002784,2026-08-20,Transport,Maintenance,7924.48,2026-08
COST002785,2026-08-21,Administration,Transport,6217.79,2026-08
COST002786,2026-08-21,Administration,Cleaning,4368.36,2026-08
COST002787,2026-08-21,Hostel,Cleaning,4767.66,2026-08
COST002788,2026-08-21,Hostel,Other,3199.18,2026-08
COST002789,2026-08-21,Canteen,Electricity,16319.66,2026-08
COST002790,2026-08-21,Canteen,Transport,6193.19,2026-08
COST002791,2026-08-21,Academic,Other,3057.54,2026-08
COST002792,2026-08-21,Academic,Maintenance,8525.89,2026-08
COST002793,2026-08-21,Maintenance,Other,1862.48,2026-08
COST002794,2026-08-21,Maintenance,Maintenance,6753.79,2026-08
COST002795,2026-08-21,Transport,Transport,7303.15,2026-08
COST002796,2026-08-21,Transport,Other,2675.29,2026-08
COST002797,2026-08-22,Administration,Other,2605.67,2026-08
COST002798,2026-08-22,Administration,Food,13329.95,2026-08
COST002799,2026-08-22,Hostel,Food,12446.95,2026-08
COST002800,2026-08-22,Hostel,Internet,2288.63,2026-08
COST002801,2026-08-22,Canteen,Internet,2574.28,2026-08
COST002802,2026-08-22,Canteen,Electricity,18953.07,2026-08
COST002803,2026-08-22,Academic,Other,2710.18,2026-08
COST002804,2026-08-22,Academic,Cleaning,3978.8,2026-08
COST002805,2026-08-22,Maintenance,Internet,2777.91,2026-08
COST002806,2026-08-22,Maintenance,Maintenance,8175.39,2026-08
COST002807,2026-08-22,Transport,Electricity,15921.39,2026-08
COST002808,2026-08-22,Transport,Other,3392.99,2026-08
COST002809,2026-08-23,Administration,Electricity,15767.55,2026-08
COST002810,2026-08-23,Administration,Food,12022.42,2026-08
COST002811,2026-08-23,Hostel,Other,3954.96,2026-08
COST002812,2026-08-23,Hostel,Water,3862.44,2026-08
COST002813,2026-08-23,Canteen,Water,5447.97,2026-08
COST002814,2026-08-23,Canteen,Internet,2505.8,2026-08
COST002815,2026-08-23,Academic,Transport,9544.13,2026-08
COST002816,2026-08-23,Academic,Other,1803.81,2026-08
COST002817,2026-08-23,Maintenance,Water,3326.07,2026-08
COST002818,2026-08-23,Maintenance,Electricity,13301.35,2026-08
COST002819,2026-08-23,Transport,Transport,6028.09,2026-08
COST002820,2026-08-23,Transport,Water,6344.74,2026-08
COST002821,2026-08-24,Administration,Maintenance,6962.91,2026-08
COST002822,2026-08-24,Administration,Water,6317.54,2026-08
COST002823,2026-08-24,Hostel,Cleaning,4317.69,2026-08
COST002824,2026-08-24,Hostel,Internet,2320.22,2026-08
COST002825,2026-08-24,Canteen,Transport,6162.11,2026-08
COST002826,2026-08-24,Canteen,Maintenance,7300.97,2026-08
COST002827,2026-08-24,Academic,Food,14745.22,2026-08
COST002828,2026-08-24,Academic,Cleaning,3135.0,2026-08
COST002829,2026-08-24,Maintenance,Maintenance,9893.69,2026-08
COST002830,2026-08-24,Maintenance,Internet,2184.5,2026-08
COST002831,2026-08-24,Transport,Maintenance,5586.07,2026-08
COST002832,2026-08-24,Transport,Other,2810.95,2026-08
COST002833,2026-08-25,Administration,Food,13488.51,2026-08
COST002834,2026-08-25,Administration,Other,3388.67,2026-08
COST002835,2026-08-25,Hostel,Transport,6963.52,2026-08
COST002836,2026-08-25,Hostel,Other,2710.52,2026-08
COST002837,2026-08-25,Canteen,Other,1862.24,2026-08
COST002838,2026-08-25,Canteen,Electricity,12821.77,2026-08
COST002839,2026-08-25,Academic,Electricity,17518.23,2026-08
COST002840,2026-08-25,Academic,Food,13512.16,2026-08
COST002841,2026-08-25,Maintenance,Cleaning,4488.76,2026-08
COST002842,2026-08-25,Maintenance,Other,3369.23,2026-08
COST002843,2026-08-25,Transport,Food,12998.93,2026-08
COST002844,2026-08-25,Transport,Other,3224.96,2026-08
COST002845,2026-08-26,Administration,Other,3167.81,2026-08
COST002846,2026-08-26,Administration,Transport,8339.97,2026-08
COST002847,2026-08-26,Hostel,Internet,2661.36,2026-08
COST002848,2026-08-26,Hostel,Maintenance,6095.15,2026-08
COST002849,2026-08-26,Canteen,Internet,2449.49,2026-08
COST002850,2026-08-26,Canteen,Cleaning,3777.23,2026-08
COST002851,2026-08-26,Academic,Other,2348.73,2026-08
COST002852,2026-08-26,Academic,Electricity,16681.84,2026-08
COST002853,2026-08-26,Maintenance,Water,3284.79,2026-08
COST002854,2026-08-26,Maintenance,Internet,2905.19,2026-08
COST002855,2026-08-26,Transport,Transport,6180.69,2026-08
COST002856,2026-08-26,Transport,Internet,2340.49,2026-08
COST002857,2026-08-27,Administration,Transport,8040.16,2026-08
COST002858,2026-08-27,Administration,Electricity,18512.1,2026-08
COST002859,2026-08-27,Hostel,Electricity,16017.78,2026-08
COST002860,2026-08-27,Hostel,Cleaning,3274.02,2026-08
COST002861,2026-08-27,Canteen,Transport,8367.17,2026-08
COST002862,2026-08-27,Canteen,Other,1739.95,2026-08
COST002863,2026-08-27,Academic,Maintenance,7772.23,2026-08
COST002864,2026-08-27,Academic,Transport,7983.16,2026-08
COST002865,2026-08-27,Maintenance,Cleaning,4388.06,2026-08
COST002866,2026-08-27,Maintenance,Electricity,13793.19,2026-08
COST002867,2026-08-27,Transport,Water,5311.8,2026-08
COST002868,2026-08-27,Transport,Internet,2934.6,2026-08
COST002869,2026-08-28,Administration,Cleaning,5085.21,2026-08
COST002870,2026-08-28,Administration,Food,12606.61,2026-08
COST002871,2026-08-28,Hostel,Water,7322.78,2026-08
COST002872,2026-08-28,Hostel,Electricity,12689.8,2026-08
COST002873,2026-08-28,Canteen,Other,3111.03,2026-08
COST002874,2026-08-28,Canteen,Food,11388.66,2026-08
COST002875,2026-08-28,Academic,Internet,2530.54,2026-08
COST002876,2026-08-28,Academic,Cleaning,3306.69,2026-08
COST002877,2026-08-28,Maintenance,Food,9688.75,2026-08
COST002878,2026-08-28,Maintenance,Electricity,17563.77,2026-08
COST002879,2026-08-28,Transport,Cleaning,3004.3,2026-08
COST002880,2026-08-28,Transport,Other,3102.95,2026-08
COST002881,2026-08-29,Administration,Transport,8255.05,2026-08
COST002882,2026-08-29,Administration,Electricity,11576.06,2026-08
COST002883,2026-08-29,Hostel,Internet,3398.67,2026-08
COST002884,2026-08-29,Hostel,Transport,6459.75,2026-08
COST002885,2026-08-29,Canteen,Water,4390.12,2026-08
COST002886,2026-08-29,Canteen,Other,2709.77,2026-08
COST002887,2026-08-29,Academic,Other,3142.29,2026-08
COST002888,2026-08-29,Academic,Maintenance,8864.4,2026-08
COST002889,2026-08-29,Maintenance,Internet,2771.77,2026-08
COST002890,2026-08-29,Maintenance,Cleaning,4232.18,2026-08
COST002891,2026-08-29,Transport,Food,11694.29,2026-08
COST002892,2026-08-29,Transport,Water,5325.38,2026-08
COST002893,2026-08-30,Administration,Electricity,17839.71,2026-08
COST002894,2026-08-30,Administration,Cleaning,3796.92,2026-08
COST002895,2026-08-30,Hostel,Transport,8655.95,2026-08
COST002896,2026-08-30,Hostel,Other,2713.42,2026-08
COST002897,2026-08-30,Canteen,Cleaning,3589.89,2026-08
COST002898,2026-08-30,Canteen,Other,1986.67,2026-08
COST002899,2026-08-30,Academic,Other,3411.38,2026-08
COST002900,2026-08-30,Academic,Water,6852.11,2026-08
COST002901,2026-08-30,Maintenance,Cleaning,3287.72,2026-08
COST002902,2026-08-30,Maintenance,Internet,2409.12,2026-08
COST002903,2026-08-30,Transport,Electricity,10083.59,2026-08
COST002904,2026-08-30,Transport,Maintenance,5390.46,2026-08
COST002905,2026-08-31,Administration,Electricity,17746.59,2026-08
COST002906,2026-08-31,Administration,Food,14334.45,2026-08
COST002907,2026-08-31,Hostel,Cleaning,3924.3,2026-08
COST002908,2026-08-31,Hostel,Electricity,18367.32,2026-08
COST002909,2026-08-31,Canteen,Internet,3204.99,2026-08
COST002910,2026-08-31,Canteen,Transport,8814.77,2026-08
COST002911,2026-08-31,Academic,Other,2905.05,2026-08
COST002912,2026-08-31,Academic,Food,10331.03,2026-08
COST002913,2026-08-31,Maintenance,Water,4703.16,2026-08
COST002914,2026-08-31,Maintenance,Internet,2769.32,2026-08
COST002915,2026-08-31,Transport,Water,5764.39,2026-08
COST002916,2026-08-31,Transport,Electricity,15006.08,2026-08
